1546504110485	48
1546504110524	48
1546504110533	48
1546504110540	48
1546504110547	48
1546504110554	48
1546504212503	47
1546504212523	47
1546504759128	50
1546504759150	50
1546504759158	50
1546504819349	51
1546504819360	51
1546504819363	51
1546504819366	51
1546504819369	51
1546504819372	51
1546504879238	51
1546504879256	51
1546504879264	51
1546504879271	51
1546504879277	50
1546504879284	50
1546504949173	50
1546504949187	50
1546504949192	50
1546504949197	50
1546504949202	50
1546504949206	49
1546504949211	49
1546505009106	49
1546505009115	48
1546505009118	48
1546505009121	48
1546505009123	48
1546505009125	47
1546505068985	47
1546505068999	47
1546505069005	47
1546505069010	46
1546505069015	46
1546505069020	46
1546505069025	46
1546505138885	45
1546505138895	45
1546505138898	45
1546505138901	45
1546505138904	45
1546505138906	45
1546505198770	45
1546505198780	44
1546505198782	44
1546505198785	44
1546505198787	44
1546505198789	44
1546505268718	44
1546505268737	45
1546505268745	45
1546505268752	45
1546505268759	45
1546505268765	46
1546505268771	46
1546505328614	47
1546505328628	47
1546505328633	47
1546505328638	48
1546505328643	48
1546505328648	48
1546505388646	48
1546505388660	48
1546505388666	48
1546505388671	48
1546505388676	48
1546505388681	48
1546505388686	47
1546505458446	47
1546505458456	47
1546505458459	47
1546505458462	46
1546505458464	46
1546505458467	46
1546505518344	45
1546505518357	45
1546505518363	45
1546505518368	45
1546505518373	45
1546505518378	44
1546505588294	44
1546505588309	44
1546505588315	44
1546505588321	44
1546505588326	44
1546505588331	45
1546505588337	45
1546505648151	45
1546505648160	45
1546505648163	45
1546505648165	45
1546505648168	45
1546505648170	45
1546505708182	45
1546505708195	45
1546505708201	45
1546505708207	45
1546505708212	45
1546505708218	45
1546505708223	45
1546505778174	45
1546505778188	45
1546505778194	45
1546505778200	44
1546505778205	44
1546505778210	44
1546505837920	44
1546505837937	44
1546505837944	44
1546505837950	44
1546505837956	44
1546505837962	44
1546505907861	45
1546505907870	45
1546505907872	45
1546505907875	45
1546505907878	45
1546505907880	45
1546505907882	45
1546505967779	45
1546505967799	45
1546505967807	45
1546505967815	45
1546505967822	45
1546505967830	45
1546506027704	45
1546506027723	45
1546506027731	45
1546506027737	45
1546506027744	45
1546506027750	45
1546506027757	45
1546506097983	45
1546506098005	45
1546506098013	45
1546506098020	46
1546506098027	46
1546506098034	47
1546506157929	47
1546506157950	48
1546506157958	48
1546506157965	49
1546506157972	49
1546506157979	50
1546506227399	50
1546506227418	50
1546506227425	50
1546506227432	51
1546506227439	51
1546506227446	50
1546506227452	50
1546506287749	50
1546506287768	50
1546506287776	50
1546506287783	50
1546506287789	49
1546506287796	49
1546506347258	49
1546506347275	49
1546506347283	49
1546506347291	49
1546506347297	49
1546506347304	49
1546506347311	49
1546506417448	49
1546506417467	49
1546506417476	49
1546506417483	49
1546506417489	50
1546506417496	50
1546506477298	50
1546506477318	50
1546506477326	50
1546506477334	51
1546506477340	51
1546506477347	51
1546506546930	51
1546506546948	51
1546506546955	52
1546506546960	52
1546506546966	52
1546506546971	52
1546506546976	52
1546506606820	51
1546506606840	51
1546506606849	51
1546506606857	51
1546506606864	51
1546506606871	51
1546506666717	51
1546506666731	50
1546506666737	50
1546506666742	50
1546506666747	50
1546506666752	49
1546506666757	49
1546506736730	49
1546506736752	49
1546506736760	49
1546506736767	49
1546506736774	48
1546506736781	48
1546506797007	48
1546506797027	48
1546506797036	48
1546506797043	48
1546506797050	48
1546506797057	48
1546506866669	48
1546506866683	48
1546506866689	47
1546506866694	48
1546506866699	48
1546506866705	48
1546506866710	48
1546506926667	48
1546506926686	49
1546506926695	49
1546506926702	49
1546506926709	49
1546506926715	50
1546506986248	50
1546506986262	50
1546506986264	50
1546506986267	50
1546506986269	51
1546506986271	50
1546506986273	50
1546507056185	50
1546507056194	50
1546507056197	50
1546507056199	50
1546507056201	50
1546507056204	50
1546507116047	49
1546507116061	49
1546507116067	49
1546507116072	49
1546507116077	49
1546507116082	49
1546507186057	49
1546507186080	49
1546507186088	49
1546507186096	49
1546507186103	48
1546507186110	48
1546507186116	48
1546507245903	48
1546507245917	48
1546507245923	49
1546507245928	49
1546507245932	49
1546507245937	49
1546507306325	49
1546507306344	49
1546507306353	49
1546507306361	49
1546507306368	49
1546507306376	49
1546507306383	49
1546507376063	49
1546507376082	49
1546507376090	50
1546507376096	49
1546507376103	49
1546507376110	49
1546507435866	49
1546507435884	49
1546507435892	49
1546507435899	49
1546507435906	49
1546507435912	48
1546507505951	48
1546507505974	48
1546507505982	48
1546507505989	48
1546507505996	48
1546507506003	47
1546507506009	47
1546507565888	47
1546507565909	47
1546507565917	47
1546507565925	47
1546507565931	46
1546507565938	46
1546507625423	46
1546507625441	46
1546507625448	45
1546507625455	45
1546507625462	45
1546507625468	45
1546507625474	45
1546507695249	46
1546507695258	46
1546507695261	47
1546507695264	47
1546507695267	48
1546507695269	48
1546507755212	49
1546507755230	49
1546507755238	50
1546507755245	50
1546507755251	50
1546507755258	51
1546507825062	51
1546507825076	51
1546507825082	51
1546507825087	51
1546507825092	51
1546507825096	51
1546507825101	50
1546507885019	50
1546507885037	50
1546507885045	50
1546507885052	50
1546507885058	50
1546507885065	50
1546507945081	49
1546507945096	49
1546507945103	49
1546507945108	49
1546507945113	49
1546507945118	49
1546507945123	49
1546508014760	49
1546508014775	49
1546508014781	48
1546508014786	48
1546508014791	48
1546508014797	48
1546508074689	48
1546508074703	48
1546508074708	48
1546508074713	49
1546508074718	49
1546508074722	49
1546508144606	49
1546508144626	49
1546508144634	49
1546508144640	49
1546508144647	49
1546508144653	49
1546508144660	49
1546508204613	49
1546508204631	49
1546508204639	49
1546508204646	49
1546508204652	49
1546508204659	49
1546508264538	49
1546508264558	49
1546508264566	49
1546508264573	48
1546508264580	48
1546508264587	48
1546508264593	48
1546508334256	48
1546508334265	48
1546508334269	48
1546508334272	47
1546508334274	47
1546508334277	47
1546508394320	47
1546508394341	47
1546508394348	46
1546508394355	46
1546508394362	46
1546508394369	46
1546508464302	45
1546508464320	45
1546508464328	45
1546508464334	45
1546508464341	44
1546508464347	44
1546508464353	44
1546508524133	44
1546508524151	44
1546508524159	44
1546508524166	44
1546508524172	44
1546508524179	44
1546508584043	44
1546508584062	45
1546508584070	46
1546508584077	46
1546508584094	47
1546508584101	48
1546508584108	49
1546508653904	49
1546508653922	50
1546508653929	50
1546508653936	51
1546508653943	51
1546508653949	51
1546508714144	51
1546508714162	51
1546508714170	51
1546508714177	51
1546508714184	51
1546508714190	50
1546508783695	50
1546508783704	50
1546508783707	50
1546508783710	49
1546508783713	49
1546508783716	49
1546508783718	49
1546508843660	49
1546508843678	49
1546508843686	48
1546508843693	48
1546508843700	48
1546508843706	48
1546508903651	48
1546508903673	48
1546508903680	48
1546508903688	48
1546508903695	47
1546508903703	47
1546508903710	47
1546508973891	47
1546508973913	46
1546508973921	46
1546508973928	46
1546508973935	45
1546508973942	45
1546509033563	45
1546509033584	44
1546509033592	44
1546509033599	44
1546509033606	43
1546509033612	43
1546509103709	43
1546509103730	43
1546509103738	42
1546509103745	42
1546509103751	42
1546509103758	42
1546509103764	42
1546509163189	42
1546509163232	42
1546509163240	42
1546509163247	42
1546509163254	42
1546509163261	42
1546509223119	42
1546509223137	42
1546509223146	42
1546509223153	42
1546509223159	42
1546509223166	41
1546509223172	41
1546509292938	41
1546509292947	41
1546509292951	41
1546509292953	41
1546509292956	41
1546509292959	40
1546509353171	40
1546509353193	40
1546509353201	40
1546509353208	40
1546509353215	40
1546509353221	40
1546509423214	40
1546509423235	40
1546509423243	40
1546509423250	41
1546509423257	41
1546509423263	42
1546509423270	43
1546509483116	44
1546509483134	45
1546509483142	46
1546509483149	47
1546509483155	47
1546509483162	48
1546509542714	49
1546509542732	49
1546509542740	50
1546509542747	50
1546509542754	50
1546509542761	50
1546509542768	50
1546509612950	50
1546509612970	49
1546509612979	49
1546509612986	49
1546509612993	49
1546509612999	48
1546509672814	48
1546509672833	48
1546509672841	48
1546509672848	47
1546509672855	47
1546509672862	47
1546509742357	47
1546509742372	47
1546509742376	47
1546509742380	47
1546509742385	47
1546509742389	47
1546509742393	47
1546509802706	47
1546509802727	46
1546509802735	46
1546509802742	46
1546509802749	46
1546509802755	46
1546509862468	46
1546509862487	45
1546509862495	45
1546509862502	45
1546509862509	45
1546509862515	44
1546509862522	44
1546509932015	44
1546509932025	44
1546509932028	44
1546509932030	44
1546509932033	43
1546509932035	43
1546509991979	43
1546509991988	43
1546509991991	43
1546509991994	43
1546509991997	43
1546509992000	43
1546510062072	43
1546510062092	42
1546510062101	42
1546510062108	42
1546510062115	42
1546510062122	42
1546510062129	42
1546510121789	42
1546510121808	42
1546510121816	42
1546510121823	42
1546510121829	42
1546510121836	42
1546510181664	42
1546510181680	42
1546510181687	42
1546510181693	43
1546510181698	43
1546510181704	44
1546510181710	44
1546510251652	45
1546510251671	46
1546510251679	47
1546510251686	48
1546510251692	49
1546510251698	49
1546510311553	50
1546510311571	51
1546510311579	51
1546510311586	51
1546510311592	51
1546510311599	51
1546510381404	51
1546510381419	51
1546510381426	51
1546510381432	50
1546510381438	50
1546510381444	50
1546510381449	49
1546510441754	49
1546510441776	49
1546510441784	49
1546510441791	49
1546510441798	48
1546510441805	48
1546510501666	48
1546510501687	48
1546510501696	48
1546510501703	48
1546510501710	48
1546510501716	48
1546510501722	48
1546510571342	48
1546510571359	49
1546510571365	49
1546510571371	49
1546510571376	49
1546510571382	49
1546510631546	49
1546510631568	48
1546510631576	48
1546510631583	48
1546510631590	48
1546510631597	48
1546510701259	47
1546510701278	47
1546510701286	47
1546510701292	47
1546510701299	46
1546510701305	46
1546510701311	46
1546510760930	45
1546510760948	45
1546510760956	45
1546510760963	45
1546510760970	44
1546510760976	44
1546510820823	44
1546510820841	44
1546510820849	43
1546510820856	43
1546510820862	43
1546510820869	43
1546510820876	42
1546510890741	42
1546510890762	42
1546510890770	42
1546510890778	42
1546510890786	41
1546510890793	41
1546510951063	41
1546510951084	41
1546510951092	40
1546510951099	40
1546510951106	40
1546510951113	40
1546511020687	40
1546511020710	39
1546511020719	39
1546511020726	39
1546511020733	40
1546511020740	40
1546511020747	40
1546511080434	41
1546511080454	42
1546511080463	43
1546511080470	44
1546511080476	45
1546511080483	47
1546511140358	48
1546511140375	49
1546511140384	50
1546511140390	51
1546511140397	52
1546511140403	53
1546511140410	53
1546511210282	53
1546511210291	53
1546511210294	53
1546511210297	53
1546511210299	52
1546511210302	52
1546511270584	51
1546511270603	51
1546511270611	50
1546511270618	50
1546511270624	50
1546511270631	49
1546511340446	49
1546511340467	49
1546511340475	48
1546511340482	48
1546511340490	48
1546511340497	48
1546511340504	48
1546511400384	48
1546511400406	48
1546511400414	48
1546511400421	48
1546511400428	48
1546511400435	48
1546511460446	48
1546511460465	48
1546511460472	48
1546511460480	48
1546511460486	48
1546511460493	47
1546511460499	47
1546511529742	47
1546511529753	46
1546511529757	46
1546511529760	46
1546511529763	45
1546511529766	45
1546511589653	44
1546511589664	44
1546511589666	44
1546511589669	43
1546511589671	43
1546511589673	43
1546511659593	42
1546511659610	42
1546511659618	42
1546511659626	42
1546511659633	41
1546511659641	41
1546511659648	41
1546511719475	41
1546511719491	41
1546511719498	40
1546511719504	40
1546511719510	40
1546511719515	40
1546511779650	40
1546511779668	40
1546511779676	39
1546511779683	39
1546511779690	39
1546511779697	39
1546511779703	39
1546511849663	39
1546511849680	39
1546511849688	38
1546511849695	38
1546511849701	38
1546511849708	38
1546511909235	38
1546511909254	38
1546511909263	38
1546511909271	39
1546511909278	39
1546511909286	40
1546511979491	40
1546511979509	42
1546511979517	43
1546511979523	44
1546511979530	46
1546511979537	47
1546511979543	49
1546512039203	50
1546512039224	52
1546512039233	53
1546512039240	54
1546512039247	54
1546512039254	55
1546512099338	55
1546512099360	55
1546512099373	54
1546512099385	54
1546512099396	53
1546512099406	53
1546512099417	52
1546512169399	52
1546512169421	51
1546512169429	51
1546512169436	50
1546512169443	50
1546512169450	50
1546512228825	50
1546512228835	49
1546512228838	49
1546512228841	49
1546512228843	49
1546512228846	49
1546512299122	49
1546512299144	48
1546512299153	48
1546512299161	47
1546512299168	47
1546512299176	46
1546512299183	45
1546512358931	45
1546512358949	44
1546512358957	43
1546512358963	42
1546512358970	41
1546512358977	40
1546512418591	39
1546512418605	38
1546512418612	38
1546512418618	37
1546512418623	37
1546512418628	36
1546512418633	36
1546512488756	36
1546512488775	37
1546512488783	37
1546512488789	37
1546512488796	38
1546512488802	38
1546512548454	38
1546512548470	39
1546512548477	39
1546512548483	39
1546512548488	39
1546512548494	39
1546512618568	39
1546512618586	38
1546512618594	38
1546512618600	37
1546512618607	36
1546512618614	35
1546512618620	34
1546512678494	32
1546512678513	31
1546512678522	29
1546512678529	28
1546512678535	27
1546512678542	26
1546512738438	25
1546512738456	25
1546512738464	25
1546512738471	26
1546512738477	26
1546512738484	28
1546512738490	29
1546512808037	31
1546512808056	32
1546512808064	34
1546512808071	36
1546512808077	37
1546512808084	39
1546512868209	40
1546512868230	40
1546512868238	41
1546512868246	41
1546512868253	42
1546512868260	42
1546512938167	42
1546512938186	41
1546512938194	41
1546512938200	40
1546512938207	40
1546512938214	39
1546512938220	39
1546512997687	38
1546512997697	38
1546512997700	37
1546512997717	37
1546512997720	36
1546512997722	36
1546513057636	36
1546513057655	36
1546513057662	36
1546513057669	36
1546513057676	36
1546513057682	35
1546513057689	35
1546513127523	35
1546513127542	35
1546513127551	35
1546513127559	35
1546513127566	35
1546513127574	35
1546513187481	34
1546513187500	34
1546513187509	34
1546513187517	33
1546513187524	33
1546513187532	32
1546513257482	32
1546513257503	31
1546513257511	31
1546513257518	31
1546513257524	30
1546513257531	30
1546513257537	29
1546513317799	29
1546513317820	29
1546513317828	28
1546513317835	28
1546513317842	28
1546513317848	27
1546513377499	27
1546513377517	27
1546513377525	27
1546513377532	27
1546513377538	27
1546513377545	26
1546513377551	26
1546513447128	26
1546513447147	26
1546513447156	26
1546513447162	26
1546513447169	26
1546513447176	27
1546513507065	27
1546513507086	27
1546513507094	27
1546513507101	27
1546513507108	27
1546513507115	27
1546513577353	28
1546513577374	28
1546513577382	29
1546513577390	30
1546513577396	32
1546513577403	34
1546513577409	35
1546513636991	37
1546513637009	39
1546513637017	41
1546513637024	43
1546513637031	44
1546513637037	46
1546513696940	47
1546513696952	47
1546513696956	48
1546513696959	48
1546513696963	48
1546513696966	48
1546513696968	48
1546513766954	47
1546513766972	47
1546513766980	46
1546513766987	46
1546513766993	46
1546513767000	45
1546513826914	45
1546513826935	44
1546513826943	44
1546513826950	43
1546513826957	43
1546513826965	43
1546513896746	42
1546513896764	42
1546513896772	42
1546513896779	42
1546513896785	42
1546513896792	42
1546513896798	42
1546513956786	41
1546513956807	41
1546513956814	41
1546513956821	41
1546513956827	41
1546513956834	41
1546514016273	41
1546514016282	41
1546514016286	40
1546514016289	40
1546514016292	40
1546514016295	39
1546514016297	39
1546514086243	39
1546514086265	38
1546514086274	38
1546514086281	37
1546514086288	37
1546514086295	37
1546514146122	37
1546514146140	36
1546514146148	36
1546514146155	36
1546514146161	36
1546514146168	35
1546514215955	35
1546514215964	35
1546514215968	35
1546514215971	35
1546514215974	35
1546514215976	34
1546514215979	34
1546514275885	34
1546514275899	34
1546514275905	34
1546514275910	33
1546514275914	33
1546514275919	33
1546514335920	33
1546514335938	32
1546514335946	32
1546514335952	32
1546514335959	32
1546514335966	31
1546514335972	31
1546514406179	31
1546514406200	31
1546514406208	30
1546514406215	30
1546514406222	30
1546514406229	30
1546514465974	31
1546514465993	32
1546514466000	33
1546514466008	34
1546514466014	36
1546514466021	37
1546514535949	40
1546514535967	42
1546514535975	44
1546514535981	46
1546514535988	48
1546514535995	49
1546514536001	50
1546514595734	51
1546514595753	52
1546514595761	52
1546514595767	52
1546514595774	52
1546514595781	52
1546514655779	51
1546514655797	51
1546514655805	50
1546514655812	49
1546514655819	48
1546514655825	48
1546514655832	47
1546514725906	46
1546514725927	45
1546514725935	45
1546514725942	44
1546514725949	44
1546514725956	44
1546514785647	43
1546514785669	43
1546514785677	43
1546514785684	42
1546514785691	42
1546514785698	42
1546514855569	42
1546514855587	42
1546514855595	42
1546514855602	41
1546514855608	41
1546514855615	41
1546514855621	41
1546514915384	40
1546514915403	40
1546514915411	39
1546514915418	39
1546514915424	38
1546514915431	38
1546514975490	37
1546514975512	37
1546514975521	36
1546514975531	36
1546514975538	35
1546514975544	35
1546514975550	35
1546515045297	34
1546515045318	34
1546515045326	34
1546515045333	34
1546515045340	34
1546515045347	34
1546515105211	33
1546515105230	33
1546515105237	33
1546515105244	33
1546515105251	33
1546515105258	32
1546515174979	32
1546515174997	32
1546515175005	32
1546515175012	31
1546515175019	31
1546515175026	30
1546515175032	30
1546515234557	29
1546515234566	29
1546515234570	29
1546515234573	28
1546515234576	28
1546515234578	27
1546515294937	27
1546515294958	27
1546515294966	26
1546515294973	26
1546515294979	25
1546515294986	25
1546515294993	25
1546515364481	24
1546515364495	24
1546515364499	25
1546515364502	25
1546515364506	26
1546515364509	27
1546515424458	29
1546515424470	31
1546515424473	33
1546515424476	35
1546515424480	38
1546515424483	40
1546515494569	42
1546515494587	43
1546515494595	44
1546515494602	45
1546515494609	46
1546515494615	46
1546515494621	46
1546515554226	46
1546515554244	45
1546515554252	44
1546515554259	44
1546515554265	43
1546515554272	42
1546515614556	41
1546515614578	40
1546515614588	39
1546515614595	38
1546515614603	37
1546515614610	36
1546515614617	36
1546515684050	35
1546515684081	35
1546515684089	34
1546515684096	34
1546515684103	34
1546515684109	33
1546515743827	33
1546515743835	33
1546515743839	33
1546515743841	33
1546515743844	33
1546515743846	32
1546515813737	32
1546515813745	32
1546515813748	31
1546515813751	31
1546515813754	31
1546515813756	30
1546515813759	30
1546515874148	29
1546515874170	28
1546515874178	28
1546515874185	27
1546515874192	27
1546515874198	26
1546515933839	26
1546515933858	25
1546515933865	25
1546515933873	25
1546515933879	24
1546515933886	24
1546515933892	24
1546516003524	24
1546516003534	23
1546516003538	23
1546516003540	23
1546516003543	23
1546516003546	23
1546516063624	23
1546516063646	23
1546516063655	23
1546516063662	23
1546516063670	23
1546516063677	24
1546516133336	24
1546516133345	24
1546516133349	24
1546516133352	24
1546516133355	24
1546516133357	24
1546516133360	24
1546516193376	24
1546516193395	24
1546516193404	24
1546516193411	24
1546516193419	24
1546516193426	23
1546516253204	23
1546516253222	23
1546516253230	23
1546516253237	23
1546516253243	24
1546516253250	25
1546516253256	27
1546516323194	28
1546516323215	30
1546516323223	32
1546516323231	34
1546516323237	36
1546516323245	38
1546516383496	40
1546516383517	42
1546516383526	43
1546516383533	45
1546516383540	47
1546516383547	48
1546516452861	49
1546516452869	50
1546516452872	51
1546516452874	52
1546516452877	52
1546516452879	53
1546516452881	53
1546516513141	53
1546516513159	54
1546516513167	54
1546516513174	54
1546516513180	54
1546516513187	54
1546516572791	54
1546516572813	54
1546516572822	55
1546516572829	55
1546516572837	55
1546516572844	56
1546516572851	56
1546516642589	56
1546516642603	57
1546516642609	57
1546516642614	57
1546516642619	57
1546516642624	57
1546516702589	56
1546516702608	56
1546516702617	55
1546516702624	55
1546516702632	54
1546516702639	53
1546516772451	51
1546516772469	50
1546516772478	48
1546516772485	47
1546516772491	45
1546516772498	43
1546516772504	42
1546516832765	40
1546516832784	38
1546516832792	36
1546516832800	35
1546516832807	33
1546516832815	32
1546516892281	31
1546516892298	29
1546516892305	29
1546516892311	28
1546516892317	28
1546516892322	27
1546516892328	27
1546516962208	28
1546516962225	28
1546516962233	28
1546516962240	29
1546516962246	30
1546516962253	30
1546517022092	31
1546517022112	32
1546517022121	33
1546517022128	34
1546517022136	34
1546517022143	35
1546517091936	35
1546517091945	36
1546517091949	36
1546517091952	36
1546517091954	37
1546517091957	37
1546517091959	38
1546517152263	39
1546517152280	41
1546517152288	43
1546517152295	45
1546517152302	47
1546517152308	50
1546517211930	52
1546517211948	55
1546517211956	57
1546517211963	59
1546517211969	61
1546517211976	62
1546517211982	63
1546517281824	63
1546517281843	63
1546517281851	63
1546517281858	63
1546517281865	62
1546517281871	61
1546517341780	60
1546517341796	59
1546517341801	59
1546517341806	58
1546517341811	57
1546517341815	56
1546517411655	56
1546517411674	55
1546517411683	55
1546517411690	55
1546517411697	54
1546517411703	54
1546517411709	54
1546517471905	55
1546517471917	55
1546517471921	55
1546517471924	56
1546517471927	56
1546517471930	57
1546517531998	57
1546517532026	57
1546517532037	57
1546517532047	57
1546517532057	57
1546517532066	56
1546517532076	56
1546517601625	55
1546517601643	54
1546517601651	52
1546517601658	51
1546517601664	50
1546517601671	48
1546517661558	46
1546517661576	45
1546517661584	43
1546517661591	42
1546517661597	41
1546517661604	40
1546517731521	39
1546517731538	38
1546517731546	38
1546517731553	38
1546517731560	38
1546517731567	38
1546517731573	38
1546517791518	38
1546517791539	38
1546517791548	39
1546517791555	39
1546517791562	40
1546517791569	40
1546517850981	40
1546517850999	41
1546517851007	41
1546517851013	41
1546517851020	41
1546517851027	41
1546517851033	41
1546517920848	40
1546517920868	40
1546517920876	39
1546517920883	38
1546517920889	37
1546517920896	37
1546517980681	36
1546517980690	36
1546517980693	36
1546517980696	36
1546517980699	37
1546517980701	39
1546518051142	41
1546518051162	44
1546518051171	47
1546518051179	50
1546518051186	53
1546518051194	57
1546518051200	60
1546518110574	63
1546518110588	65
1546518110594	67
1546518110599	69
1546518110603	70
1546518110608	70
1546518170511	71
1546518170530	70
1546518170538	70
1546518170545	69
1546518170551	69
1546518170558	68
1546518170564	67
1546518240687	66
1546518240705	65
1546518240713	63
1546518240720	62
1546518240727	61
1546518240733	60
1546518300434	59
1546518300452	58
1546518300460	57
1546518300467	56
1546518300473	56
1546518300480	55
1546518370465	54
1546518370483	53
1546518370491	52
1546518370497	52
1546518370504	51
1546518370510	51
1546518370517	50
1546518430537	50
1546518430556	49
1546518430563	48
1546518430571	47
1546518430577	47
1546518430584	46
1546518490329	45
1546518490346	45
1546518490354	44
1546518490361	43
1546518490367	43
1546518490374	42
1546518490380	41
1546518560328	41
1546518560349	40
1546518560357	40
1546518560364	39
1546518560371	39
1546518560377	38
1546518619733	38
1546518619742	37
1546518619746	36
1546518619748	36
1546518619751	35
1546518619754	35
1546518689744	34
1546518689763	33
1546518689772	33
1546518689779	32
1546518689785	31
1546518689791	31
1546518689798	30
1546518749679	29
1546518749693	29
1546518749699	29
1546518749704	28
1546518749708	28
1546518749713	28
1546518809656	28
1546518809674	28
1546518809682	28
1546518809689	28
1546518809696	29
1546518809702	29
1546518809708	30
1546518879842	32
1546518879860	33
1546518879868	35
1546518879875	38
1546518879882	41
1546518879889	45
1546518939412	49
1546518939437	54
1546518939448	58
1546518939457	63
1546518939467	67
1546518939476	71
1546519009324	74
1546519009338	76
1546519009343	78
1546519009348	79
1546519009353	79
1546519009358	78
1546519009362	77
1546519069604	75
1546519069625	73
1546519069633	70
1546519069641	68
1546519069648	66
1546519069654	63
1546519129308	61
1546519129327	59
1546519129335	57
1546519129342	56
1546519129348	54
1546519129355	53
1546519129361	52
1546519199151	51
1546519199161	50
1546519199164	49
1546519199167	48
1546519199170	47
1546519199172	46
1546519258975	45
1546519258997	44
1546519259005	44
1546519259012	43
1546519259019	42
1546519259026	41
1546519329235	40
1546519329257	39
1546519329265	39
1546519329272	38
1546519329279	37
1546519329285	36
1546519329292	35
1546519389143	34
1546519389163	34
1546519389171	33
1546519389178	32
1546519389184	31
1546519389191	31
1546519448922	30
1546519448941	29
1546519448949	28
1546519448956	27
1546519448963	27
1546519448969	26
1546519448975	25
1546519518951	25
1546519518973	24
1546519518981	23
1546519518987	22
1546519518994	22
1546519519001	21
1546519578747	21
1546519578766	20
1546519578774	20
1546519578781	19
1546519578787	19
1546519578794	18
1546519648304	18
1546519648313	17
1546519648316	16
1546519648319	16
1546519648322	15
1546519648324	14
1546519648327	13
1546519708610	12
1546519708628	11
1546519708636	11
1546519708643	10
1546519708650	9
1546519708659	9
1546519768407	9
1546519768427	10
1546519768435	11
1546519768442	13
1546519768449	16
1546519768456	18
1546519768463	22
1546519838091	25
1546519838111	28
1546519838115	31
1546519838118	34
1546519838121	37
1546519838123	39
1546519898053	40
1546519898073	41
1546519898081	41
1546519898088	41
1546519898095	40
1546519898101	39
1546519967889	38
1546519967898	37
1546519967901	35
1546519967904	34
1546519967906	32
1546519967908	30
1546519967911	29
1546520027891	27
1546520027912	26
1546520027920	24
1546520027926	23
1546520027933	21
1546520027940	20
1546520087835	18
1546520087855	17
1546520087863	16
1546520087870	14
1546520087877	13
1546520087883	12
1546520087889	11
1546520157763	10
1546520157781	10
1546520157789	9
1546520157796	8
1546520157802	8
1546520157809	7
1546520217656	6
1546520217676	6
1546520217684	6
1546520217691	6
1546520217697	5
1546520217704	6
1546520287526	6
1546520287547	6
1546520287555	7
1546520287562	7
1546520287568	8
1546520287575	9
1546520287581	10
1546520347808	11
1546520347829	12
1546520347838	14
1546520347845	15
1546520347852	17
1546520347859	18
1546520407672	19
1546520407693	20
1546520407701	22
1546520407708	23
1546520407715	24
1546520407721	25
1546520407728	26
1546520477150	27
1546520477168	28
1546520477176	29
1546520477183	30
1546520477190	31
1546520477196	32
1546520537682	33
1546520537704	34
1546520537712	36
1546520537720	37
1546520537727	40
1546520537734	43
1546520607335	46
1546520607354	50
1546520607362	55
1546520607368	60
1546520607375	65
1546520607381	71
1546520607388	76
1546520667208	81
1546520667226	86
1546520667233	90
1546520667240	93
1546520667247	95
1546520667253	95
1546520726825	95
1546520726834	95
1546520726838	94
1546520726841	94
1546520726844	93
1546520726847	92
1546520726849	90
1546520796661	89
1546520796670	87
1546520796673	85
1546520796676	84
1546520796679	82
1546520796681	80
1546520856658	79
1546520856672	78
1546520856678	76
1546520856683	75
1546520856688	74
1546520856693	74
1546520926934	73
1546520926952	72
1546520926960	71
1546520926967	70
1546520926974	69
1546520926981	68
1546520926987	67
1546520986879	65
1546520986900	64
1546520986909	62
1546520986916	60
1546520986923	59
1546520986930	57
1546521046470	55
1546521046491	53
1546521046499	50
1546521046506	48
1546521046512	46
1546521046519	44
1546521046526	42
1546521116544	40
1546521116563	38
1546521116571	37
1546521116578	35
1546521116584	34
1546521116590	33
1546521176239	32
1546521176260	31
1546521176268	30
1546521176275	30
1546521176282	29
1546521176288	29
1546521246500	29
1546521246522	29
1546521246530	29
1546521246538	30
1546521246544	30
1546521246550	31
1546521246557	31
1546521306303	31
1546521306317	32
1546521306323	33
1546521306328	33
1546521306332	33
1546521306337	34
1546521365938	34
1546521365980	35
1546521365986	35
1546521365991	35
1546521365996	35
1546521365999	36
1546521366002	36
1546521436144	36
1546521436163	37
1546521436171	39
1546521436177	41
1546521436184	44
1546521436191	47
1546521495835	51
1546521495853	55
1546521495861	60
1546521495868	65
1546521495875	70
1546521495881	74
1546521565862	79
1546521565881	82
1546521565890	86
1546521565896	89
1546521565903	91
1546521565910	92
1546521565916	93
1546521625549	94
1546521625563	94
1546521625569	94
1546521625574	94
1546521625579	93
1546521625583	93
1546521685428	92
1546521685442	91
1546521685448	90
1546521685453	88
1546521685458	87
1546521685463	85
1546521685467	83
1546521755409	81
1546521755428	79
1546521755436	77
1546521755443	75
1546521755450	73
1546521755456	71
1546521815358	69
1546521815378	67
1546521815386	65
1546521815393	63
1546521815400	61
1546521815406	60
1546521885258	58
1546521885279	56
1546521885288	54
1546521885295	52
1546521885302	51
1546521885309	49
1546521885315	47
1546521945428	45
1546521945447	43
1546521945454	42
1546521945461	40
1546521945467	38
1546521945474	37
1546522004988	36
1546522004997	35
1546522005000	34
1546522005003	33
1546522005006	32
1546522005009	32
1546522005012	32
1546522075326	32
1546522075347	31
1546522075355	31
1546522075362	31
1546522075368	31
1546522075375	31
1546522135288	31
1546522135306	30
1546522135314	30
1546522135321	29
1546522135328	28
1546522135334	27
1546522204783	26
1546522204800	25
1546522204808	25
1546522204815	24
1546522204821	23
1546522204828	23
1546522204834	23
1546522264627	22
1546522264646	22
1546522264654	22
1546522264661	22
1546522264667	22
1546522264674	22
1546522324632	22
1546522324652	22
1546522324660	23
1546522324666	24
1546522324673	27
1546522324680	29
1546522324686	33
1546522394350	37
1546522394359	41
1546522394363	46
1546522394365	51
1546522394368	55
1546522394371	60
1546522454483	64
1546522454498	68
1546522454505	72
1546522454512	75
1546522454517	77
1546522454523	79
1546522524588	80
1546522524607	81
1546522524615	81
1546522524622	81
1546522524629	81
1546522524635	81
1546522524642	81
1546522584455	80
1546522584474	79
1546522584482	78
1546522584488	77
1546522584495	76
1546522584502	75
1546522644150	74
1546522644171	73
1546522644179	72
1546522644186	71
1546522644193	70
1546522644199	69
1546522644206	68
1546522714370	67
1546522714391	66
1546522714400	65
1546522714407	64
1546522714414	63
1546522714421	62
1546522774398	61
1546522774413	60
1546522774419	59
1546522774424	58
1546522774428	56
1546522774433	55
1546522844140	53
1546522844158	52
1546522844166	50
1546522844173	49
1546522844179	48
1546522844186	47
1546522844192	46
1546522904191	45
1546522904212	45
1546522904220	44
1546522904227	44
1546522904233	44
1546522904240	44
1546522964050	44
1546522964072	44
1546522964080	43
1546522964087	43
1546522964093	42
1546522964100	42
1546522964106	41
1546523033515	39
1546523033527	38
1546523033530	37
1546523033533	35
1546523033536	33
1546523033539	31
1546523093772	29
1546523093793	28
1546523093801	26
1546523093809	24
1546523093816	23
1546523093823	21
1546523163329	20
1546523163343	19
1546523163348	18
1546523163354	18
1546523163359	19
1546523163363	21
1546523163367	23
1546523223558	26
1546523223572	29
1546523223578	33
1546523223583	38
1546523223589	43
1546523223594	48
1546523283472	52
1546523283492	56
1546523283500	60
1546523283507	63
1546523283514	65
1546523283520	66
1546523283526	67
1546523353060	67
1546523353073	66
1546523353078	65
1546523353083	64
1546523353088	62
1546523353093	60
1546523413048	59
1546523413063	57
1546523413071	55
1546523413078	54
1546523413084	52
1546523413091	51
1546523482866	50
1546523482882	48
1546523482889	48
1546523482895	47
1546523482902	46
1546523482911	46
1546523482919	45
1546523542799	45
1546523542841	45
1546523542850	45
1546523542857	44
1546523542864	44
1546523542872	43
1546523603057	42
1546523603076	42
1546523603084	40
1546523603090	39
1546523603096	38
1546523603103	37
1546523603110	36
1546523673030	34
1546523673050	33
1546523673058	32
1546523673066	31
1546523673072	30
1546523673079	29
1546523732590	28
1546523732619	28
1546523732627	27
1546523732634	26
1546523732641	26
1546523732648	25
1546523802831	24
1546523802849	24
1546523802857	23
1546523802864	22
1546523802870	22
1546523802877	21
1546523802883	20
1546523862469	19
1546523862489	18
1546523862497	17
1546523862503	17
1546523862510	16
1546523862517	15
1546523922242	14
1546523922253	13
1546523922256	13
1546523922259	12
1546523922262	11
1546523922265	11
1546523922267	10
1546523992501	10
1546523992519	10
1546523992527	10
1546523992534	11
1546523992541	12
1546523992548	15
1546524052123	18
1546524052139	22
1546524052146	26
1546524052152	31
1546524052158	37
1546524052164	42
1546524122428	47
1546524122448	52
1546524122456	56
1546524122463	60
1546524122470	63
1546524122477	65
1546524122483	66
1546524181940	67
1546524181954	67
1546524181960	66
1546524181965	65
1546524181969	64
1546524181974	62
1546524241854	61
1546524241873	59
1546524241880	57
1546524241887	55
1546524241894	53
1546524241900	51
1546524241907	49
1546524311822	47
1546524311842	45
1546524311850	43
1546524311857	42
1546524311864	40
1546524311870	38
1546524371684	37
1546524371699	36
1546524371706	34
1546524371712	33
1546524371717	32
1546524371723	31
1546524441546	30
1546524441555	29
1546524441559	28
1546524441562	28
1546524441564	27
1546524441567	26
1546524441569	25
1546524501524	25
1546524501544	24
1546524501552	23
1546524501558	22
1546524501564	21
1546524501569	20
1546524561429	19
1546524561448	18
1546524561458	17
1546524561466	16
1546524561472	15
1546524561480	13
1546524561487	12
1546524631352	11
1546524631370	10
1546524631378	8
1546524631385	8
1546524631391	7
1546524631398	6
1546524691147	5
1546524691157	5
1546524691160	5
1546524691163	5
1546524691165	5
1546524691168	5
1546524761192	5
1546524761213	5
1546524761221	5
1546524761228	5
1546524761234	5
1546524761241	5
1546524761247	5
1546524821101	5
1546524821111	5
1546524821115	5
1546524821118	5
1546524821121	5
1546524821123	5
1546524880935	5
1546524880949	5
1546524880955	5
1546524880960	5
1546524880965	5
1546524880969	5
1546524880974	5
1546524951029	5
1546524951044	6
1546524951050	7
1546524951056	9
1546524951061	13
1546524951066	16
1546525011153	21
1546525011174	26
1546525011182	32
1546525011189	38
1546525011195	44
1546525011203	49
1546525081101	54
1546525081123	58
1546525081131	61
1546525081138	64
1546525081145	66
1546525081151	67
1546525081158	67
1546525140936	67
1546525140954	66
1546525140962	66
1546525140969	65
1546525140975	64
1546525140982	63
1546525200529	62
1546525200556	61
1546525200564	59
1546525200569	58
1546525200573	57
1546525200578	56
1546525200583	55
1546525270364	53
1546525270377	52
1546525270383	50
1546525270388	49
1546525270393	48
1546525270398	46
1546525330268	45
1546525330278	44
1546525330281	42
1546525330284	41
1546525330287	39
1546525330290	37
1546525400249	35
1546525400268	33
1546525400276	30
1546525400283	28
1546525400289	25
1546525400296	23
1546525400302	20
1546525460683	18
1546525460705	16
1546525460713	14
1546525460720	11
1546525460727	9
1546525460734	7
1546525520328	5
1546525520346	5
1546525520354	5
1546525520361	5
1546525520367	5
1546525520374	5
1546525520380	5
1546525590246	5
1546525590266	5
1546525590274	5
1546525590281	5
1546525590287	5
1546525590294	5
1546525649988	5
1546525650011	5
1546525650019	5
1546525650027	5
1546525650033	5
1546525650041	5
1546525719825	5
1546525719844	5
1546525719853	5
1546525719859	5
1546525719866	5
1546525719872	5
1546525719878	5
1546525779870	5
1546525779880	5
1546525779883	5
1546525779886	5
1546525779889	5
1546525779891	5
1546525839600	5
1546525839617	5
1546525839624	5
1546525839630	5
1546525839636	5
1546525839641	5
1546525839647	5
1546525909523	6
1546525909541	7
1546525909549	9
1546525909555	12
1546525909562	15
1546525909568	18
1546525969836	22
1546525969856	26
1546525969864	30
1546525969872	34
1546525969878	37
1546525969885	40
1546526039383	43
1546526039401	45
1546526039409	47
1546526039415	48
1546526039422	49
1546526039429	49
1546526039435	49
1546526099356	48
1546526099378	48
1546526099388	47
1546526099396	46
1546526099404	45
1546526099412	44
1546526159474	43
1546526159492	42
1546526159500	41
1546526159506	39
1546526159513	38
1546526159519	37
1546526159525	35
1546526229081	34
1546526229099	32
1546526229107	31
1546526229114	30
1546526229120	29
1546526229127	27
1546526288943	26
1546526288952	25
1546526288955	24
1546526288958	23
1546526288960	22
1546526288963	21
1546526358825	21
1546526358834	20
1546526358838	19
1546526358841	19
1546526358843	18
1546526358846	18
1546526358849	18
1546526418862	18
1546526418883	18
1546526418891	18
1546526418898	18
1546526418905	18
1546526418911	18
1546526478667	18
1546526478677	18
1546526478680	18
1546526478683	18
1546526478686	17
1546526478689	17
1546526478691	17
1546526548626	17
1546526548645	16
1546526548652	16
1546526548659	15
1546526548666	15
1546526548672	14
1546526608461	14
1546526608479	13
1546526608488	12
1546526608495	12
1546526608501	11
1546526608508	11
1546526678361	10
1546526678371	9
1546526678374	9
1546526678377	8
1546526678380	8
1546526678382	8
1546526678385	7
1546526738319	7
1546526738337	7
1546526738345	6
1546526738352	6
1546526738359	6
1546526738366	6
1546526798469	6
1546526798478	6
1546526798482	7
1546526798484	9
1546526798487	11
1546526798490	13
1546526798492	16
1546526868245	19
1546526868265	23
1546526868273	26
1546526868280	30
1546526868286	33
1546526868293	36
1546526928144	38
1546526928165	40
1546526928173	41
1546526928180	42
1546526928187	42
1546526928194	42
1546526998414	41
1546526998434	41
1546526998443	40
1546526998450	39
1546526998457	38
1546526998464	36
1546526998470	35
1546527057870	34
1546527057884	33
1546527057889	32
1546527057894	32
1546527057899	31
1546527057904	31
1546527117748	30
1546527117757	30
1546527117761	30
1546527117764	30
1546527117767	30
1546527117770	31
1546527117772	31
1546527188121	31
1546527188142	31
1546527188150	31
1546527188157	31
1546527188164	31
1546527188171	31
1546527247863	31
1546527247882	31
1546527247889	31
1546527247896	30
1546527247902	30
1546527247909	29
1546527317941	28
1546527317960	28
1546527317968	27
1546527317974	26
1546527317981	26
1546527317987	25
1546527317994	25
1546527377376	25
1546527377391	24
1546527377397	24
1546527377402	24
1546527377406	24
1546527377411	24
1546527437348	24
1546527437362	24
1546527437367	24
1546527437372	24
1546527437377	24
1546527437382	24
1546527437386	24
1546527507342	24
1546527507360	24
1546527507368	24
1546527507375	24
1546527507381	24
1546527507388	24
1546527567434	24
1546527567454	24
1546527567463	24
1546527567470	24
1546527567477	24
1546527567485	24
1546527637005	24
1546527637019	25
1546527637025	26
1546527637029	28
1546527637034	30
1546527637039	33
1546527637043	36
1546527697122	40
1546527697131	44
1546527697134	48
1546527697137	52
1546527697140	55
1546527697142	59
1546527757206	62
1546527757222	65
1546527757228	67
1546527757233	68
1546527757238	69
1546527757242	69
1546527757247	69
1546527826733	68
1546527826742	67
1546527826745	66
1546527826748	65
1546527826751	64
1546527826755	63
1546527886938	62
1546527886957	60
1546527886965	59
1546527886972	58
1546527886979	57
1546527886985	56
1546527956897	55
1546527956915	54
1546527956923	54
1546527956930	53
1546527956936	52
1546527956943	52
1546527956949	51
1546528016443	51
1546528016453	51
1546528016456	50
1546528016459	50
1546528016462	50
1546528016465	50
1546528076703	49
1546528076721	49
1546528076729	48
1546528076736	47
1546528076742	47
1546528076748	46
1546528076755	45
1546528146262	44
1546528146272	44
1546528146275	43
1546528146278	42
1546528146281	41
1546528146283	40
1546528206801	39
1546528206822	38
1546528206830	37
1546528206837	37
1546528206844	36
1546528206851	35
1546528276129	35
1546528276147	34
1546528276155	33
1546528276162	33
1546528276168	33
1546528276175	33
1546528276181	33
1546528336063	32
1546528336082	32
1546528336089	32
1546528336096	32
1546528336102	31
1546528336109	31
1546528395933	31
1546528395947	31
1546528395953	30
1546528395959	30
1546528395964	30
1546528395969	29
1546528395974	29
1546528465846	28
1546528465862	28
1546528465869	27
1546528465875	27
1546528465880	26
1546528465890	26
1546528526042	26
1546528526060	26
1546528526068	27
1546528526075	28
1546528526082	30
1546528526088	32
1546528596273	36
1546528596293	40
1546528596301	45
1546528596308	50
1546528596315	55
1546528596322	60
1546528596328	64
1546528656006	68
1546528656026	72
1546528656034	75
1546528656042	77
1546528656049	78
1546528656056	78
1546528715601	78
1546528715620	78
1546528715628	77
1546528715634	75
1546528715641	74
1546528715648	72
1546528715654	71
1546528785456	69
1546528785474	68
1546528785480	66
1546528785486	65
1546528785491	63
1546528785497	62
1546528845411	61
1546528845429	60
1546528845437	59
1546528845444	58
1546528845450	58
1546528845457	57
1546528915622	56
1546528915637	56
1546528915643	55
1546528915648	55
1546528915652	55
1546528915657	54
1546528915661	54
1546528975140	54
1546528975155	53
1546528975161	53
1546528975165	52
1546528975167	52
1546528975170	51
1546529035091	50
1546529035113	50
1546529035122	49
1546529035130	48
1546529035138	47
1546529035145	46
1546529035152	45
1546529105479	44
1546529105500	43
1546529105508	42
1546529105515	41
1546529105522	40
1546529105529	39
1546529165131	38
1546529165150	37
1546529165158	36
1546529165165	36
1546529165172	35
1546529165178	34
1546529235084	34
1546529235101	33
1546529235110	33
1546529235116	32
1546529235123	31
1546529235130	30
1546529235136	30
1546529294715	29
1546529294733	28
1546529294741	27
1546529294749	26
1546529294755	25
1546529294762	24
1546529354637	23
1546529354658	23
1546529354666	22
1546529354673	21
1546529354679	20
1546529354686	19
1546529354692	19
1546529424663	18
1546529424677	17
1546529424683	16
1546529424688	16
1546529424692	15
1546529424698	15
1546529484523	15
1546529484554	17
1546529484567	18
1546529484575	21
1546529484586	24
1546529484598	29
1546529554237	33
1546529554246	38
1546529554250	44
1546529554252	49
1546529554254	54
1546529554257	58
1546529554259	62
1546529614573	65
1546529614594	67
1546529614602	69
1546529614609	69
1546529614616	69
1546529614623	68
1546529674109	67
1546529674131	66
1546529674141	64
1546529674148	62
1546529674154	60
1546529674161	58
1546529674167	56
1546529744394	55
1546529744416	53
1546529744425	52
1546529744433	51
1546529744441	50
1546529744449	49
1546529804120	48
1546529804138	47
1546529804146	46
1546529804153	46
1546529804159	46
1546529804166	45
1546529873807	45
1546529873820	45
1546529873823	44
1546529873826	44
1546529873829	44
1546529873832	43
1546529873834	42
1546529934134	41
1546529934156	40
1546529934166	39
1546529934174	38
1546529934181	36
1546529934189	34
1546529994077	33
1546529994096	31
1546529994103	30
1546529994110	28
1546529994116	27
1546529994123	26
1546529994129	25
1546530063538	24
1546530063548	23
1546530063551	23
1546530063554	22
1546530063557	22
1546530063559	22
1546530123445	22
1546530123462	22
1546530123471	22
1546530123478	22
1546530123484	23
1546530123491	23
1546530193725	24
1546530193743	25
1546530193752	25
1546530193758	26
1546530193765	27
1546530193771	28
1546530193778	30
1546530253594	31
1546530253612	32
1546530253620	33
1546530253626	34
1546530253633	35
1546530253640	36
1546530313133	37
1546530313142	38
1546530313146	39
1546530313149	40
1546530313152	42
1546530313154	43
1546530313157	46
1546530383373	49
1546530383391	52
1546530383399	57
1546530383406	62
1546530383412	68
1546530383419	74
1546530443369	80
1546530443388	86
1546530443396	92
1546530443403	95
1546530443409	95
1546530443416	95
1546530512942	95
1546530512964	95
1546530512968	95
1546530512971	95
1546530512974	94
1546530512977	93
1546530512979	92
1546530573167	90
1546530573186	89
1546530573194	87
1546530573201	86
1546530573207	84
1546530573214	83
1546530633042	82
1546530633061	80
1546530633068	79
1546530633076	79
1546530633082	78
1546530633112	77
1546530633119	76
1546530702661	76
1546530702679	75
1546530702687	74
1546530702694	73
1546530702701	73
1546530702707	72
1546530762550	71
1546530762558	70
1546530762561	69
1546530762563	68
1546530762565	67
1546530762568	65
1546530832602	64
1546530832620	63
1546530832629	61
1546530832636	59
1546530832642	58
1546530832649	56
1546530832655	55
1546530892396	53
1546530892414	52
1546530892422	50
1546530892429	49
1546530892436	47
1546530892442	46
1546530952370	45
1546530952391	44
1546530952400	42
1546530952408	41
1546530952415	40
1546530952422	40
1546530952428	39
1546531022269	38
1546531022287	37
1546531022294	37
1546531022301	36
1546531022307	36
1546531022314	35
1546531082502	35
1546531082524	34
1546531082532	33
1546531082540	33
1546531082547	32
1546531082554	31
1546531152480	31
1546531152501	30
1546531152509	29
1546531152517	28
1546531152523	27
1546531152530	26
1546531152536	25
1546531211943	24
1546531211965	23
1546531211975	22
1546531211982	22
1546531211990	22
1546531211997	23
1546531272269	24
1546531272290	26
1546531272299	29
1546531272306	33
1546531272313	38
1546531272319	42
1546531272326	47
1546531341925	52
1546531341944	57
1546531341952	61
1546531341959	65
1546531341965	67
1546531341972	70
1546531401603	71
1546531401617	71
1546531401622	71
1546531401627	71
1546531401632	70
1546531401637	68
1546531471555	67
1546531471573	65
1546531471582	63
1546531471588	61
1546531471595	59
1546531471602	57
1546531471608	55
1546531531569	54
1546531531590	52
1546531531599	51
1546531531606	49
1546531531613	48
1546531531620	47
1546531591487	46
1546531591502	45
1546531591508	44
1546531591513	44
1546531591518	43
1546531591523	43
1546531591527	42
1546531661256	42
1546531661269	41
1546531661275	41
1546531661280	40
1546531661285	39
1546531661290	39
1546531721153	38
1546531721163	37
1546531721166	36
1546531721169	35
1546531721171	33
1546531721173	32
1546531791130	31
1546531791149	30
1546531791161	29
1546531791171	28
1546531791182	27
1546531791193	25
1546531791203	24
1546531851247	23
1546531851257	22
1546531851260	22
1546531851263	21
1546531851266	20
1546531851268	19
1546531911152	18
1546531911162	17
1546531911165	17
1546531911168	16
1546531911171	15
1546531911173	14
1546531911176	14
1546531981249	13
1546531981272	12
1546531981281	11
1546531981288	10
1546531981295	10
1546531981302	9
1546532040887	8
1546532040905	8
1546532040913	7
1546532040920	6
1546532040927	5
1546532040933	5
1546532110753	5
1546532110772	5
1546532110780	5
1546532110787	5
1546532110793	5
1546532110800	6
1546532110806	7
1546532170678	9
1546532170696	12
1546532170704	15
1546532170711	19
1546532170718	23
1546532170725	28
1546532230538	33
1546532230556	38
1546532230564	43
1546532230571	47
1546532230577	50
1546532230584	53
1546532230590	55
1546532300456	56
1546532300477	57
1546532300485	56
1546532300492	55
1546532300499	54
1546532300506	52
1546532360834	51
1546532360856	49
1546532360864	47
1546532360872	45
1546532360878	43
1546532360885	41
1546532430244	39
1546532430262	38
1546532430270	36
1546532430277	35
1546532430283	34
1546532430290	33
1546532430296	32
1546532490097	31
1546532490111	30
1546532490117	30
1546532490122	29
1546532490126	29
1546532490131	28
1546532550071	28
1546532550080	27
1546532550083	27
1546532550086	26
1546532550088	26
1546532550090	25
1546532550092	24
1546532619937	23
1546532619956	22
1546532619964	22
1546532619971	21
1546532619977	20
1546532619984	18
1546532680276	17
1546532680297	16
1546532680305	15
1546532680312	14
1546532680319	13
1546532680326	12
1546532750345	12
1546532750397	11
1546532750406	10
1546532750413	9
1546532750420	9
1546532750427	9
1546532750434	8
1546532809993	8
1546532810011	8
1546532810019	8
1546532810027	8
1546532810033	8
1546532810040	8
1546532870019	8
1546532870040	8
1546532870049	8
1546532870056	8
1546532870063	8
1546532870069	8
1546532870075	8
1546532939527	8
1546532939544	7
1546532939552	7
1546532939559	7
1546532939565	8
1546532939572	8
1546532999853	9
1546532999874	10
1546532999883	13
1546532999890	16
1546532999897	20
1546532999904	25
1546533069612	30
1546533069630	36
1546533069638	42
1546533069645	48
1546533069651	54
1546533069658	59
1546533069664	64
1546533129530	68
1546533129549	71
1546533129557	73
1546533129564	74
1546533129570	74
1546533129577	74
1546533189192	73
1546533189212	72
1546533189221	71
1546533189228	69
1546533189236	67
1546533189242	65
1546533189249	63
1546533259440	62
1546533259458	60
1546533259466	59
1546533259473	58
1546533259480	57
1546533259486	56
1546533319360	56
1546533319379	55
1546533319387	55
1546533319394	55
1546533319401	55
1546533319408	54
1546533389262	54
1546533389282	54
1546533389291	53
1546533389298	53
1546533389305	52
1546533389312	52
1546533389318	51
1546533449039	50
1546533449058	48
1546533449066	47
1546533449073	46
1546533449079	44
1546533449086	43
1546533509116	41
1546533509137	40
1546533509146	38
1546533509153	36
1546533509159	35
1546533509166	33
1546533509172	32
1546533578655	31
1546533578668	29
1546533578675	28
1546533578681	28
1546533578686	27
1546533578692	26
1546533638549	26
1546533638571	25
1546533638578	25
1546533638586	25
1546533638592	24
1546533638599	24
1546533708497	23
1546533708518	23
1546533708526	23
1546533708533	22
1546533708539	22
1546533708546	21
1546533708552	21
1546533768650	20
1546533768668	20
1546533768676	19
1546533768683	18
1546533768689	18
1546533768696	17
1546533828309	16
1546533828328	15
1546533828336	15
1546533828343	15
1546533828350	16
1546533828356	18
1546533828363	20
1546533898175	23
1546533898193	28
1546533898201	33
1546533898208	39
1546533898215	45
1546533898221	52
1546533958173	58
1546533958191	64
1546533958199	69
1546533958206	73
1546533958212	77
1546533958219	79
1546534027953	81
1546534027962	82
1546534027965	81
1546534027967	81
1546534027970	80
1546534027972	78
1546534027974	76
1546534087922	74
1546534087941	72
1546534087950	71
1546534087957	68
1546534087965	67
1546534087972	65
1546534147766	63
1546534147784	62
1546534147792	60
1546534147799	59
1546534147806	58
1546534147812	57
1546534147818	56
1546534217677	54
1546534217698	54
1546534217707	53
1546534217715	52
1546534217722	51
1546534217729	51
1546534277584	50
1546534277599	49
1546534277604	49
1546534277609	48
1546534277614	47
1546534277619	45
1546534347902	44
1546534347920	42
1546534347928	41
1546534347935	39
1546534347941	38
1546534347948	36
1546534347954	34
1546534407828	33
1546534407849	31
1546534407858	30
1546534407865	29
1546534407872	28
1546534407878	26
1546534467562	25
1546534467581	24
1546534467589	23
1546534467596	22
1546534467602	22
1546534467609	21
1546534467615	20
1546534537797	19
1546534537821	19
1546534537831	18
1546534537840	18
1546534537849	17
1546534537857	16
1546534597262	15
1546534597286	15
1546534597294	14
1546534597301	13
1546534597308	13
1546534597316	12
1546534667136	11
1546534667154	10
1546534667162	9
1546534667169	9
1546534667175	8
1546534667182	7
1546534667188	6
1546534727251	5
1546534727270	5
1546534727278	6
1546534727285	6
1546534727291	6
1546534727298	6
1546534786877	6
1546534786896	6
1546534786904	6
1546534786911	8
1546534786917	10
1546534786924	13
1546534786930	17
1546534856966	22
1546534856980	28
1546534856986	34
1546534856991	41
1546534856995	48
1546534857000	54
1546534917098	60
1546534917120	65
1546534917129	69
1546534917136	72
1546534917143	74
1546534917150	75
1546534986679	75
1546534986698	74
1546534986706	73
1546534986712	71
1546534986719	69
1546534986726	67
1546534986732	65
1546535047157	63
1546535047178	61
1546535047187	60
1546535047194	58
1546535047201	56
1546535047208	55
1546535106687	54
1546535106705	52
1546535106713	52
1546535106720	51
1546535106727	50
1546535106733	50
1546535106740	49
1546535176528	49
1546535176544	48
1546535176551	48
1546535176557	48
1546535176563	47
1546535176569	47
1546535236530	46
1546535236547	46
1546535236555	45
1546535236563	45
1546535236569	44
1546535236576	43
1546535306673	41
1546535306694	40
1546535306703	39
1546535306710	38
1546535306717	36
1546535306724	35
1546535306730	34
1546535366339	33
1546535366358	32
1546535366366	31
1546535366373	30
1546535366379	29
1546535366386	28
1546535426158	27
1546535426177	26
1546535426185	26
1546535426192	25
1546535426199	24
1546535426205	24
1546535426211	23
1546535496283	23
1546535496302	22
1546535496310	21
1546535496317	21
1546535496323	20
1546535496330	19
1546535556053	18
1546535556073	17
1546535556081	16
1546535556088	15
1546535556094	14
1546535556101	13
1546535625711	12
1546535625730	11
1546535625738	10
1546535625746	9
1546535625753	8
1546535625759	8
1546535625766	7
1546535685682	6
1546535685701	5
1546535685709	5
1546535685716	5
1546535685723	5
1546535685730	5
1546535745816	5
1546535745834	6
1546535745842	8
1546535745849	11
1546535745855	15
1546535745862	20
1546535745868	26
1546535815722	32
1546535815740	39
1546535815749	45
1546535815755	51
1546535815762	56
1546535815768	61
1546535875327	64
1546535875340	67
1546535875346	68
1546535875351	68
1546535875356	68
1546535875360	67
1546535945226	65
1546535945244	63
1546535945252	61
1546535945259	58
1546535945266	56
1546535945272	53
1546535945279	51
1546536005304	48
1546536005322	46
1546536005330	44
1546536005337	42
1546536005343	40
1546536005350	38
1546536065020	36
1546536065028	35
1546536065031	34
1546536065033	33
1546536065036	32
1546536065038	31
1546536065040	30
1546536135062	30
1546536135082	29
1546536135090	28
1546536135097	27
1546536135104	27
1546536135110	26
1546536194885	25
1546536194904	24
1546536194912	22
1546536194919	21
1546536194925	20
1546536194932	18
1546536264954	17
1546536264963	15
1546536264966	14
1546536264969	12
1546536264972	11
1546536264974	10
1546536264977	8
1546536325010	7
1546536325029	6
1546536325038	5
1546536325045	5
1546536325052	5
1546536325058	5
1546536385007	5
1546536385026	5
1546536385034	5
1546536385040	5
1546536385047	5
1546536385053	5
1546536385059	5
1546536454825	5
1546536454844	5
1546536454852	5
1546536454859	5
1546536454865	5
1546536454872	5
1546536514488	5
1546536514509	5
1546536514517	5
1546536514525	5
1546536514532	5
1546536514539	5
1546536584405	5
1546536584419	5
1546536584426	5
1546536584431	5
1546536584436	5
1546536584440	5
1546536584445	5
1546536644233	5
1546536644247	5
1546536644253	5
1546536644259	6
1546536644265	8
1546536644271	10
1546536704198	14
1546536704213	18
1546536704219	23
1546536704224	29
1546536704228	35
1546536704233	41
1546536704237	47
1546536774126	53
1546536774144	58
1546536774152	63
1546536774159	66
1546536774165	69
1546536774172	71
1546536834396	72
1546536834415	72
1546536834423	71
1546536834430	70
1546536834437	68
1546536834443	66
1546536903872	64
1546536903881	62
1546536903885	60
1546536903888	58
1546536903891	56
1546536903893	54
1546536903896	53
1546536964082	51
1546536964103	50
1546536964112	50
1546536964120	49
1546536964127	49
1546536964134	49
1546537023786	49
1546537023804	49
1546537023812	49
1546537023819	49
1546537023825	49
1546537023832	49
1546537023838	49
1546537093865	48
1546537093879	48
1546537093885	47
1546537093890	46
1546537093894	45
1546537093899	44
1546537153532	43
1546537153548	42
1546537153555	40
1546537153561	39
1546537153567	38
1546537153573	37
1546537223605	36
1546537223624	35
1546537223632	34
1546537223639	33
1546537223646	32
1546537223652	31
1546537223658	30
1546537283776	30
1546537283798	29
1546537283806	29
1546537283813	28
1546537283819	28
1546537283826	28
1546537343663	28
1546537343684	27
1546537343693	27
1546537343700	27
1546537343708	26
1546537343715	26
1546537343722	25
1546537413697	25
1546537413718	24
1546537413726	23
1546537413733	23
1546537413739	22
1546537413746	21
1546537473510	21
1546537473531	20
1546537473539	19
1546537473546	19
1546537473553	18
1546537473560	18
1546537543293	17
1546537543311	16
1546537543319	16
1546537543326	15
1546537543332	14
1546537543339	13
1546537543345	12
1546537602920	12
1546537602934	12
1546537602941	13
1546537602946	15
1546537602951	18
1546537602956	22
1546537662965	27
1546537662985	33
1546537662993	39
1546537663000	46
1546537663007	53
1546537663014	59
1546537663020	65
1546537733244	71
1546537733263	75
1546537733271	78
1546537733278	81
1546537733285	82
1546537733291	82
1546537792802	82
1546537792811	80
1546537792814	79
1546537792818	76
1546537792820	74
1546537792823	72
1546537862540	69
1546537862558	67
1546537862566	65
1546537862573	63
1546537862580	61
1546537862586	59
1546537862593	57
1546537922463	55
1546537922484	53
1546537922492	51
1546537922499	50
1546537922505	48
1546537922512	47
1546537982482	45
1546537982502	43
1546537982514	42
1546537982524	40
1546537982542	38
1546537982551	36
1546537982572	35
1546538052351	33
1546538052372	31
1546538052380	29
1546538052387	27
1546538052393	25
1546538052400	23
1546538112209	21
1546538112227	19
1546538112235	17
1546538112242	15
1546538112249	13
1546538112255	11
1546538182354	10
1546538182373	8
1546538182381	7
1546538182388	6
1546538182395	5
1546538182401	5
1546538182407	5
1546538241947	5
1546538241962	5
1546538241967	5
1546538241972	5
1546538241977	5
1546538241981	5
1546538301946	5
1546538301965	5
1546538301973	5
1546538301980	5
1546538301987	5
1546538301994	5
1546538302000	5
1546538371903	5
1546538371922	5
1546538371930	5
1546538371937	5
1546538371943	5
1546538371950	5
1546538432047	5
1546538432066	5
1546538432074	5
1546538432081	5
1546538432087	5
1546538432094	5
1546538501800	5
1546538501819	5
1546538501827	5
1546538501834	5
1546538501840	5
1546538501847	5
1546538501853	5
1546538561993	5
1546538562015	5
1546538562023	6
1546538562030	7
1546538562037	9
1546538562044	12
1546538621914	15
1546538621933	20
1546538621941	24
1546538621948	30
1546538621954	35
1546538621961	40
1546538621967	46
1546538691741	50
1546538691761	54
1546538691770	57
1546538691777	60
1546538691784	62
1546538691790	63
1546538751492	63
1546538751519	62
1546538751530	62
1546538751540	61
1546538751551	59
1546538751561	58
1546538821523	57
1546538821541	55
1546538821548	54
1546538821556	53
1546538821562	52
1546538821569	52
1546538821575	51
1546538881109	51
1546538881123	51
1546538881128	51
1546538881133	51
1546538881138	51
1546538881143	52
1546538941234	52
1546538941254	52
1546538941262	53
1546538941269	53
1546538941277	53
1546538941283	53
1546538941290	53
1546539011253	53
1546539011271	53
1546539011279	53
1546539011286	52
1546539011292	51
1546539011299	50
1546539071150	50
1546539071168	49
1546539071176	48
1546539071184	47
1546539071190	46
1546539071196	45
1546539141045	45
1546539141063	44
1546539141071	43
1546539141079	42
1546539141085	42
1546539141091	41
1546539141097	40
1546539200968	40
1546539200986	39
1546539200994	38
1546539201001	37
1546539201007	36
1546539201013	36
1546539260578	35
1546539260588	34
1546539260592	33
1546539260595	32
1546539260597	31
1546539260600	30
1546539260602	29
1546539330431	29
1546539330445	28
1546539330451	27
1546539330456	27
1546539330461	26
1546539330467	25
1546539390340	25
1546539390354	24
1546539390361	23
1546539390366	23
1546539390372	22
1546539390377	21
1546539460295	21
1546539460304	20
1546539460307	20
1546539460309	20
1546539460312	21
1546539460314	23
1546539460316	26
1546539520460	29
1546539520480	33
1546539520488	38
1546539520495	43
1546539520502	48
1546539520508	54
1546539580401	58
1546539580410	63
1546539580414	67
1546539580417	70
1546539580419	72
1546539580422	74
1546539580424	74
1546539650305	75
1546539650324	74
1546539650332	73
1546539650339	72
1546539650345	71
1546539650352	70
1546539710375	68
1546539710395	67
1546539710404	65
1546539710411	64
1546539710418	63
1546539710425	61
1546539780106	60
1546539780128	59
1546539780137	58
1546539780145	58
1546539780153	57
1546539780160	57
1546539780167	56
1546539840180	56
1546539840200	56
1546539840216	56
1546539840223	56
1546539840230	56
1546539840237	56
1546539899789	56
1546539899807	56
1546539899816	56
1546539899823	56
1546539899830	56
1546539899837	55
1546539899843	54
1546539969565	53
1546539969574	52
1546539969578	51
1546539969580	50
1546539969583	49
1546539969586	48
1546540029599	46
1546540029620	45
1546540029628	44
1546540029635	43
1546540029642	42
1546540029649	41
1546540099849	40
1546540099869	39
1546540099876	38
1546540099883	38
1546540099890	38
1546540099897	37
1546540099903	37
1546540159473	37
1546540159492	37
1546540159500	36
1546540159507	36
1546540159513	35
1546540159520	35
1546540219316	34
1546540219335	34
1546540219343	33
1546540219349	32
1546540219355	31
1546540219361	30
1546540219366	29
1546540289469	28
1546540289488	28
1546540289496	27
1546540289503	26
1546540289509	25
1546540289516	24
1546540349346	23
1546540349365	22
1546540349372	21
1546540349379	20
1546540349386	20
1546540349392	20
1546540418922	20
1546540418936	22
1546540418942	24
1546540418947	28
1546540418952	32
1546540418956	37
1546540418961	43
1546540478823	50
1546540478839	56
1546540478846	63
1546540478853	69
1546540478858	75
1546540478864	80
1546540538823	84
1546540538840	87
1546540538848	89
1546540538855	90
1546540538862	91
1546540538868	90
1546540538875	89
1546540609113	88
1546540609133	86
1546540609142	84
1546540609149	82
1546540609155	80
1546540609162	78
1546540668888	76
1546540668906	74
1546540668914	73
1546540668921	71
1546540668928	70
1546540668934	69
1546540738566	68
1546540738584	67
1546540738592	66
1546540738599	65
1546540738605	64
1546540738612	64
1546540738618	63
1546540798655	63
1546540798669	62
1546540798675	62
1546540798680	61
1546540798685	60
1546540798690	60
1546540858797	59
1546540858818	58
1546540858826	57
1546540858833	56
1546540858840	55
1546540858847	54
1546540858853	53
1546540928528	52
1546540928546	50
1546540928554	49
1546540928561	47
1546540928567	46
1546540928574	44
1546540988641	43
1546540988663	42
1546540988671	40
1546540988679	39
1546540988686	38
1546540988693	37
1546541058307	35
1546541058328	34
1546541058336	33
1546541058343	32
1546541058349	32
1546541058356	31
1546541058362	31
1546541118045	30
1546541118066	30
1546541118075	30
1546541118082	29
1546541118089	29
1546541118096	29
1546541178322	29
1546541178344	29
1546541178352	29
1546541178359	29
1546541178366	28
1546541178373	28
1546541178379	28
1546541248165	27
1546541248183	26
1546541248191	26
1546541248198	25
1546541248204	24
1546541248211	23
1546541307747	22
1546541307756	21
1546541307759	20
1546541307763	19
1546541307765	19
1546541307768	19
1546541377678	20
1546541377696	22
1546541377704	25
1546541377711	29
1546541377717	34
1546541377724	40
1546541377730	48
1546541437906	55
1546541437928	62
1546541437936	70
1546541437944	77
1546541437951	83
1546541437958	88
1546541497804	92
1546541497823	95
1546541497830	95
1546541497838	95
1546541497844	94
1546541497851	93
1546541497857	92
1546541567409	90
1546541567424	88
1546541567430	86
1546541567436	84
1546541567441	82
1546541567446	79
1546541627207	77
1546541627221	75
1546541627227	73
1546541627232	71
1546541627237	69
1546541627242	68
1546541697097	66
1546541697105	64
1546541697109	62
1546541697111	61
1546541697113	59
1546541697115	58
1546541697117	57
1546541757105	55
1546541757134	54
1546541757263	53
1546541757274	52
1546541757284	50
1546541757294	49
1546541817405	48
1546541817427	47
1546541817435	45
1546541817442	44
1546541817449	42
1546541817455	41
1546541817462	39
1546541887493	38
1546541887514	36
1546541887522	35
1546541887529	33
1546541887536	32
1546541887542	30
1546541947123	29
1546541947141	27
1546541947149	26
1546541947156	24
1546541947162	23
1546541947169	21
1546542016702	20
1546542016717	19
1546542016722	18
1546542016727	17
1546542016732	15
1546542016736	14
1546542016741	13
1546542076759	12
1546542076781	11
1546542076790	10
1546542076797	9
1546542076804	7
1546542076811	6
1546542136616	5
1546542136634	5
1546542136643	5
1546542136650	5
1546542136656	5
1546542136663	5
1546542136669	5
1546542206893	5
1546542206912	5
1546542206920	5
1546542206927	5
1546542206934	5
1546542206940	5
1546542266850	5
1546542266871	5
1546542266879	5
1546542266886	5
1546542266892	6
1546542266899	7
1546542336566	8
1546542336585	10
1546542336593	13
1546542336600	17
1546542336607	22
1546542336613	27
1546542336619	33
1546542396168	39
1546542396178	46
1546542396182	52
1546542396185	57
1546542396188	63
1546542396191	67
1546542456860	71
1546542456882	73
1546542456891	75
1546542456900	76
1546542456907	76
1546542456915	76
1546542456922	75
1546542525948	74
1546542525958	73
1546542525961	71
1546542525964	70
1546542525967	69
1546542525970	67
1546542585891	67
1546542585905	66
1546542585911	65
1546542585917	65
1546542585922	65
1546542585927	64
1546542656124	64
1546542656143	64
1546542656151	64
1546542656157	65
1546542656164	65
1546542656171	65
1546542656177	65
1546542716003	66
1546542716021	65
1546542716030	65
1546542716037	65
1546542716043	64
1546542716050	63
1546542776003	62
1546542776021	61
1546542776029	60
1546542776036	58
1546542776042	57
1546542776049	55
1546542776055	54
1546542845748	52
1546542845770	51
1546542845778	50
1546542845785	48
1546542845792	47
1546542845799	46
1546542905884	45
1546542905906	44
1546542905913	43
1546542905921	42
1546542905927	42
1546542905934	41
1546542975635	40
1546542975654	39
1546542975663	39
1546542975670	38
1546542975676	38
1546542975683	37
1546542975689	36
1546543035186	36
1546543035195	35
1546543035199	35
1546543035201	34
1546543035204	33
1546543035207	33
1546543095165	32
1546543095183	31
1546543095191	30
1546543095198	30
1546543095204	29
1546543095211	28
1546543095217	27
1546543165406	26
1546543165425	26
1546543165432	25
1546543165439	24
1546543165446	23
1546543165453	22
1546543224914	22
1546543224923	21
1546543224927	21
1546543224929	22
1546543224932	24
1546543224935	26
1546543294939	29
1546543294960	34
1546543294968	39
1546543294975	45
1546543294982	52
1546543294988	58
1546543294994	65
1546543354844	72
1546543354862	78
1546543354883	83
1546543354890	87
1546543354897	90
1546543354903	92
1546543415017	94
1546543415035	94
1546543415043	94
1546543415050	93
1546543415056	92
1546543415063	90
1546543415069	88
1546543484562	87
1546543484572	85
1546543484576	83
1546543484579	81
1546543484581	79
1546543484584	78
1546543544953	76
1546543544974	75
1546543544982	74
1546543544989	72
1546543544996	71
1546543545003	70
1546543614742	69
1546543614760	68
1546543614769	67
1546543614775	66
1546543614782	65
1546543614788	65
1546543614794	64
1546543674773	63
1546543674792	62
1546543674800	61
1546543674807	59
1546543674813	58
1546543674820	57
1546543734302	55
1546543734320	53
1546543734328	51
1546543734335	50
1546543734341	48
1546543734348	46
1546543734354	44
1546543804842	42
1546543804864	41
1546543804871	39
1546543804878	37
1546543804885	36
1546543804892	35
1546543864494	34
1546543864515	32
1546543864523	32
1546543864531	31
1546543864537	30
1546543864544	29
1546543934420	28
1546543934441	27
1546543934449	27
1546543934456	26
1546543934463	25
1546543934470	25
1546543934476	24
1546543994336	23
1546543994357	22
1546543994365	21
1546543994372	20
1546543994379	19
1546543994386	18
1546544053880	18
1546544053899	17
1546544053908	16
1546544053916	15
1546544053923	15
1546544053930	14
1546544053937	14
1546544123839	13
1546544123862	12
1546544123871	12
1546544123878	11
1546544123886	11
1546544123894	10
1546544183749	9
1546544183767	8
1546544183774	8
1546544183781	7
1546544183787	6
1546544183794	7
1546544253959	7
1546544253976	9
1546544253985	11
1546544253992	15
1546544253998	20
1546544254005	26
1546544254011	33
1546544313531	40
1546544313550	47
1546544313559	54
1546544313567	61
1546544313574	67
1546544313581	72
1546544373473	76
1546544373492	79
1546544373500	81
1546544373507	81
1546544373514	81
1546544373521	80
1546544373527	78
1546544443473	76
1546544443493	74
1546544443501	71
1546544443508	69
1546544443514	66
1546544443521	64
1546544503508	62
1546544503524	60
1546544503529	58
1546544503534	56
1546544503539	55
1546544503544	53
1546544573248	52
1546544573270	51
1546544573278	50
1546544573283	50
1546544573288	49
1546544573293	48
1546544573296	48
1546544633303	47
1546544633321	46
1546544633330	45
1546544633337	44
1546544633343	43
1546544633350	42
1546544692986	41
1546544693006	39
1546544693013	37
1546544693020	36
1546544693027	34
1546544693033	32
1546544693040	31
1546544762808	29
1546544762818	27
1546544762821	25
1546544762824	24
1546544762827	22
1546544762830	21
1546544822782	19
1546544822805	17
1546544822812	16
1546544822817	14
1546544822823	13
1546544822828	12
1546544893078	10
1546544893099	9
1546544893108	8
1546544893115	7
1546544893123	6
1546544893130	5
1546544893136	5
1546544952996	6
1546544953017	6
1546544953025	6
1546544953032	6
1546544953039	6
1546544953046	5
1546545012558	5
1546545012568	5
1546545012571	5
1546545012574	5
1546545012577	5
1546545012580	5
1546545012582	5
1546545082643	5
1546545082661	5
1546545082669	5
1546545082675	5
1546545082682	5
1546545082688	5
1546545142735	5
1546545142754	5
1546545142762	5
1546545142769	5
1546545142776	5
1546545142782	5
1546545212231	5
1546545212249	5
1546545212256	5
1546545212263	6
1546545212270	8
1546545212276	10
1546545212282	13
1546545272039	16
1546545272061	21
1546545272071	25
1546545272079	31
1546545272087	36
1546545272095	41
1546545331973	46
1546545331983	50
1546545332000	54
1546545332003	57
1546545332006	59
1546545332009	61
1546545332011	61
1546545401864	61
1546545401873	61
1546545401877	60
1546545401880	59
1546545401882	57
1546545401885	56
1546545462163	55
1546545462182	53
1546545462190	52
1546545462197	51
1546545462203	51
1546545462210	50
1546545531794	50
1546545531813	49
1546545531821	49
1546545531827	49
1546545531834	50
1546545531841	50
1546545531847	50
1546545591976	51
1546545591995	51
1546545592003	51
1546545592010	52
1546545592017	52
1546545592023	52
1546545651584	52
1546545651601	52
1546545651609	52
1546545651616	51
1546545651623	51
1546545651629	50
1546545651635	50
1546545721416	49
1546545721434	48
1546545721441	47
1546545721447	47
1546545721452	46
1546545721458	45
1546545781276	44
1546545781285	44
1546545781289	43
1546545781292	43
1546545781294	42
1546545781297	42
1546545851243	42
1546545851261	42
1546545851269	41
1546545851276	41
1546545851283	41
1546545851290	41
1546545851296	41
1546545911441	41
1546545911459	41
1546545911467	40
1546545911474	40
1546545911480	40
1546545911487	39
1546545971061	39
1546545971074	39
1546545971080	38
1546545971084	38
1546545971089	37
1546545971094	36
1546545971098	36
1546546040960	35
1546546040973	35
1546546040979	34
1546546040984	34
1546546040989	33
1546546040994	33
1546546101039	32
1546546101054	31
1546546101061	31
1546546101067	31
1546546101073	31
1546546101078	32
1546546170716	33
1546546170724	35
1546546170727	39
1546546170730	43
1546546170733	48
1546546170735	53
1546546170738	59
1546546231014	65
1546546231032	71
1546546231040	76
1546546231047	81
1546546231054	85
1546546231061	89
1546546290927	91
1546546290949	93
1546546290958	93
1546546290966	93
1546546290973	93
1546546290980	92
1546546290987	90
1546546360947	89
1546546360966	87
1546546360974	85
1546546360981	84
1546546360987	82
1546546360994	80
1546546420382	79
1546546420392	77
1546546420395	75
1546546420398	74
1546546420401	72
1546546420404	71
1546546490286	70
1546546490295	68
1546546490298	67
1546546490300	66
1546546490303	65
1546546490305	63
1546546490307	62
1546546550356	61
1546546550370	60
1546546550376	60
1546546550381	59
1546546550386	58
1546546550391	57
1546546610156	56
1546546610170	55
1546546610176	54
1546546610181	53
1546546610185	52
1546546610190	51
1546546610195	49
1546546679998	48
1546546680008	46
1546546680012	44
1546546680014	43
1546546680017	41
1546546680020	39
1546546740008	38
1546546740026	36
1546546740034	34
1546546740041	32
1546546740047	30
1546546740054	28
1546546809936	26
1546546809957	24
1546546809965	23
1546546809973	22
1546546809979	20
1546546809986	19
1546546809992	17
1546546870043	16
1546546870062	15
1546546870071	14
1546546870078	12
1546546870085	11
1546546870093	10
1546546930311	9
1546546930332	7
1546546930341	6
1546546930348	5
1546546930355	5
1546546930361	5
1546546930368	5
1546546999653	5
1546546999672	5
1546546999680	5
1546546999687	5
1546546999693	5
1546546999700	5
1546547059417	5
1546547059427	5
1546547059430	6
1546547059433	8
1546547059436	11
1546547059439	14
1546547129435	18
1546547129453	23
1546547129461	29
1546547129468	36
1546547129474	43
1546547129481	50
1546547129487	56
1546547189415	63
1546547189433	68
1546547189441	73
1546547189448	77
1546547189455	80
1546547189461	82
1546547249636	83
1546547249656	83
1546547249665	83
1546547249672	82
1546547249678	80
1546547249685	79
1546547249692	77
1546547319213	74
1546547319222	72
1546547319226	70
1546547319229	68
1546547319231	67
1546547319234	65
1546547378958	63
1546547378967	62
1546547378971	61
1546547378974	60
1546547378977	59
1546547378979	58
1546547448979	57
1546547448997	56
1546547449006	55
1546547449012	55
1546547449019	54
1546547449025	53
1546547449031	52
1546547509231	51
1546547509250	50
1546547509258	49
1546547509265	48
1546547509271	46
1546547509278	45
1546547568792	43
1546547568802	41
1546547568805	39
1546547568808	37
1546547568811	35
1546547568814	33
1546547568816	31
1546547638650	29
1546547638670	26
1546547638678	24
1546547638685	21
1546547638692	18
1546547638698	15
1546547698613	13
1546547698623	10
1546547698626	7
1546547698629	5
1546547698632	5
1546547698635	5
1546547768413	5
1546547768458	5
1546547768464	5
1546547768468	5
1546547768472	5
1546547768475	5
1546547768478	5
1546547828422	5
1546547828440	5
1546547828448	5
1546547828455	5
1546547828461	5
1546547828468	5
1546547888624	5
1546547888643	5
1546547888651	5
1546547888658	5
1546547888665	5
1546547888671	5
1546547888677	5
1546547958212	5
1546547958231	5
1546547958240	5
1546547958247	5
1546547958253	5
1546547958260	5
1546548018074	6
1546548018083	8
1546548018086	10
1546548018089	13
1546548018091	16
1546548018094	19
1546548088428	23
1546548088447	26
1546548088455	30
1546548088461	33
1546548088468	36
1546548088474	39
1546548088481	41
1546548148015	42
1546548148033	43
1546548148041	43
1546548148047	43
1546548148054	43
1546548148061	42
1546548207770	41
1546548207780	39
1546548207783	38
1546548207786	36
1546548207788	35
1546548207790	33
1546548207792	32
1546548278181	31
1546548278202	30
1546548278210	29
1546548278217	28
1546548278224	28
1546548278230	27
1546548337971	27
1546548337990	27
1546548337998	27
1546548338005	27
1546548338012	28
1546548338019	28
1546548407699	28
1546548407721	28
1546548407729	28
1546548407736	28
1546548407742	28
1546548407749	28
1546548407755	28
1546548467562	27
1546548467582	27
1546548467590	27
1546548467598	27
1546548467605	26
1546548467612	26
1546548527845	26
1546548527867	26
1546548527874	26
1546548527881	26
1546548527888	27
1546548527895	27
1546548527901	27
1546548597919	28
1546548597937	28
1546548597945	28
1546548597952	29
1546548597958	29
1546548597965	30
1546548657314	30
1546548657335	31
1546548657342	32
1546548657350	32
1546548657357	33
1546548657364	34
1546548727417	34
1546548727436	35
1546548727444	36
1546548727451	37
1546548727458	38
1546548727464	40
1546548727470	41
1546548787068	42
1546548787083	44
1546548787090	46
1546548787096	49
1546548787101	52
1546548787107	55
1546548847234	59
1546548847245	64
1546548847249	69
1546548847253	74
1546548847256	79
1546548847259	84
1546548847262	89
1546548917147	93
1546548917165	95
1546548917173	95
1546548917179	95
1546548917186	95
1546548917193	95
1546548976828	95
1546548976850	94
1546548976858	94
1546548976866	94
1546548976873	93
1546548976879	92
1546549046722	91
1546549046744	89
1546549046752	86
1546549046759	83
1546549046766	78
1546549046773	73
1546549046780	68
1546549106978	62
1546549106999	57
1546549107008	52
1546549107015	47
1546549107022	44
1546549107029	42
1546549166444	42
1546549166452	43
1546549166455	47
1546549166458	51
1546549166460	57
1546549166462	65
1546549166464	73
1546549236459	83
1546549236476	94
1546549236483	95
1546549236489	95
1546549236495	95
1546549236501	95
1546549296327	95
1546549296343	95
1546549296350	95
1546549296356	95
1546549296362	95
1546549296368	95
1546549366495	95
1546549366513	95
1546549366521	95
1546549366528	95
1546549366535	95
1546549366541	95
1546549366547	95
1546549426363	95
1546549426373	95
1546549426376	95
1546549426379	95
1546549426382	95
1546549426384	95
1546549485995	95
1546549486005	95
1546549486008	95
1546549486011	95
1546549486014	95
1546549486017	94
1546549486019	94
1546549555938	94
1546549555955	94
1546549555963	93
1546549555970	92
1546549555976	90
1546549555983	89
1546549615867	88
1546549615885	88
1546549615893	88
1546549615900	89
1546549615907	91
1546549615913	94
1546549685776	95
1546549685795	95
1546549685803	95
1546549685810	95
1546549685817	95
1546549685824	95
1546549685830	95
1546549746358	95
1546549746377	95
1546549746384	95
1546549746392	95
1546549746398	95
1546549746404	95
1546549806450	95
1546549806468	95
1546549806476	95
1546549806483	95
1546549806489	96
1546549806496	97
1546549806502	98
1546549875921	99
1546549875942	99
1546549875951	99
1546549875958	98
1546549875965	97
1546549875973	96
1546549935789	94
1546549935810	93
1546549935818	90
1546549935825	88
1546549935832	85
1546549935839	83
1546550005223	80
1546550005233	76
1546550005236	73
1546550005239	70
1546550005242	66
1546550005245	63
1546550005247	60
1546550065518	57
1546550065536	54
1546550065544	51
1546550065551	49
1546550065557	47
1546550065564	46
1546550125175	45
1546550125187	44
1546550125190	43
1546550125194	43
1546550125197	43
1546550125199	43
1546550125202	43
1546550195373	43
1546550195395	44
1546550195403	44
1546550195411	45
1546550195417	45
1546550195424	45
1546550255250	46
1546550255269	46
1546550255278	47
1546550255286	47
1546550255321	47
1546550255328	47
1546550324969	47
1546550324991	47
1546550325000	47
1546550325008	46
1546550325015	46
1546550325023	46
1546550325030	45
1546550384752	45
1546550384771	45
1546550384778	44
1546550384785	44
1546550384792	43
1546550384799	43
1546550444960	43
1546550444979	42
1546550444987	42
1546550444994	42
1546550445000	42
1546550445007	41
1546550445013	41
1546550514913	41
1546550514934	41
1546550514942	41
1546550514949	41
1546550514956	40
1546550514963	40
1546550574834	40
1546550574855	40
1546550574863	40
1546550574871	39
1546550574877	39
1546550574884	39
1546550644301	38
1546550644323	38
1546550644327	37
1546550644330	37
1546550644334	36
1546550644336	35
1546550644339	35
1546550704693	34
1546550704716	34
1546550704724	34
1546550704731	33
1546550704738	33
1546550704745	33
1546550764547	33
1546550764567	33
1546550764576	33
1546550764583	33
1546550764590	33
1546550764597	33
1546550764603	33
1546550834479	33
1546550834501	33
1546550834510	33
1546550834517	34
1546550834524	34
1546550834532	34
1546550893999	34
1546550894017	34
1546550894025	34
1546550894033	35
1546550894039	35
1546550894046	35
1546550964241	35
1546550964260	35
1546550964268	35
1546550964274	35
1546550964281	36
1546550964287	36
1546550964293	36
1546551024071	36
1546551024089	36
1546551024097	36
1546551024104	37
1546551024110	37
1546551024117	37
1546551083918	37
1546551083937	37
1546551083944	37
1546551083951	38
1546551083957	38
1546551083964	38
1546551083970	38
1546551153676	38
1546551153697	38
1546551153706	38
1546551153713	39
1546551153720	39
1546551153727	39
1546551213543	39
1546551213561	39
1546551213569	39
1546551213576	39
1546551213582	39
1546551213589	39
1546551283757	39
1546551283778	40
1546551283786	40
1546551283793	40
1546551283800	40
1546551283807	40
1546551283813	40
1546551343266	40
1546551343280	40
1546551343286	40
1546551343291	40
1546551343295	40
1546551343300	40
1546551403183	41
1546551403192	41
1546551403196	41
1546551403199	41
1546551403201	41
1546551403204	41
1546551403206	41
1546551473495	41
1546551473513	41
1546551473521	41
1546551473528	41
1546551473534	42
1546551473540	42
1546551533403	42
1546551533424	42
1546551533432	42
1546551533439	43
1546551533446	43
1546551533452	43
1546551602868	43
1546551602882	44
1546551602887	44
1546551602892	44
1546551602897	44
1546551602902	44
1546551602906	44
1546551662779	45
1546551662793	45
1546551662799	45
1546551662805	45
1546551662810	45
1546551662815	45
1546551722678	45
1546551722686	45
1546551722689	45
1546551722691	45
1546551722693	45
1546551722696	45
1546551722698	45
1546551792677	45
1546551792695	45
1546551792703	45
1546551792710	45
1546551792717	45
1546551792723	45
1546551853090	45
1546551853113	45
1546551853121	45
1546551853129	45
1546551853135	45
1546551853142	45
1546551922965	45
1546551922986	45
1546551922995	45
1546551923002	45
1546551923008	45
1546551923015	46
1546551923021	46
1546551982651	46
1546551982669	46
1546551982676	46
1546551982683	46
1546551982690	46
1546551982696	46
1546552042259	46
1546552042273	46
1546552042279	46
1546552042284	46
1546552042289	46
1546552042294	46
1546552042299	46
1546552112588	46
1546552112610	46
1546552112618	46
1546552112625	46
1546552112631	47
1546552112638	47
1546552172142	47
1546552172154	47
1546552172158	47
1546552172161	47
1546552172164	47
1546552172167	47
1546552242078	47
1546552242096	47
1546552242104	47
1546552242111	47
1546552242117	47
1546552242124	46
1546552242147	46
1546552302213	46
1546552302233	46
1546552302240	46
1546552302248	46
1546552302254	46
1546552302261	46
1546552361849	46
1546552361868	46
1546552361875	46
1546552361882	46
1546552361889	46
1546552361895	46
1546552361901	46
1546552432012	46
1546552432030	46
1546552432038	47
1546552432045	47
1546552432051	47
1546552432058	47
1546552491623	48
1546552491642	48
1546552491647	48
1546552491652	48
1546552491655	48
1546552491658	48
1546552561804	49
1546552561818	49
1546552561825	49
1546552561830	49
1546552561835	49
1546552561840	49
1546552561845	48
1546552621692	48
1546552621710	48
1546552621718	48
1546552621725	48
1546552621731	48
1546552621738	48
1546552681349	48
1546552681369	47
1546552681378	47
1546552681385	47
1546552681392	47
1546552681400	47
1546552681407	47
1546552751210	47
1546552751228	47
1546552751236	47
1546552751242	47
1546552751249	47
1546552751255	47
1546552811263	47
1546552811281	47
1546552811289	47
1546552811296	47
1546552811303	47
1546552811309	47
1546552881001	47
1546552881018	47
1546552881026	47
1546552881033	47
1546552881039	47
1546552881045	47
1546552881051	47
1546552940946	47
1546552940964	47
1546552940972	47
1546552940979	47
1546552940985	47
1546552940992	47
1546553001150	47
1546553001168	47
1546553001176	47
1546553001183	47
1546553001189	47
1546553001196	47
1546553001202	47
1546553070820	47
1546553070838	47
1546553070845	47
1546553070851	47
1546553070856	47
1546553070861	47
1546553130675	47
1546553130693	47
1546553130701	47
1546553130708	47
1546553130714	47
1546553130721	47
1546553200673	47
1546553200695	47
1546553200703	47
1546553200710	47
1546553200718	47
1546553200725	47
1546553200732	47
1546553260499	47
1546553260519	47
1546553260528	48
1546553260535	48
1546553260543	48
1546553260551	48
1546553320368	48
1546553320379	49
1546553320382	49
1546553320385	49
1546553320388	49
1546553320391	49
1546553320393	49
1546553390422	49
1546553390440	50
1546553390448	49
1546553390455	49
1546553390461	49
1546553390468	49
1546553450494	49
1546553450512	49
1546553450520	49
1546553450527	49
1546553450534	49
1546553450541	49
1546553520020	49
1546553520029	49
1546553520032	49
1546553520034	49
1546553520037	49
1546553520039	49
1546553520041	49
1546553580061	49
1546553580078	49
1546553580086	48
1546553580093	48
1546553580100	48
1546553580106	48
1546553640428	48
1546553640449	48
1546553640457	48
1546553640464	48
1546553640471	48
1546553640478	48
1546553640484	48
1546553709781	48
1546553709791	48
1546553709795	48
1546553709798	48
1546553709800	48
1546553709803	48
1546553769926	48
1546553769944	48
1546553769952	48
1546553769959	48
1546553769966	48
1546553769972	48
1546553840053	48
1546553840074	48
1546553840082	48
1546553840090	48
1546553840096	48
1546553840103	48
1546553840109	48
1546553899598	47
1546553899616	47
1546553899624	47
1546553899631	47
1546553899637	47
1546553899643	47
1546553959481	47
1546553959497	47
1546553959504	47
1546553959511	47
1546553959516	47
1546553959523	47
1546553959528	47
1546554029292	47
1546554029300	47
1546554029303	47
1546554029305	47
1546554029308	47
1546554029310	47
1546554089702	47
1546554089723	47
1546554089731	47
1546554089739	47
1546554089746	47
1546554089753	47
1546554159747	47
1546554159769	47
1546554159778	47
1546554159784	47
1546554159792	48
1546554159799	48
1546554159805	48
1546554219527	48
1546554219548	48
1546554219557	49
1546554219564	49
1546554219571	49
1546554219577	49
1546554279058	49
1546554279076	49
1546554279083	49
1546554279090	49
1546554279096	49
1546554279103	48
1546554279109	48
1546554349309	48
1546554349327	48
1546554349335	48
1546554349342	48
1546554349348	48
1546554349355	48
1546554409175	48
1546554409197	48
1546554409205	48
1546554409213	48
1546554409219	48
1546554409227	48
1546554479190	48
1546554479208	47
1546554479216	47
1546554479223	47
1546554479230	47
1546554479236	47
1546554479242	47
1546554538997	47
1546554539015	47
1546554539023	47
1546554539030	47
1546554539036	47
1546554539043	47
1546554598758	47
1546554598768	47
1546554598771	47
1546554598774	47
1546554598777	47
1546554598780	47
1546554598782	47
1546554668738	47
1546554668757	47
1546554668766	47
1546554668773	47
1546554668781	47
1546554668789	47
1546554728668	46
1546554728687	46
1546554728695	46
1546554728703	46
1546554728709	46
1546554728716	46
1546554798241	46
1546554798250	46
1546554798253	46
1546554798256	46
1546554798259	46
1546554798262	46
1546554798264	46
1546554858530	46
1546554858548	46
1546554858556	46
1546554858563	46
1546554858570	45
1546554858576	45
1546554918398	45
1546554918416	45
1546554918424	45
1546554918431	45
1546554918437	45
1546554918444	45
1546554918450	45
1546554988246	46
1546554988266	46
1546554988275	46
1546554988282	46
1546554988290	47
1546554988297	47
1546555047824	47
1546555047834	47
1546555047837	48
1546555047841	48
1546555047843	48
1546555047846	48
1546555117906	48
1546555117925	48
1546555117933	48
1546555117940	48
1546555117947	48
1546555117953	48
1546555117959	48
1546555178000	48
1546555178018	47
1546555178026	47
1546555178033	47
1546555178040	47
1546555178047	47
1546555237586	47
1546555237601	47
1546555237606	47
1546555237611	46
1546555237616	46
1546555237620	46
1546555237625	46
1546555307926	46
1546555307947	46
1546555307955	46
1546555307962	46
1546555307968	46
1546555307974	47
1546555367679	47
1546555367697	47
1546555367705	47
1546555367713	47
1546555367719	47
1546555367726	46
1546555437307	46
1546555437321	46
1546555437327	46
1546555437332	46
1546555437336	46
1546555437341	46
1546555437345	46
1546555497448	46
1546555497458	46
1546555497462	46
1546555497465	46
1546555497467	46
1546555497470	46
1546555557270	46
1546555557287	46
1546555557295	46
1546555557302	46
1546555557308	46
1546555557315	46
1546555557342	46
1546555627470	46
1546555627492	46
1546555627500	46
1546555627507	46
1546555627514	46
1546555627520	46
1546555686998	46
1546555687018	46
1546555687027	46
1546555687035	46
1546555687042	46
1546555687049	47
1546555757318	47
1546555757338	47
1546555757347	47
1546555757354	48
1546555757361	48
1546555757367	48
1546555757373	49
1546555816729	49
1546555816738	49
1546555816741	50
1546555816744	50
1546555816747	50
1546555816749	50
1546555877092	50
1546555877113	50
1546555877121	50
1546555877129	50
1546555877136	50
1546555877142	50
1546555877149	50
1546555946607	50
1546555946627	50
1546555946636	50
1546555946643	49
1546555946651	49
1546555946659	49
1546556006538	49
1546556006556	49
1546556006564	49
1546556006571	49
1546556006577	49
1546556006584	49
1546556076697	49
1546556076715	49
1546556076723	49
1546556076730	49
1546556076736	49
1546556076743	48
1546556076749	48
1546556136587	48
1546556136596	48
1546556136600	48
1546556136603	48
1546556136606	48
1546556136608	48
1546556196534	48
1546556196553	48
1546556196560	47
1546556196567	47
1546556196573	47
1546556196580	47
1546556196586	47
1546556266429	47
1546556266448	47
1546556266456	47
1546556266463	47
1546556266469	47
1546556266476	47
1546556326109	47
1546556326130	47
1546556326138	47
1546556326145	47
1546556326152	47
1546556326158	47
1546556396069	47
1546556396090	47
1546556396099	47
1546556396106	47
1546556396113	47
1546556396121	47
1546556396128	47
1546556456144	47
1546556456171	47
1546556456185	47
1546556456195	48
1546556456203	48
1546556456211	48
1546556516201	48
1546556516223	49
1546556516231	49
1546556516238	49
1546556516245	50
1546556516251	50
1546556516257	50
1546556585693	50
1546556585706	50
1546556585710	51
1546556585713	51
1546556585715	51
1546556585719	51
1546556645541	50
1546556645557	50
1546556645564	50
1546556645569	50
1546556645574	50
1546556645579	50
1546556715403	50
1546556715412	50
1546556715414	50
1546556715417	50
1546556715419	50
1546556715429	49
1546556715431	49
1546556775324	49
1546556775333	49
1546556775336	49
1546556775338	49
1546556775341	49
1546556775343	49
1546556835599	49
1546556835618	49
1546556835625	49
1546556835632	49
1546556835639	49
1546556835646	48
1546556835652	48
1546556905243	48
1546556905261	48
1546556905269	48
1546556905275	48
1546556905282	48
1546556905288	48
1546556965322	48
1546556965342	48
1546556965350	47
1546556965358	47
1546556965365	47
1546556965372	47
1546557035056	47
1546557035076	47
1546557035085	47
1546557035092	47
1546557035099	47
1546557035105	47
1546557035112	47
1546557094925	47
1546557094943	47
1546557094950	47
1546557094956	47
1546557094961	47
1546557094967	47
1546557154848	47
1546557154857	47
1546557154860	47
1546557154863	47
1546557154866	47
1546557154869	47
1546557154871	47
1546557224736	47
1546557224750	46
1546557224756	46
1546557224760	46
1546557224765	46
1546557224770	46
1546557284709	46
1546557284725	47
1546557284732	47
1546557284738	47
1546557284744	47
1546557284750	48
1546557354954	48
1546557354974	48
1546557354982	49
1546557354989	49
1546557354996	50
1546557355003	50
1546557355009	50
1546557414781	51
1546557414798	51
1546557414806	51
1546557414813	51
1546557414820	51
1546557414827	51
1546557474657	51
1546557474675	51
1546557474683	51
1546557474690	50
1546557474697	50
1546557474703	50
1546557474710	50
1546557544696	49
1546557544725	49
1546557544733	49
1546557544740	49
1546557544747	49
1546557544753	49
1546557604470	49
1546557604489	49
1546557604497	49
1546557604504	49
1546557604510	49
1546557604517	49
1546557674542	49
1546557674562	49
1546557674571	49
1546557674578	49
1546557674585	48
1546557674591	48
1546557674597	48
1546557734226	48
1546557734240	48
1546557734246	48
1546557734251	48
1546557734255	47
1546557734260	47
1546557794411	47
1546557794432	47
1546557794440	47
1546557794447	47
1546557794454	47
1546557794461	47
1546557794468	47
1546557863786	47
1546557863801	46
1546557863806	46
1546557863811	46
1546557863816	46
1546557863821	46
1546557923783	46
1546557923802	46
1546557923809	46
1546557923819	46
1546557923825	46
1546557923830	46
1546557993693	46
1546557993711	46
1546557993718	45
1546557993725	45
1546557993732	45
1546557993738	45
1546557993745	45
1546558053584	45
1546558053602	45
1546558053610	45
1546558053617	44
1546558053624	44
1546558053630	44
1546558113524	44
1546558113545	44
1546558113552	44
1546558113560	44
1546558113566	44
1546558113574	44
1546558113580	44
1546558183811	45
1546558183833	45
1546558183841	45
1546558183848	46
1546558183855	46
1546558183862	47
1546558243593	47
1546558243612	48
1546558243620	48
1546558243627	48
1546558243633	49
1546558243639	49
1546558313541	49
1546558313560	49
1546558313568	49
1546558313575	49
1546558313582	49
1546558313588	48
1546558313595	48
1546558373563	48
1546558373583	48
1546558373591	47
1546558373598	47
1546558373605	47
1546558373612	47
1546558433122	47
1546558433141	46
1546558433149	46
1546558433156	46
1546558433162	46
1546558433169	46
1546558433175	46
1546558503044	46
1546558503062	46
1546558503070	46
1546558503077	46
1546558503083	46
1546558503090	46
1546558563293	46
1546558563314	46
1546558563323	46
1546558563330	46
1546558563338	46
1546558563345	45
1546558633360	45
1546558633381	45
1546558633389	45
1546558633396	45
1546558633402	45
1546558633409	45
1546558633415	44
1546558692864	44
1546558692885	44
1546558692893	44
1546558692900	44
1546558692907	44
1546558692914	44
1546558752703	44
1546558752723	44
1546558752731	44
1546558752738	44
1546558752745	44
1546558752752	44
1546558752759	44
1546558822665	44
1546558822683	44
1546558822691	44
1546558822698	44
1546558822705	44
1546558822711	44
1546558882484	44
1546558882503	44
1546558882511	44
1546558882518	44
1546558882524	44
1546558882531	44
1546558952624	44
1546558952643	44
1546558952650	45
1546558952657	45
1546558952664	45
1546558952670	46
1546558952676	46
1546559012791	47
1546559012812	48
1546559012820	48
1546559012828	49
1546559012834	49
1546559012841	50
1546559072529	50
1546559072546	50
1546559072552	50
1546559072558	51
1546559072563	51
1546559072568	51
1546559072573	50
1546559142053	50
1546559142071	50
1546559142079	50
1546559142086	50
1546559142092	50
1546559142099	49
1546559202321	49
1546559202340	49
1546559202372	49
1546559202379	49
1546559202386	48
1546559202392	48
1546559271959	48
1546559271978	48
1546559271985	48
1546559271992	48
1546559271999	48
1546559272005	48
1546559272011	48
1546559331796	48
1546559331816	48
1546559331823	48
1546559331830	48
1546559331837	48
1546559331844	48
1546559391759	48
1546559391777	48
1546559391785	48
1546559391792	48
1546559391798	47
1546559391805	47
1546559391812	47
1546559462029	47
1546559462050	47
1546559462058	47
1546559462065	47
1546559462071	46
1546559462078	46
1546559521947	46
1546559521968	46
1546559521975	46
1546559521983	46
1546559521990	46
1546559521997	46
1546559591720	46
1546559591734	46
1546559591738	46
1546559591741	46
1546559591744	46
1546559591748	46
1546559591751	46
1546559651764	46
1546559651785	46
1546559651794	46
1546559651801	46
1546559651807	46
1546559651814	46
1546559711529	45
1546559711548	45
1546559711556	45
1546559711563	45
1546559711569	46
1546559711576	46
1546559711582	46
1546559781580	47
1546559781589	47
1546559781592	48
1546559781595	49
1546559781598	49
1546559781601	50
1546559841393	51
1546559841412	51
1546559841420	52
1546559841427	52
1546559841433	52
1546559841440	52
1546559911166	52
1546559911184	52
1546559911192	52
1546559911199	51
1546559911205	51
1546559911212	51
1546559911218	50
1546559970849	50
1546559970858	50
1546559970861	49
1546559970864	49
1546559970867	49
1546559970870	49
1546560030783	49
1546560030795	49
1546560030799	49
1546560030802	48
1546560030804	48
1546560030807	48
1546560030810	48
1546560100664	48
1546560100673	47
1546560100676	47
1546560100678	47
1546560100680	46
1546560100683	46
1546560160652	46
1546560160670	45
1546560160678	45
1546560160685	44
1546560160692	44
1546560160699	44
1546560230562	44
1546560230581	43
1546560230589	43
1546560230596	43
1546560230603	43
1546560230609	43
1546560230615	43
1546560290767	43
1546560290786	43
1546560290793	43
1546560290800	43
1546560290806	43
1546560290813	43
1546560350514	42
1546560350532	42
1546560350540	42
1546560350547	42
1546560350553	42
1546560350560	41
1546560350566	41
1546560420615	41
1546560420625	40
1546560420628	40
1546560420631	40
1546560420633	39
1546560420636	39
1546560480220	39
1546560480239	39
1546560480247	39
1546560480254	38
1546560480261	38
1546560480267	39
1546560550415	39
1546560550430	39
1546560550436	40
1546560550441	40
1546560550445	41
1546560550450	42
1546560550454	43
1546560610287	44
1546560610302	45
1546560610308	46
1546560610314	47
1546560610319	47
1546560610324	48
1546560670280	48
1546560670298	49
1546560670306	49
1546560670313	49
1546560670319	49
1546560670326	49
1546560670332	48
1546560740247	48
1546560740268	48
1546560740276	47
1546560740283	47
1546560740290	47
1546560740296	47
1546560800276	46
1546560800296	46
1546560800304	46
1546560800311	46
1546560800318	46
1546560800324	46
1546560869633	46
1546560869653	46
1546560869662	46
1546560869670	46
1546560869677	46
1546560869684	46
1546560869691	46
1546560929678	46
1546560929696	46
1546560929704	46
1546560929711	46
1546560929717	47
1546560929724	47
1546560989853	47
1546560989874	47
1546560989882	47
1546560989889	47
1546560989896	47
1546560989903	47
1546560989910	47
1546561059311	47
1546561059325	46
1546561059331	46
1546561059336	46
1546561059341	46
1546561059348	46
1546561119243	46
1546561119257	46
1546561119263	45
1546561119268	45
1546561119273	45
1546561119278	45
1546561189293	45
1546561189314	44
1546561189322	44
1546561189329	44
1546561189336	44
1546561189342	44
1546561189348	43
1546561249166	43
1546561249184	43
1546561249192	43
1546561249199	43
1546561249205	44
1546561249212	44
1546561309121	44
1546561309135	45
1546561309140	46
1546561309146	46
1546561309151	47
1546561309155	48
1546561309160	49
1546561378989	49
1546561379007	50
1546561379015	50
1546561379023	51
1546561379029	51
1546561379036	51
1546561439154	51
1546561439172	51
1546561439181	51
1546561439188	50
1546561439194	50
1546561439201	50
1546561508750	49
1546561508769	49
1546561508777	48
1546561508784	48
1546561508790	48
1546561508797	47
1546561508803	47
1546561568873	47
1546561568891	47
1546561568898	47
1546561568905	46
1546561568912	46
1546561568919	46
1546561628585	47
1546561628597	47
1546561628600	47
1546561628603	47
1546561628605	47
1546561628608	47
1546561628610	47
1546561698450	47
1546561698465	47
1546561698471	46
1546561698476	46
1546561698481	46
1546561698486	46
1546561758352	46
1546561758361	46
1546561758363	46
1546561758366	46
1546561758369	45
1546561758371	45
1546561828419	45
1546561828437	45
1546561828445	46
1546561828452	46
1546561828458	46
1546561828465	46
1546561828472	46
1546561888455	46
1546561888474	46
1546561888482	46
1546561888489	46
1546561888495	47
1546561888502	47
1546561948131	47
1546561948149	47
1546561948157	47
1546561948164	48
1546561948170	48
1546561948177	49
1546561948183	49
1546562018076	50
1546562018084	51
1546562018087	52
1546562018089	52
1546562018092	53
1546562018094	53
1546562077982	53
1546562078000	54
1546562078008	54
1546562078015	54
1546562078021	53
1546562078028	53
1546562147958	53
1546562147976	52
1546562147984	52
1546562147991	51
1546562147997	50
1546562148004	50
1546562148010	49
1546562207754	49
1546562207768	48
1546562207774	48
1546562207779	48
1546562207784	48
1546562207789	47
1546562267722	47
1546562267731	47
1546562267734	47
1546562267737	47
1546562267739	47
1546562267741	47
1546562267743	47
1546562337586	47
1546562337601	47
1546562337607	47
1546562337612	47
1546562337617	47
1546562337622	47
1546562397509	46
1546562397519	46
1546562397522	46
1546562397525	45
1546562397528	45
1546562397531	44
1546562467888	44
1546562467897	44
1546562467901	44
1546562467904	43
1546562467906	43
1546562467909	43
1546562467911	43
1546562527349	43
1546562527366	44
1546562527371	44
1546562527375	44
1546562527379	44
1546562527383	44
1546562587245	44
1546562587260	44
1546562587265	44
1546562587269	44
1546562587273	44
1546562587277	44
1546562587281	44
1546562657188	44
1546562657206	44
1546562657212	45
1546562657218	45
1546562657223	46
1546562657228	47
1546562717165	47
1546562717182	48
1546562717187	49
1546562717190	50
1546562717193	51
1546562717197	51
1546562787099	52
1546562787118	52
1546562787123	52
1546562787126	52
1546562787131	52
1546562787135	52
1546562787138	51
1546562846911	51
1546562846926	50
1546562846931	49
1546562846935	48
1546562846939	47
1546562846943	47
1546562906856	46
1546562906874	45
1546562906880	44
1546562906885	44
1546562906889	43
1546562906894	43
1546562906898	42
1546562976647	42
1546562976660	42
1546562976666	42
1546562976671	42
1546562976676	42
1546562976681	42
1546563036610	42
1546563036625	42
1546563036630	42
1546563036634	42
1546563036638	42
1546563036641	41
1546563106494	41
1546563106508	41
1546563106514	41
1546563106519	41
1546563106524	40
1546563106529	40
1546563106533	40
1546563166426	40
1546563166438	39
1546563166441	39
1546563166444	39
1546563166446	38
1546563166448	38
1546563226289	38
1546563226298	38
1546563226301	37
1546563226303	37
1546563226306	37
1546563226308	37
1546563226310	37
1546563296265	37
1546563296279	37
1546563296283	36
1546563296287	36
1546563296291	36
1546563296295	36
1546563356169	36
1546563356182	36
1546563356186	36
1546563356188	36
1546563356191	37
1546563356193	37
1546563426185	37
1546563426199	38
1546563426204	39
1546563426208	40
1546563426212	41
1546563426215	42
1546563426219	44
1546563485976	45
1546563485990	46
1546563485996	47
1546563486001	48
1546563486006	48
1546563486011	49
1546563546036	49
1546563546050	49
1546563546055	49
1546563546059	48
1546563546063	48
1546563546067	48
1546563546071	47
1546563615807	47
1546563615821	46
1546563615827	46
1546563615832	45
1546563615837	45
1546563615842	44
1546563675814	44
1546563675836	44
1546563675845	43
1546563675853	43
1546563675860	43
1546563675868	43
1546563746109	43
1546563746128	44
1546563746136	44
1546563746142	44
1546563746149	44
1546563746155	44
1546563746161	45
1546563805657	45
1546563805679	45
1546563805686	45
1546563805694	45
1546563805701	45
1546563805708	45
1546563865808	44
1546563865826	44
1546563865834	44
1546563865841	44
1546563865847	44
1546563865853	44
1546563865860	44
1546563935715	43
1546563935734	43
1546563935742	43
1546563935749	43
1546563935755	43
1546563935762	43
1546563995571	43
1546563995589	43
1546563995597	43
1546563995604	43
1546563995610	43
1546563995617	43
1546564065466	43
1546564065484	42
1546564065493	42
1546564065499	42
1546564065506	42
1546564065512	42
1546564065519	42
1546564125228	42
1546564125247	43
1546564125255	43
1546564125261	44
1546564125268	45
1546564125274	46
1546564185395	47
1546564185416	48
1546564185424	49
1546564185432	50
1546564185439	51
1546564185446	52
1546564185453	52
1546564255472	53
1546564255493	53
1546564255502	53
1546564255509	53
1546564255516	52
1546564255524	52
1546564314970	52
1546564314990	51
1546564314999	51
1546564315007	50
1546564315014	49
1546564315022	49
1546564384696	48
1546564384705	48
1546564384709	47
1546564384711	47
1546564384713	47
1546564384716	47
1546564384718	47
1546564444623	46
1546564444634	46
1546564444637	46
1546564444640	46
1546564444642	46
1546564444645	46
1546564504703	46
1546564504724	46
1546564504732	46
1546564504739	46
1546564504746	46
1546564504753	46
1546564504760	45
1546564574535	45
1546564574550	45
1546564574556	45
1546564574561	44
1546564574565	44
1546564574570	43
1546564634842	43
1546564634863	43
1546564634871	43
1546564634878	42
1546564634885	42
1546564634891	42
1546564704387	42
1546564704408	42
1546564704416	41
1546564704423	41
1546564704430	41
1546564704436	41
1546564704442	41
1546564764653	41
1546564764673	41
1546564764681	40
1546564764688	40
1546564764695	40
1546564764702	40
1546564824583	40
1546564824605	40
1546564824614	40
1546564824622	40
1546564824630	40
1546564824637	40
1546564824644	41
1546564894417	42
1546564894437	43
1546564894446	44
1546564894453	46
1546564894459	47
1546564894466	48
1546564954306	50
1546564954325	51
1546564954333	52
1546564954340	52
1546564954346	53
1546564954353	53
1546565023863	53
1546565023877	53
1546565023884	53
1546565023889	52
1546565023894	52
1546565023899	51
1546565023904	51
1546565083813	50
1546565083830	49
1546565083836	49
1546565083842	48
1546565083847	48
1546565083851	47
1546565143792	47
1546565143811	46
1546565143818	46
1546565143825	46
1546565143832	46
1546565143839	46
1546565143845	46
1546565214030	46
1546565214052	46
1546565214060	46
1546565214068	46
1546565214074	46
1546565214081	46
1546565273903	46
1546565273921	45
1546565273929	45
1546565273935	45
1546565273942	45
1546565273948	44
1546565343826	44
1546565343846	43
1546565343855	43
1546565343862	43
1546565343868	42
1546565343875	42
1546565343881	42
1546565403712	41
1546565403734	41
1546565403742	41
1546565403749	41
1546565403756	41
1546565403763	40
1546565463462	40
1546565463476	40
1546565463481	40
1546565463487	40
1546565463491	40
1546565463496	40
1546565463500	40
1546565533217	40
1546565533229	39
1546565533233	39
1546565533236	39
1546565533239	39
1546565533242	39
1546565593461	39
1546565593479	39
1546565593487	39
1546565593494	39
1546565593501	38
1546565593507	39
1546565663279	39
1546565663298	39
1546565663306	40
1546565663313	40
1546565663319	42
1546565663326	43
1546565663332	44
1546565722838	46
1546565722853	48
1546565722859	49
1546565722865	51
1546565722870	52
1546565722875	53
1546565783267	54
1546565783279	55
1546565783283	55
1546565783286	55
1546565783289	55
1546565783292	54
1546565783294	54
1546565852685	53
1546565852703	52
1546565852711	52
1546565852718	51
1546565852724	50
1546565852731	49
1546565912755	49
1546565912773	48
1546565912781	48
1546565912788	47
1546565912794	47
1546565912801	47
1546565982549	46
1546565982567	46
1546565982575	46
1546565982582	46
1546565982589	46
1546565982595	46
1546565982601	46
1546566042417	46
1546566042454	46
1546566042462	45
1546566042469	45
1546566042475	45
1546566042482	45
1546566102338	44
1546566102356	44
1546566102364	44
1546566102371	43
1546566102377	43
1546566102384	42
1546566102390	42
1546566172293	41
1546566172308	41
1546566172314	41
1546566172320	40
1546566172325	40
1546566172332	40
1546566232090	39
1546566232099	39
1546566232102	39
1546566232104	39
1546566232107	38
1546566232109	38
1546566302120	38
1546566302138	38
1546566302146	38
1546566302153	38
1546566302159	38
1546566302166	38
1546566302172	37
1546566362396	37
1546566362418	37
1546566362426	37
1546566362433	37
1546566362440	37
1546566362447	37
1546566421830	37
1546566421839	37
1546566421843	37
1546566421845	36
1546566421848	36
1546566421851	36
1546566421853	36
1546566491938	36
1546566491958	36
1546566491966	36
1546566491973	37
1546566491980	37
1546566491987	38
1546566552142	40
1546566552165	41
1546566552173	43
1546566552180	45
1546566552187	47
1546566552194	49
1546566621775	50
1546566621783	52
1546566621786	53
1546566621788	54
1546566621791	55
1546566621793	55
1546566621795	55
1546566681510	55
1546566681526	54
1546566681532	54
1546566681537	53
1546566681542	52
1546566681546	51
1546566741386	50
1546566741400	49
1546566741404	48
1546566741408	47
1546566741411	46
1546566741413	46
1546566741415	45
1546566811325	45
1546566811335	44
1546566811338	44
1546566811341	44
1546566811344	44
1546566811347	44
1546566871558	44
1546566871576	44
1546566871584	44
1546566871591	44
1546566871598	44
1546566871604	44
1546566941539	44
1546566941557	44
1546566941565	43
1546566941572	43
1546566941578	43
1546566941585	42
1546566941591	42
1546567001080	42
1546567001090	41
1546567001093	41
1546567001096	40
1546567001099	40
1546567001102	39
1546567061384	39
1546567061403	39
1546567061410	38
1546567061417	38
1546567061423	38
1546567061430	38
1546567061436	37
1546567131077	37
1546567131098	37
1546567131106	37
1546567131114	37
1546567131121	37
1546567131128	37
1546567191253	37
1546567191274	37
1546567191281	37
1546567191288	37
1546567191295	37
1546567191302	37
1546567261226	36
1546567261245	36
1546567261253	36
1546567261285	36
1546567261292	36
1546567261298	36
1546567261304	35
1546567320629	35
1546567320642	35
1546567320648	34
1546567320652	34
1546567320657	34
1546567320662	34
1546567380689	34
1546567380708	34
1546567380715	35
1546567380722	36
1546567380729	37
1546567380736	39
1546567380742	41
1546567450728	43
1546567450743	45
1546567450748	47
1546567450753	50
1546567450758	52
1546567450763	54
1546567510476	55
1546567510497	56
1546567510505	57
1546567510513	57
1546567510520	57
1546567510527	57
1546567580615	56
1546567580633	55
1546567580641	54
1546567580648	53
1546567580654	52
1546567580661	51
1546567580667	49
1546567640552	48
1546567640570	47
1546567640578	47
1546567640585	46
1546567640591	46
1546567640598	45
1546567700429	45
1546567700447	45
1546567700455	45
1546567700462	46
1546567700469	46
1546567700475	46
1546567700482	46
1546567770317	46
1546567770335	47
1546567770343	47
1546567770350	46
1546567770356	46
1546567770363	46
1546567830347	45
1546567830368	45
1546567830377	44
1546567830384	44
1546567830391	43
1546567830398	42
1546567899826	41
1546567899835	41
1546567899839	40
1546567899842	40
1546567899844	39
1546567899847	39
1546567899849	38
1546567960066	38
1546567960085	38
1546567960093	38
1546567960100	37
1546567960106	37
1546567960113	37
1546568019634	37
1546568019645	37
1546568019649	37
1546568019652	37
1546568019655	37
1546568019657	37
1546568019660	36
1546568089538	36
1546568089554	36
1546568089560	36
1546568089567	35
1546568089572	35
1546568089578	35
1546568149520	34
1546568149535	34
1546568149542	34
1546568149549	33
1546568149554	33
1546568149560	33
1546568219665	32
1546568219683	32
1546568219691	32
1546568219697	32
1546568219704	32
1546568219710	32
1546568219716	32
1546568279368	33
1546568279386	35
1546568279394	37
1546568279401	39
1546568279407	41
1546568279414	44
1546568339417	47
1546568339427	49
1546568339431	52
1546568339434	54
1546568339437	56
1546568339439	58
1546568339442	59
1546568409477	59
1546568409496	59
1546568409505	59
1546568409511	58
1546568409518	57
1546568409525	55
1546568469445	54
1546568469465	52
1546568469474	51
1546568469481	49
1546568469488	48
1546568469495	47
1546568539093	46
1546568539112	45
1546568539120	45
1546568539127	44
1546568539133	44
1546568539140	44
1546568539146	44
1546568599122	45
1546568599140	45
1546568599148	46
1546568599155	46
1546568599161	46
1546568599168	46
1546568658820	47
1546568658833	47
1546568658839	46
1546568658844	46
1546568658849	46
1546568658854	45
1546568658858	44
1546568728651	44
1546568728664	43
1546568728670	42
1546568728675	41
1546568728680	41
1546568728685	40
1546568788494	39
1546568788502	38
1546568788505	38
1546568788508	37
1546568788511	37
1546568788513	36
1546568858456	36
1546568858475	36
1546568858482	36
1546568858489	35
1546568858496	35
1546568858503	35
1546568858509	35
1546568918680	35
1546568918699	35
1546568918707	35
1546568918714	35
1546568918720	35
1546568918727	35
1546568978310	35
1546568978325	34
1546568978331	34
1546568978336	34
1546568978341	34
1546568978346	33
1546568978350	33
1546569048152	33
1546569048166	32
1546569048169	32
1546569048172	32
1546569048174	31
1546569048176	31
1546569108110	31
1546569108125	31
1546569108131	32
1546569108136	34
1546569108140	35
1546569108145	37
1546569178018	40
1546569178033	43
1546569178039	46
1546569178044	50
1546569178048	53
1546569178053	56
1546569178057	58
1546569237896	60
1546569237908	62
1546569237911	63
1546569237914	63
1546569237916	63
1546569237919	62
1546569297864	61
1546569297884	60
1546569297891	58
1546569297898	56
1546569297905	54
1546569297912	53
1546569297918	51
1546569367696	49
1546569367705	48
1546569367708	47
1546569367710	46
1546569367713	45
1546569367715	45
1546569427661	45
1546569427680	45
1546569427687	46
1546569427694	46
1546569427701	47
1546569427707	47
1546569497533	47
1546569497544	48
1546569497547	48
1546569497550	48
1546569497553	48
1546569497555	48
1546569497557	47
1546569557450	47
1546569557463	46
1546569557466	45
1546569557469	44
1546569557472	43
1546569557474	42
1546569617407	41
1546569617422	40
1546569617428	39
1546569617433	38
1546569617437	37
1546569617442	36
1546569617447	36
1546569687323	35
1546569687341	35
1546569687349	35
1546569687356	35
1546569687362	35
1546569687369	35
1546569747240	35
1546569747262	35
1546569747271	35
1546569747279	35
1546569747287	35
1546569747294	35
1546569817137	35
1546569817155	35
1546569817163	34
1546569817170	34
1546569817177	34
1546569817183	34
1546569817189	33
1546569877053	33
1546569877071	33
1546569877079	32
1546569877086	32
1546569877092	32
1546569877099	31
1546569936974	31
1546569936994	31
1546569937002	31
1546569937009	31
1546569937015	32
1546569937022	34
1546569937028	36
1546570006802	39
1546570006817	42
1546570006822	45
1546570006827	49
1546570006831	52
1546570006836	56
1546570066672	59
1546570066680	62
1546570066683	64
1546570066685	66
1546570066687	67
1546570066689	67
1546570136648	67
1546570136670	66
1546570136679	65
1546570136686	64
1546570136693	62
1546570136700	60
1546570136707	58
1546570196628	56
1546570196644	55
1546570196651	53
1546570196657	52
1546570196663	51
1546570196669	50
1546570256561	49
1546570256584	49
1546570256592	49
1546570256598	49
1546570256604	49
1546570256610	50
1546570256616	50
1546570326508	50
1546570326530	51
1546570326538	51
1546570326544	52
1546570326551	52
1546570326557	52
1546570386298	51
1546570386316	51
1546570386323	51
1546570386330	50
1546570386336	49
1546570386342	49
1546570456297	48
1546570456314	47
1546570456322	46
1546570456328	45
1546570456334	44
1546570456340	43
1546570456346	42
1546570516215	42
1546570516232	41
1546570516240	41
1546570516246	40
1546570516252	40
1546570516258	40
1546570575940	39
1546570575949	39
1546570575952	39
1546570575954	39
1546570575956	39
1546570575958	38
1546570575960	38
1546570646060	38
1546570646073	38
1546570646078	38
1546570646083	38
1546570646087	37
1546570646092	37
1546570705848	37
1546570705862	37
1546570705867	37
1546570705872	36
1546570705877	36
1546570705881	36
1546570775717	35
1546570775736	35
1546570775748	35
1546570775752	36
1546570775757	36
1546570775761	38
1546570775766	40
1546570835673	42
1546570835692	45
1546570835700	49
1546570835706	53
1546570835712	57
1546570835718	61
1546570895648	64
1546570895663	68
1546570895668	71
1546570895672	73
1546570895677	74
1546570895681	75
1546570895685	75
1546570965441	74
1546570965457	73
1546570965463	71
1546570965468	69
1546570965473	67
1546570965477	65
1546571025460	62
1546571025477	60
1546571025485	58
1546571025491	57
1546571025497	55
1546571025504	54
1546571095296	53
1546571095310	52
1546571095315	52
1546571095337	52
1546571095342	52
1546571095347	53
1546571095351	53
1546571155153	54
1546571155161	54
1546571155163	55
1546571155166	55
1546571155168	55
1546571155170	55
1546571215131	55
1546571215160	54
1546571215165	54
1546571215172	53
1546571215177	52
1546571215182	51
1546571215186	49
1546571285146	48
1546571285164	47
1546571285171	45
1546571285178	44
1546571285184	43
1546571285190	42
1546571345049	41
1546571345068	40
1546571345076	40
1546571345083	39
1546571345089	39
1546571345095	39
1546571415102	38
1546571415119	38
1546571415127	38
1546571415133	38
1546571415140	38
1546571415146	38
1546571415152	38
1546571474780	38
1546571474799	38
1546571474807	38
1546571474814	38
1546571474821	38
1546571474827	38
1546571534796	37
1546571534814	37
1546571534822	37
1546571534828	36
1546571534834	35
1546571534840	35
1546571534846	34
1546571604651	34
1546571604667	34
1546571604679	34
1546571604684	35
1546571604689	36
1546571604694	38
1546571664806	41
1546571664819	44
1546571664824	48
1546571664829	52
1546571664833	56
1546571664838	60
1546571734444	64
1546571734461	67
1546571734467	70
1546571734472	71
1546571734477	73
1546571734482	73
1546571734486	73
1546571794316	72
1546571794324	70
1546571794327	69
1546571794329	66
1546571794331	64
1546571794334	62
1546571854342	59
1546571854360	57
1546571854368	56
1546571854374	54
1546571854381	52
1546571854387	51
1546571854393	50
1546571924243	50
1546571924260	50
1546571924268	50
1546571924275	50
1546571924281	50
1546571924287	51
1546571984090	51
1546571984113	52
1546571984119	52
1546571984124	52
1546571984128	52
1546571984132	52
1546572054004	52
1546572054023	51
1546572054031	50
1546572054037	49
1546572054043	48
1546572054049	47
1546572054055	46
1546572113907	45
1546572113925	44
1546572113933	43
1546572113939	41
1546572113945	40
1546572113951	40
1546572174083	39
1546572174101	38
1546572174109	38
1546572174115	38
1546572174121	37
1546572174127	37
1546572174133	37
1546572243699	37
1546572243720	37
1546572243728	36
1546572243735	36
1546572243742	36
1546572243749	36
1546572303907	36
1546572303925	35
1546572303933	35
1546572303939	35
1546572303945	35
1546572303952	34
1546572373582	34
1546572373602	34
1546572373611	33
1546572373617	33
1546572373624	32
1546572373630	32
1546572373635	31
1546572433598	31
1546572433616	32
1546572433623	33
1546572433630	34
1546572433636	37
1546572433642	40
1546572493380	44
1546572493395	48
1546572493401	53
1546572493406	58
1546572493411	63
1546572493416	67
1546572493420	72
1546572563268	75
1546572563286	78
1546572563294	80
1546572563300	81
1546572563306	81
1546572563312	81
1546572623211	79
1546572623229	78
1546572623236	76
1546572623243	73
1546572623249	71
1546572623255	69
1546572693111	66
1546572693124	64
1546572693129	62
1546572693132	60
1546572693136	59
1546572693140	58
1546572693144	57
1546572753436	57
1546572753454	57
1546572753461	57
1546572753468	58
1546572753474	58
1546572753480	59
1546572813202	60
1546572813220	60
1546572813227	60
1546572813233	60
1546572813239	60
1546572813245	60
1546572813251	59
1546572882792	58
1546572882808	57
1546572882815	56
1546572882821	54
1546572882826	53
1546572882832	51
1546572942913	50
1546572942931	48
1546572942938	47
1546572942945	46
1546572942951	44
1546572942957	43
1546573012735	43
1546573012753	42
1546573012761	42
1546573012767	41
1546573012773	41
1546573012779	41
1546573012785	41
1546573072849	41
1546573072867	41
1546573072874	40
1546573072880	40
1546573072887	40
1546573072893	39
1546573132534	39
1546573132553	38
1546573132561	38
1546573132568	37
1546573132575	37
1546573132582	36
1546573132589	36
1546573202769	35
1546573202790	34
1546573202798	34
1546573202804	33
1546573202811	33
1546573202817	33
1546573262321	32
1546573262345	32
1546573262353	32
1546573262361	33
1546573262368	35
1546573262375	37
1546573332164	41
1546573332178	45
1546573332184	50
1546573332189	55
1546573332194	61
1546573332198	67
1546573332203	72
1546573392188	77
1546573392210	81
1546573392218	85
1546573392226	87
1546573392233	89
1546573392240	89
1546573452433	89
1546573452455	88
1546573452463	86
1546573452469	84
1546573452475	81
1546573452482	79
1546573452488	76
1546573522147	73
1546573522166	71
1546573522174	69
1546573522180	67
1546573522186	65
1546573522192	64
1546573582136	63
1546573582155	62
1546573582162	62
1546573582169	62
1546573582175	62
1546573582181	63
1546573652019	63
1546573652037	64
1546573652045	64
1546573652051	64
1546573652057	65
1546573652063	65
1546573652069	65
1546573711731	64
1546573711748	64
1546573711756	63
1546573711762	62
1546573711768	61
1546573711774	60
1546573771820	59
1546573771839	57
1546573771846	56
1546573771853	55
1546573771859	54
1546573771865	53
1546573771871	52
1546573841830	52
1546573841848	51
1546573841856	51
1546573841862	51
1546573841868	50
1546573841875	50
1546573901446	50
1546573901465	50
1546573901473	50
1546573901479	50
1546573901485	50
1546573901491	49
1546573971411	49
1546573971429	48
1546573971436	47
1546573971442	47
1546573971448	46
1546573971454	45
1546573971460	44
1546574031242	43
1546574031262	42
1546574031270	41
1546574031278	40
1546574031285	39
1546574031292	38
1546574091438	37
1546574091459	36
1546574091466	35
1546574091473	34
1546574091479	33
1546574091485	34
1546574091491	35
1546574161042	37
1546574161061	40
1546574161068	44
1546574161075	48
1546574161081	54
1546574161087	60
1546574220895	66
1546574220903	73
1546574220907	79
1546574220909	84
1546574220912	89
1546574220915	93
1546574291240	94
1546574291261	93
1546574291269	93
1546574291276	93
1546574291283	91
1546574291289	90
1546574291295	88
1546574350702	85
1546574350717	83
1546574350724	80
1546574350730	78
1546574350735	76
1546574350741	74
1546574410645	72
1546574410655	71
1546574410658	70
1546574410660	69
1546574410663	68
1546574410665	68
1546574410668	68
1546574480556	68
1546574480565	69
1546574480569	69
1546574480572	69
1546574480574	69
1546574480577	69
1546574541341	69
1546574541362	69
1546574541370	69
1546574541378	68
1546574541386	67
1546574541393	66
1546574610638	65
1546574610659	64
1546574610668	62
1546574610675	61
1546574610681	59
1546574610687	58
1546574610693	56
1546574670730	55
1546574670751	54
1546574670759	53
1546574670766	52
1546574670773	51
1546574670779	51
1546574730222	51
1546574730238	50
1546574730243	50
1546574730248	50
1546574730252	50
1546574730256	50
1546574730261	49
1546574800581	49
1546574800603	49
1546574800610	48
1546574800617	48
1546574800624	47
1546574800630	46
1546574860483	46
1546574860505	45
1546574860513	44
1546574860519	44
1546574860526	43
1546574860532	42
1546574930177	42
1546574930195	41
1546574930203	40
1546574930209	40
1546574930215	39
1546574930221	38
1546574930227	38
1546574990186	38
1546574990204	38
1546574990211	39
1546574990217	40
1546574990223	42
1546574990229	46
1546575049736	50
1546575049750	55
1546575049757	61
1546575049764	67
1546575049769	73
1546575049774	79
1546575049779	85
1546575120050	90
1546575120069	94
1546575120077	94
1546575120084	93
1546575120090	93
1546575120096	93
1546575179575	92
1546575179589	92
1546575179595	90
1546575179600	89
1546575179605	87
1546575179609	86
1546575249615	84
1546575249636	82
1546575249645	81
1546575249651	79
1546575249657	78
1546575249663	77
1546575249669	76
1546575309318	75
1546575309332	74
1546575309338	74
1546575309343	73
1546575309347	73
1546575309352	72
1546575369674	72
1546575369696	72
1546575369704	71
1546575369711	71
1546575369717	71
1546575369723	71
1546575369729	70
1546575439090	70
1546575439122	69
1546575439128	69
1546575439134	68
1546575439139	67
1546575439145	67
1546575499449	66
1546575499470	65
1546575499478	64
1546575499485	63
1546575499491	62
1546575499497	61
1546575569197	59
1546575569215	58
1546575569223	57
1546575569230	56
1546575569236	55
1546575569242	54
1546575569248	53
1546575628838	52
1546575628847	52
1546575628850	51
1546575628853	51
1546575628855	50
1546575628858	50
1546575689036	50
1546575689083	49
1546575689091	49
1546575689097	49
1546575689104	48
1546575689110	48
1546575689116	47
1546575758961	46
1546575758979	46
1546575758987	45
1546575758994	43
1546575759000	42
1546575759006	41
1546575818571	40
1546575818587	39
1546575818593	38
1546575818599	36
1546575818603	36
1546575818608	36
1546575888866	37
1546575888887	38
1546575888895	41
1546575888903	44
1546575888909	49
1546575888916	54
1546575888922	60
1546575948804	67
1546575948826	73
1546575948834	79
1546575948841	85
1546575948847	90
1546575948854	94
1546576008292	95
1546576008307	95
1546576008313	94
1546576008319	94
1546576008324	93
1546576008330	91
1546576008335	90
1546576078611	87
1546576078633	85
1546576078641	83
1546576078648	80
1546576078654	78
1546576078661	76
1546576138183	74
1546576138202	73
1546576138209	72
1546576138216	71
1546576138222	70
1546576138228	69
1546576207973	69
1546576207983	69
1546576207986	69
1546576207989	69
1546576207992	69
1546576207994	70
1546576207997	70
1546576267884	69
1546576267898	69
1546576267904	69
1546576267909	68
1546576267913	68
1546576267918	67
1546576327943	66
1546576327963	65
1546576327971	64
1546576327978	62
1546576327984	61
1546576327991	60
1546576327997	58
1546576398133	57
1546576398154	56
1546576398162	54
1546576398169	53
1546576398175	52
1546576398182	51
1546576458042	50
1546576458063	49
1546576458071	48
1546576458078	47
1546576458084	46
1546576458090	45
1546576527678	45
1546576527697	44
1546576527705	43
1546576527711	42
1546576527718	41
1546576527724	40
1546576527730	39
1546576587452	38
1546576587470	36
1546576587477	35
1546576587484	33
1546576587490	32
1546576587496	30
1546576647339	28
1546576647357	26
1546576647365	24
1546576647371	22
1546576647377	20
1546576647383	17
1546576647389	15
1546576717232	13
1546576717246	11
1546576717252	10
1546576717257	9
1546576717261	10
1546576717266	11
1546576777110	13
1546576777118	16
1546576777121	20
1546576777123	26
1546576777125	32
1546576777128	38
1546576847100	45
1546576847115	51
1546576847121	57
1546576847126	62
1546576847131	66
1546576847136	69
1546576847140	71
1546576907345	72
1546576907363	73
1546576907371	72
1546576907377	71
1546576907383	69
1546576907389	67
1546576967160	65
1546576967176	62
1546576967183	59
1546576967188	57
1546576967194	54
1546576967199	52
1546576967204	50
1546577036786	48
1546577036794	46
1546577036797	45
1546577036799	43
1546577036802	42
1546577036804	41
1546577097150	40
1546577097172	39
1546577097180	39
1546577097187	38
1546577097194	38
1546577097200	37
1546577167181	36
1546577167201	36
1546577167209	36
1546577167216	35
1546577167223	35
1546577167229	34
1546577167235	33
1546577226815	33
1546577226834	32
1546577226841	31
1546577226847	30
1546577226853	30
1546577226859	29
1546577286895	28
1546577286916	27
1546577286924	27
1546577286930	26
1546577286936	25
1546577286942	24
1546577286948	23
1546577356333	23
1546577356343	21
1546577356346	20
1546577356349	19
1546577356352	18
1546577356355	17
1546577416684	15
1546577416707	14
1546577416716	13
1546577416723	12
1546577416729	11
1546577416736	11
1546577486115	11
1546577486123	11
1546577486126	11
1546577486128	11
1546577486131	11
1546577486133	12
1546577486135	13
1546577546175	13
1546577546196	14
1546577546203	14
1546577546210	14
1546577546216	15
1546577546222	15
1546577606324	15
1546577606343	16
1546577606351	17
1546577606357	18
1546577606363	21
1546577606369	24
1546577606375	28
1546577676230	33
1546577676248	39
1546577676256	45
1546577676262	52
1546577676268	59
1546577676274	65
1546577736274	72
1546577736295	77
1546577736303	82
1546577736310	86
1546577736317	89
1546577736323	91
1546577805732	92
1546577805741	91
1546577805745	91
1546577805747	89
1546577805750	87
1546577805752	85
1546577805755	83
1546577866105	80
1546577866127	78
1546577866135	76
1546577866142	74
1546577866149	72
1546577866155	71
1546577925972	70
1546577925993	69
1546577926001	69
1546577926008	69
1546577926014	69
1546577926020	69
1546577926026	69
1546577995706	70
1546577995715	70
1546577995719	70
1546577995722	71
1546577995725	70
1546577995727	70
1546578055455	69
1546578055476	68
1546578055484	67
1546578055491	66
1546578055498	64
1546578055504	63
1546578125732	61
1546578125754	59
1546578125762	57
1546578125770	55
1546578125776	53
1546578125782	51
1546578125788	49
1546578185639	48
1546578185659	46
1546578185667	45
1546578185673	44
1546578185680	43
1546578185686	43
1546578245443	42
1546578245461	41
1546578245469	41
1546578245475	40
1546578245482	40
1546578245488	39
1546578245494	38
1546578315453	37
1546578315473	37
1546578315481	36
1546578315488	34
1546578315494	33
1546578315501	32
1546578374983	30
1546578375002	29
1546578375025	28
1546578375032	26
1546578375039	25
1546578375045	24
1546578445226	23
1546578445240	22
1546578445246	21
1546578445251	20
1546578445255	19
1546578445259	18
1546578445263	18
1546578505160	18
1546578505176	19
1546578505180	21
1546578505183	24
1546578505186	27
1546578505189	32
1546578565014	38
1546578565032	45
1546578565040	52
1546578565046	59
1546578565052	65
1546578565058	71
1546578565064	77
1546578634883	81
1546578634901	85
1546578634909	88
1546578634916	89
1546578634921	90
1546578634927	90
1546578694818	89
1546578694837	87
1546578694844	85
1546578694851	83
1546578694856	81
1546578694863	79
1546578764731	77
1546578764750	75
1546578764757	73
1546578764764	72
1546578764770	71
1546578764776	71
1546578764782	70
1546578824780	70
1546578824799	71
1546578824806	71
1546578824813	72
1546578824819	72
1546578824825	73
1546578884675	74
1546578884697	75
1546578884704	75
1546578884711	75
1546578884718	75
1546578884724	75
1546578884730	74
1546578954676	73
1546578954697	72
1546578954705	71
1546578954711	69
1546578954718	67
1546578954724	66
1546579014391	64
1546579014409	62
1546579014417	61
1546579014423	59
1546579014430	57
1546579014436	56
1546579084161	55
1546579084175	54
1546579084180	53
1546579084184	52
1546579084189	51
1546579084193	51
1546579084197	50
1546579143937	50
1546579143957	49
1546579143965	49
1546579143972	48
1546579143979	48
1546579143985	47
1546579204093	46
1546579204111	45
1546579204119	44
1546579204125	43
1546579204131	42
1546579204138	40
1546579204143	39
1546579274109	37
1546579274128	35
1546579274135	33
1546579274142	31
1546579274148	29
1546579274154	27
1546579333580	25
1546579333595	22
1546579333601	20
1546579333606	19
1546579333611	18
1546579333616	18
1546579403653	18
1546579403671	20
1546579403679	24
1546579403686	28
1546579403692	33
1546579403698	40
1546579403704	47
1546579463477	55
1546579463495	62
1546579463502	69
1546579463509	75
1546579463515	81
1546579463521	85
1546579523426	88
1546579523444	89
1546579523452	90
1546579523458	90
1546579523465	88
1546579523471	86
1546579523477	84
1546579593260	81
1546579593277	78
1546579593285	75
1546579593291	71
1546579593297	68
1546579593303	65
1546579653114	63
1546579653128	60
1546579653134	58
1546579653139	57
1546579653144	55
1546579653148	55
1546579723257	54
1546579723267	54
1546579723270	54
1546579723273	54
1546579723275	54
1546579723278	54
1546579723280	55
1546579782933	55
1546579782948	55
1546579782954	54
1546579782960	54
1546579782965	53
1546579782971	51
1546579842921	50
1546579842941	47
1546579842949	45
1546579842955	43
1546579842962	40
1546579842968	38
1546579842974	35
1546579913186	33
1546579913207	31
1546579913215	29
1546579913222	27
1546579913229	26
1546579913235	25
1546579972947	24
1546579972966	23
1546579972973	23
1546579972979	23
1546579972985	23
1546579972991	23
1546580042669	22
1546580042687	22
1546580042695	22
1546580042701	21
1546580042707	20
1546580042713	19
1546580042719	18
1546580102462	16
1546580102472	14
1546580102475	13
1546580102478	11
1546580102480	10
1546580102483	8
1546580162529	7
1546580162551	6
1546580162559	6
1546580162566	6
1546580162573	6
1546580162579	6
1546580162586	7
1546580232604	7
1546580232623	8
1546580232631	10
1546580232637	13
1546580232643	18
1546580232649	23
1546580292632	29
1546580292651	36
1546580292659	44
1546580292666	52
1546580292672	59
1546580292678	66
1546580362608	73
1546580362626	78
1546580362634	83
1546580362640	86
1546580362646	88
1546580362653	89
1546580362658	90
1546580422225	89
1546580422234	88
1546580422238	86
1546580422241	83
1546580422243	81
1546580422246	78
1546580481968	76
1546580481978	73
1546580481981	70
1546580481984	68
1546580481987	65
1546580481990	63
1546580481992	61
1546580552287	60
1546580552308	59
1546580552316	59
1546580552323	58
1546580552330	58
1546580552336	58
1546580612195	58
1546580612213	59
1546580612220	59
1546580612227	59
1546580612233	59
1546580612239	59
1546580681773	58
1546580681789	58
1546580681796	57
1546580681802	56
1546580681807	55
1546580681813	53
1546580681818	51
1546580742253	49
1546580742276	47
1546580742283	45
1546580742290	43
1546580742296	41
1546580742303	39
1546580801942	37
1546580801964	36
1546580801972	34
1546580801979	33
1546580801985	33
1546580801991	32
1546580801997	32
1546580871452	32
1546580871461	32
1546580871464	31
1546580871466	31
1546580871468	30
1546580871470	30
1546580931335	29
1546580931353	28
1546580931361	27
1546580931368	26
1546580931374	24
1546580931380	23
1546581001235	21
1546581001245	20
1546581001248	18
1546581001250	17
1546581001253	16
1546581001256	15
1546581001258	15
1546581061216	14
1546581061234	13
1546581061241	13
1546581061248	12
1546581061341	12
1546581061347	13
1546581121655	14
1546581121675	17
1546581121683	20
1546581121691	24
1546581121697	30
1546581121704	37
1546581121710	44
1546581191333	51
1546581191352	59
1546581191360	66
1546581191367	74
1546581191373	80
1546581191379	86
1546581251186	90
1546581251204	93
1546581251212	95
1546581251218	95
1546581251224	95
1546581251230	94
1546581320935	93
1546581320956	91
1546581320964	89
1546581320971	86
1546581320978	84
1546581320985	81
1546581320992	78
1546581381225	76
1546581381246	74
1546581381254	71
1546581381261	69
1546581381267	68
1546581381273	66
1546581440929	65
1546581440946	64
1546581440954	64
1546581440960	64
1546581440966	64
1546581440972	64
1546581440978	64
1546581510845	64
1546581510864	64
1546581510871	64
1546581510878	64
1546581510884	63
1546581510890	62
1546581570526	61
1546581570539	60
1546581570542	58
1546581570546	55
1546581570549	53
1546581570552	51
1546581640340	48
1546581640356	45
1546581640363	42
1546581640368	40
1546581640373	38
1546581640378	36
1546581640384	34
1546581700212	33
1546581700222	31
1546581700224	31
1546581700227	30
1546581700229	30
1546581700231	29
1546581760128	29
1546581760142	29
1546581760148	29
1546581760152	28
1546581760157	28
1546581760162	27
1546581760166	27
1546581830034	27
1546581830048	26
1546581830053	26
1546581830058	25
1546581830062	24
1546581830066	24
1546581890073	23
1546581890095	22
1546581890103	22
1546581890110	21
1546581890116	20
1546581890123	19
1546581959932	18
1546581959947	18
1546581959952	16
1546581959958	15
1546581959962	14
1546581959967	13
1546581959971	13
1546582019837	14
1546582019855	15
1546582019862	18
1546582019869	23
1546582019875	29
1546582019881	36
1546582079791	44
1546582079807	53
1546582079813	63
1546582079819	72
1546582079825	81
1546582079831	89
1546582079836	95
1546582149649	95
1546582149667	95
1546582149675	95
1546582149681	95
1546582149687	94
1546582149694	93
1546582209511	91
1546582209522	89
1546582209525	87
1546582209529	84
1546582209531	81
1546582209534	78
1546582279814	76
1546582279834	74
1546582279842	72
1546582279848	71
1546582279855	70
1546582279861	69
1546582279867	68
1546582339378	67
1546582339396	67
1546582339403	67
1546582339409	67
1546582339415	67
1546582339422	67
1546582399293	67
1546582399312	66
1546582399320	66
1546582399327	66
1546582399334	66
1546582399341	65
1546582399347	65
1546582469200	64
1546582469221	63
1546582469229	62
1546582469236	61
1546582469242	59
1546582469249	58
1546582529113	56
1546582529132	53
1546582529139	51
1546582529146	48
1546582529152	45
1546582529158	43
1546582599003	40
1546582599020	37
1546582599028	34
1546582599034	32
1546582599040	30
1546582599046	28
1546582599052	26
1546582658796	25
1546582658805	24
1546582658808	23
1546582658811	22
1546582658813	22
1546582658816	21
1546582718858	21
1546582718874	20
1546582718881	19
1546582718887	18
1546582718892	17
1546582718897	16
1546582718903	15
1546582788731	13
1546582788753	11
1546582788761	10
1546582788767	8
1546582788773	6
1546582788780	5
1546582848622	5
1546582848640	5
1546582848648	5
1546582848654	5
1546582848661	5
1546582848667	5
1546582918439	5
1546582918448	7
1546582918451	9
1546582918454	13
1546582918457	18
1546582918460	23
1546582918462	30
1546582978854	37
1546582978875	44
1546582978883	50
1546582978890	57
1546582978896	63
1546582978902	68
1546583038397	72
1546583038418	75
1546583038425	77
1546583038432	79
1546583038438	79
1546583038444	79
1546583038451	78
1546583108470	76
1546583108488	74
1546583108495	72
1546583108502	70
1546583108508	68
1546583108514	66
1546583168304	64
1546583168323	62
1546583168330	61
1546583168337	59
1546583168343	58
1546583168349	57
1546583238081	57
1546583238101	56
1546583238112	56
1546583238121	56
1546583238130	56
1546583238139	56
1546583238146	56
1546583297924	56
1546583297941	56
1546583297949	55
1546583297955	55
1546583297961	54
1546583297967	53
1546583357839	52
1546583357849	51
1546583357852	49
1546583357855	48
1546583357858	46
1546583357862	44
1546583357866	42
1546583427757	40
1546583427774	38
1546583427782	36
1546583427789	35
1546583427795	34
1546583427801	33
1546583487708	32
1546583487727	31
1546583487736	30
1546583487743	29
1546583487750	29
1546583487757	28
1546583557942	28
1546583557961	27
1546583557969	26
1546583557975	25
1546583557981	24
1546583557987	23
1546583557993	22
1546583617911	21
1546583617932	21
1546583617940	20
1546583617947	19
1546583617954	18
1546583617960	18
1546583677869	17
1546583677890	17
1546583677898	16
1546583677904	16
1546583677910	16
1546583677916	15
1546583677922	15
1546583747385	15
1546583747407	15
1546583747414	16
1546583747421	18
1546583747427	21
1546583747433	25
1546583807264	29
1546583807284	35
1546583807292	41
1546583807298	48
1546583807305	55
1546583807311	62
1546583877092	68
1546583877105	75
1546583877111	80
1546583877115	84
1546583877120	88
1546583877124	90
1546583877128	91
1546583936973	91
1546583936983	90
1546583936986	88
1546583936988	86
1546583936991	83
1546583936993	80
1546583996890	77
1546583996900	74
1546583996903	71
1546583996906	68
1546583996908	65
1546583996911	63
1546583996913	61
1546584067129	60
1546584067143	59
1546584067148	58
1546584067153	58
1546584067157	58
1546584067162	58
1546584127180	58
1546584127202	58
1546584127209	59
1546584127216	59
1546584127223	59
1546584127229	58
1546584196626	58
1546584196645	57
1546584196653	56
1546584196659	55
1546584196665	54
1546584196671	53
1546584196677	51
1546584256618	50
1546584256627	48
1546584256630	47
1546584256633	46
1546584256636	45
1546584256638	44
1546584316496	43
1546584316514	42
1546584316521	41
1546584316528	41
1546584316534	40
1546584316540	40
1546584316546	39
1546584386484	38
1546584386498	37
1546584386504	37
1546584386509	36
1546584386513	35
1546584386517	34
1546584446256	34
1546584446265	33
1546584446268	33
1546584446271	32
1546584446273	31
1546584446276	31
1546584516340	30
1546584516361	29
1546584516368	28
1546584516375	28
1546584516381	27
1546584516387	26
1546584516393	25
1546584576626	24
1546584576648	23
1546584576655	24
1546584576662	25
1546584576668	28
1546584576674	31
1546584636469	36
1546584636491	42
1546584636499	48
1546584636506	55
1546584636513	63
1546584636519	70
1546584636525	77
1546584706933	83
1546584706952	88
1546584706960	91
1546584706966	94
1546584706972	95
1546584706978	94
1546584766035	93
1546584766056	92
1546584766063	89
1546584766070	87
1546584766077	83
1546584766083	80
1546584836240	77
1546584836262	73
1546584836270	70
1546584836276	67
1546584836282	65
1546584836289	63
1546584836294	61
1546584895685	59
1546584895702	59
1546584895710	58
1546584895716	58
1546584895723	58
1546584895729	59
1546584955866	60
1546584955884	61
1546584955892	62
1546584955898	62
1546584955904	63
1546584955910	63
1546584955916	63
1546585025448	63
1546585025457	63
1546585025461	62
1546585025464	61
1546585025467	60
1546585025470	58
1546585085707	57
1546585085725	55
1546585085732	53
1546585085739	52
1546585085745	50
1546585085751	49
1546585155427	47
1546585155449	46
1546585155454	45
1546585155460	44
1546585155464	43
1546585155469	42
1546585155472	41
1546585215254	40
1546585215267	40
1546585215273	39
1546585215277	38
1546585215281	36
1546585215286	35
1546585275451	34
1546585275470	33
1546585275477	32
1546585275484	30
1546585275490	29
1546585275496	27
1546585275502	26
1546585345394	25
1546585345413	23
1546585345422	22
1546585345429	21
1546585345436	20
1546585345443	19
1546585405395	18
1546585405417	17
1546585405424	17
1546585405431	18
1546585405437	19
1546585405444	22
1546585474932	25
1546585474941	29
1546585474945	35
1546585474947	42
1546585474950	49
1546585474952	56
1546585474955	64
1546585534772	71
1546585534790	78
1546585534798	84
1546585534805	89
1546585534812	93
1546585534818	95
1546585594731	95
1546585594750	95
1546585594757	94
1546585594764	93
1546585594770	91
1546585594776	89
1546585594782	87
1546585665025	85
1546585665047	83
1546585665054	81
1546585665061	79
1546585665068	77
1546585665074	75
1546585724465	73
1546585724475	72
1546585724478	70
1546585724481	69
1546585724483	68
1546585724486	67
1546585794739	66
1546585794757	65
1546585794764	65
1546585794771	65
1546585794777	64
1546585794784	64
1546585794789	63
1546585854380	63
1546585854401	62
1546585854409	61
1546585854415	60
1546585854421	59
1546585854427	58
1546585914192	56
1546585914202	54
1546585914205	53
1546585914208	51
1546585914211	49
1546585914213	47
1546585914216	45
1546585984084	43
1546585984093	42
1546585984096	40
1546585984099	39
1546585984101	38
1546585984104	37
1546586044096	36
1546586044114	35
1546586044121	34
1546586044127	34
1546586044134	33
1546586044140	32
1546586114022	31
1546586114041	30
1546586114048	29
1546586114055	28
1546586114060	27
1546586114067	27
1546586114073	25
1546586173848	25
1546586173863	23
1546586173869	22
1546586173874	21
1546586173879	20
1546586173883	20
1546586233766	19
1546586233774	18
1546586233777	17
1546586233779	16
1546586233781	15
1546586233783	14
1546586233785	14
1546586303845	14
1546586303863	15
1546586303871	16
1546586303877	19
1546586303883	23
1546586303889	29
1546586363642	35
1546586363659	43
1546586363666	51
1546586363673	60
1546586363679	68
1546586363685	76
1546586434013	84
1546586434033	90
1546586434041	95
1546586434047	95
1546586434053	94
1546586434059	94
1546586434065	93
1546586493718	93
1546586493735	91
1546586493743	90
1546586493750	87
1546586493756	85
1546586493762	82
1546586553832	79
1546586553851	76
1546586553859	73
1546586553865	71
1546586553872	68
1546586553878	66
1546586553884	64
1546586623261	62
1546586623271	61
1546586623274	60
1546586623277	59
1546586623279	59
1546586623281	59
1546586683681	59
1546586683697	59
1546586683702	59
1546586683708	59
1546586683713	59
1546586683717	58
1546586753022	58
1546586753035	57
1546586753041	55
1546586753046	54
1546586753050	52
1546586753055	50
1546586753059	48
1546586812942	46
1546586812955	45
1546586812961	43
1546586812966	41
1546586812971	40
1546586812975	39
1546586872818	38
1546586872827	37
1546586872830	37
1546586872833	37
1546586872835	36
1546586872838	36
1546586872840	36
1546586942766	35
1546586942780	34
1546586942786	33
1546586942790	32
1546586942795	30
1546586942800	29
1546587002677	28
1546587002686	26
1546587002689	25
1546587002691	23
1546587002693	22
1546587002695	21
1546587073026	21
1546587073049	20
1546587073056	20
1546587073063	20
1546587073069	21
1546587073075	21
1546587073081	21
1546587132944	21
1546587132966	21
1546587132974	21
1546587132980	21
1546587132986	20
1546587132992	20
1546587192694	20
1546587192712	21
1546587192720	22
1546587192727	25
1546587192733	29
1546587192739	34
1546587192745	41
1546587262454	49
1546587262472	58
1546587262480	67
1546587262486	76
1546587262493	85
1546587262499	93
1546587322216	95
1546587322225	95
1546587322227	95
1546587322230	95
1546587322232	95
1546587322234	95
1546587392360	94
1546587392370	93
1546587392373	92
1546587392376	90
1546587392378	88
1546587392381	86
1546587392383	83
1546587452069	81
1546587452083	79
1546587452090	78
1546587452095	77
1546587452100	75
1546587452105	75
1546587512038	74
1546587512047	73
1546587512050	73
1546587512053	73
1546587512055	72
1546587512058	72
1546587512060	72
1546587581943	72
1546587581961	71
1546587581968	71
1546587581975	70
1546587581981	70
1546587581987	69
1546587642033	68
1546587642046	67
1546587642052	66
1546587642056	64
1546587642061	63
1546587642065	61
1546587712008	60
1546587712031	59
1546587712039	57
1546587712046	56
1546587712053	55
1546587712059	54
1546587712065	53
1546587772075	52
1546587772096	51
1546587772104	51
1546587772110	50
1546587772116	50
1546587772123	49
1546587831735	49
1546587831745	48
1546587831748	48
1546587831751	47
1546587831753	47
1546587831756	46
1546587831758	45
1546587901482	44
1546587901504	44
1546587901512	43
1546587901519	42
1546587901526	41
1546587901533	40
1546587961344	39
1546587961353	38
1546587961356	36
1546587961359	35
1546587961361	34
1546587961364	33
1546588031289	32
1546588031308	31
1546588031316	30
1546588031323	29
1546588031330	28
1546588031337	27
1546588031343	26
1546588091260	26
1546588091270	26
1546588091274	27
1546588091277	29
1546588091279	32
1546588091282	36
1546588151494	40
1546588151512	46
1546588151520	52
1546588151526	58
1546588151532	64
1546588151539	69
1546588151545	74
1546588220978	78
1546588220988	82
1546588220991	84
1546588220994	86
1546588220997	86
1546588220999	86
1546588281029	85
1546588281059	83
1546588281067	81
1546588281074	79
1546588281081	77
1546588281087	75
1546588350750	73
1546588350760	70
1546588350763	68
1546588350766	67
1546588350769	65
1546588350771	63
1546588350774	62
1546588410715	61
1546588410733	60
1546588410740	59
1546588410747	58
1546588410753	57
1546588410759	56
1546588471089	55
1546588471107	54
1546588471115	53
1546588471122	52
1546588471128	50
1546588471134	49
1546588471141	47
1546588540601	45
1546588540623	43
1546588540631	41
1546588540638	39
1546588540645	37
1546588540651	35
1546588600777	33
1546588600795	31
1546588600803	29
1546588600809	28
1546588600815	26
1546588600821	25
1546588670798	24
1546588670825	23
1546588670835	22
1546588670844	21
1546588670852	20
1546588670861	19
1546588670870	19
1546588730295	18
1546588730312	18
1546588730319	17
1546588730325	16
1546588730330	15
1546588730334	15
1546588790482	13
1546588790500	12
1546588790508	11
1546588790514	10
1546588790520	9
1546588790526	8
1546588790533	7
1546588860522	6
1546588860543	5
1546588860551	5
1546588860558	5
1546588860564	5
1546588860570	5
1546588920302	5
1546588920324	5
1546588920332	5
1546588920339	5
1546588920345	5
1546588920351	5
1546588990333	5
1546588990355	5
1546588990363	6
1546588990370	7
1546588990377	9
1546588990383	13
1546588990389	16
1546589050211	21
1546589050232	27
1546589050247	33
1546589050253	39
1546589050259	45
1546589050265	50
1546589110073	55
1546589110096	60
1546589110104	63
1546589110113	66
1546589110120	67
1546589110127	68
1546589110134	68
1546589179574	67
1546589179584	65
1546589179587	64
1546589179590	62
1546589179592	59
1546589179595	57
1546589239627	54
1546589239645	52
1546589239652	50
1546589239659	48
1546589239665	46
1546589239671	45
1546589309853	44
1546589309874	43
1546589309882	42
1546589309888	42
1546589309895	41
1546589309901	41
1546589309907	40
1546589369477	40
1546589369496	39
1546589369503	38
1546589369510	37
1546589369516	36
1546589369522	35
1546589429286	34
1546589429304	32
1546589429313	30
1546589429319	29
1546589429325	27
1546589429331	25
1546589429337	23
1546589499213	22
1546589499231	20
1546589499239	18
1546589499245	17
1546589499251	16
1546589499257	14
1546589559150	13
1546589559168	12
1546589559175	11
1546589559182	10
1546589559187	9
1546589559194	8
1546589629189	7
1546589629208	7
1546589629216	6
1546589629222	6
1546589629229	5
1546589629235	6
1546589629241	5
1546589689224	5
1546589689242	5
1546589689250	5
1546589689256	5
1546589689262	5
1546589689268	5
1546589749384	6
1546589749407	6
1546589749415	6
1546589749421	6
1546589749428	5
1546589749434	5
1546589749440	6
1546589818943	6
1546589818965	6
1546589818973	5
1546589818979	5
1546589818986	5
1546589818993	5
1546589879151	5
1546589879174	5
1546589879182	6
1546589879189	7
1546589879196	9
1546589879202	12
1546589948971	15
1546589948989	19
1546589948996	23
1546589949003	27
1546589949009	32
1546589949015	36
1546589949021	39
1546590008469	42
1546590008484	45
1546590008490	46
1546590008495	47
1546590008500	47
1546590008505	47
1546590068447	45
1546590068465	44
1546590068472	42
1546590068477	40
1546590068483	38
1546590068489	37
1546590068494	35
1546590138824	33
1546590138842	31
1546590138850	30
1546590138857	29
1546590138863	28
1546590138869	27
1546590198636	26
1546590198658	26
1546590198666	26
1546590198672	25
1546590198678	25
1546590198685	25
1546590268466	25
1546590268485	25
1546590268491	25
1546590268496	25
1546590268501	25
1546590268505	24
1546590268509	23
1546590328522	23
1546590328542	22
1546590328550	21
1546590328557	20
1546590328563	19
1546590328569	18
1546590388237	17
1546590388255	16
1546590388263	15
1546590388269	14
1546590388275	13
1546590388282	12
1546590388288	11
1546590457855	10
1546590457869	10
1546590457873	10
1546590457876	9
1546590457879	9
1546590457881	9
1546590518086	9
1546590518104	9
1546590518111	9
1546590518118	9
1546590518124	9
1546590518130	9
1546590587584	8
1546590587593	8
1546590587596	7
1546590587598	7
1546590587600	7
1546590587603	6
1546590587605	6
1546590647518	5
1546590647534	5
1546590647541	5
1546590647546	5
1546590647552	5
1546590647557	5
1546590707431	5
1546590707440	6
1546590707444	7
1546590707447	9
1546590707450	12
1546590707452	16
1546590707455	20
1546590777788	24
1546590777809	29
1546590777817	34
1546590777824	38
1546590777830	42
1546590777837	46
1546590837890	49
1546590837912	51
1546590837921	53
1546590837928	54
1546590837935	55
1546590837942	54
1546590907589	54
1546590907611	53
1546590907618	51
1546590907626	50
1546590907633	48
1546590907640	46
1546590907646	45
1546590967498	44
1546590967516	42
1546590967524	41
1546590967530	40
1546590967536	40
1546590967542	39
1546591026978	39
1546591026987	39
1546591026990	39
1546591026993	39
1546591026996	40
1546591026998	40
1546591027001	40
1546591096921	40
1546591096931	41
1546591096934	41
1546591096936	40
1546591096939	40
1546591096942	40
1546591156870	39
1546591156884	39
1546591156891	38
1546591156897	37
1546591156902	37
1546591156907	36
1546591226778	35
1546591226797	34
1546591226806	34
1546591226813	33
1546591226820	33
1546591226827	32
1546591226833	32
1546591286714	32
1546591286737	32
1546591286746	32
1546591286754	32
1546591286762	32
1546591286769	32
1546591346964	32
1546591346983	32
1546591346991	32
1546591346997	32
1546591347003	32
1546591347009	32
1546591347015	32
1546591416961	31
1546591416983	31
1546591416991	31
1546591416998	31
1546591417005	30
1546591417011	31
1546591476443	32
1546591476460	33
1546591476468	36
1546591476474	39
1546591476480	42
1546591476486	47
1546591546822	52
1546591546840	57
1546591546846	62
1546591546851	66
1546591546855	71
1546591546859	75
1546591546899	77
1546591606470	80
1546591606488	81
1546591606495	82
1546591606502	82
1546591606508	81
1546591606514	80
1546591666142	79
1546591666157	78
1546591666163	76
1546591666167	75
1546591666172	73
1546591666177	72
1546591666181	71
1546591736054	69
1546591736073	68
1546591736081	67
1546591736087	66
1546591736093	66
1546591736100	65
1546591795900	64
1546591795909	64
1546591795912	63
1546591795914	63
1546591795916	63
1546591795918	62
1546591865841	62
1546591865855	61
1546591865860	61
1546591865865	60
1546591865869	59
1546591865874	58
1546591865878	57
1546591925855	55
1546591925876	54
1546591925884	53
1546591925891	51
1546591925897	50
1546591925904	49
1546591986170	48
1546591986191	47
1546591986199	46
1546591986206	45
1546591986212	43
1546591986218	43
1546591986224	42
1546592055654	42
1546592055673	41
1546592055680	40
1546592055687	40
1546592055693	39
1546592055699	39
1546592115824	38
1546592115842	38
1546592115849	37
1546592115856	36
1546592115861	36
1546592115868	35
1546592185592	34
1546592185611	33
1546592185619	33
1546592185625	31
1546592185632	30
1546592185638	29
1546592185644	28
1546592245285	27
1546592245294	26
1546592245296	26
1546592245299	26
1546592245301	27
1546592245303	29
1546592305273	32
1546592305298	35
1546592305310	40
1546592305320	45
1546592305327	51
1546592305332	57
1546592305336	62
1546592375493	68
1546592375512	73
1546592375519	77
1546592375526	81
1546592375532	83
1546592375538	85
1546592435394	86
1546592435413	87
1546592435420	86
1546592435427	86
1546592435433	85
1546592435439	84
1546592505467	83
1546592505487	82
1546592505495	80
1546592505501	79
1546592505508	77
1546592505514	76
1546592505520	75
1546592564899	73
1546592564913	72
1546592564919	71
1546592564924	70
1546592564929	69
1546592564933	67
1546592624937	67
1546592624955	66
1546592624962	65
1546592624968	64
1546592624974	63
1546592624981	63
1546592624986	62
1546592694696	61
1546592694711	60
1546592694716	60
1546592694722	59
1546592694726	58
1546592694731	57
1546592754623	55
1546592754638	54
1546592754644	53
1546592754648	52
1546592754653	50
1546592754657	49
1546592824803	48
1546592824824	47
1546592824832	46
1546592824839	45
1546592824846	44
1546592824852	43
1546592824858	42
1546592884476	41
1546592884490	40
1546592884496	40
1546592884501	39
1546592884506	39
1546592884511	38
1546592944357	37
1546592944372	37
1546592944375	36
1546592944378	35
1546592944381	34
1546592944384	34
1546592944386	33
1546593014359	32
1546593014378	31
1546593014385	31
1546593014392	30
1546593014398	29
1546593014404	28
1546593074625	27
1546593074646	26
1546593074653	25
1546593074660	24
1546593074666	24
1546593074673	23
1546593144103	24
1546593144122	25
1546593144129	27
1546593144136	30
1546593144142	34
1546593144149	39
1546593144155	45
1546593204181	52
1546593204193	60
1546593204197	67
1546593204200	74
1546593204203	80
1546593204206	86
1546593264706	90
1546593264727	94
1546593264736	94
1546593264743	94
1546593264749	94
1546593264756	94
1546593264762	93
1546593333802	92
1546593333821	91
1546593333829	89
1546593333836	87
1546593333843	85
1546593333850	84
1546593393779	82
1546593393800	80
1546593393807	78
1546593393814	77
1546593393820	75
1546593393827	74
1546593463741	72
1546593463759	71
1546593463767	70
1546593463774	69
1546593463780	68
1546593463786	67
1546593463792	66
1546593523919	65
1546593523936	64
1546593523944	63
1546593523950	62
1546593523956	61
1546593523962	60
1546593583623	59
1546593583644	57
1546593583652	56
1546593583660	55
1546593583667	53
1546593583673	52
1546593583680	50
1546593653678	49
1546593653695	47
1546593653703	46
1546593653709	44
1546593653715	43
1546593653721	41
1546593713692	40
1546593713713	38
1546593713720	37
1546593713727	35
1546593713733	34
1546593713739	33
1546593783522	32
1546593783540	30
1546593783548	29
1546593783554	28
1546593783560	27
1546593783566	26
1546593783572	25
1546593843536	24
1546593843558	23
1546593843566	22
1546593843573	21
1546593843580	20
1546593843586	19
1546593903437	18
1546593903458	16
1546593903466	15
1546593903472	14
1546593903479	13
1546593903485	12
1546593903491	10
1546593972851	9
1546593972867	8
1546593972874	6
1546593972880	5
1546593972886	5
1546593972891	5
1546594032972	5
1546594032991	5
1546594032998	5
1546594033004	5
1546594033010	5
1546594033016	6
1546594102723	8
1546594102737	11
1546594102743	15
1546594102747	20
1546594102752	25
1546594102756	31
1546594102761	37
1546594162955	43
1546594162973	48
1546594162981	53
1546594162987	57
1546594162993	60
1546594163000	63
1546594222542	64
1546594222557	65
1546594222563	65
1546594222568	64
1546594222573	63
1546594222578	61
1546594222582	59
1546594292498	57
1546594292516	55
1546594292523	54
1546594292529	52
1546594292535	50
1546594292542	49
1546594352814	48
1546594352836	47
1546594352843	46
1546594352850	45
1546594352856	44
1546594352863	44
1546594422342	44
1546594422357	44
1546594422362	43
1546594422366	43
1546594422371	43
1546594422375	42
1546594422380	42
1546594482599	41
1546594482617	41
1546594482625	40
1546594482632	39
1546594482638	38
1546594482644	37
1546594542203	36
1546594542222	36
1546594542229	34
1546594542236	33
1546594542242	32
1546594542248	31
1546594542254	30
1546594612069	28
1546594612087	27
1546594612095	27
1546594612101	26
1546594612107	25
1546594612113	25
1546594671925	24
1546594671938	24
1546594671942	24
1546594671946	24
1546594671949	24
1546594671952	24
1546594741877	24
1546594741896	24
1546594741904	24
1546594741910	24
1546594741917	24
1546594741923	24
1546594741929	24
1546594801743	24
1546594801752	24
1546594801755	24
1546594801758	23
1546594801760	23
1546594801763	23
1546594861792	22
1546594861812	22
1546594861820	22
1546594861827	21
1546594861834	21
1546594861840	22
1546594861846	23
1546594931672	25
1546594931692	27
1546594931701	31
1546594931708	36
1546594931715	41
1546594931721	48
1546594991526	54
1546594991544	61
1546594991552	68
1546594991558	74
1546594991565	80
1546594991572	85
1546595061428	89
1546595061443	92
1546595061450	94
1546595061455	94
1546595061461	93
1546595061466	93
1546595061471	92
1546595121282	91
1546595121296	89
1546595121302	87
1546595121307	85
1546595121312	83
1546595121317	81
1546595181298	79
1546595181318	78
1546595181326	77
1546595181332	75
1546595181339	74
1546595181345	74
1546595181351	73
1546595251098	73
1546595251112	73
1546595251117	73
1546595251122	73
1546595251126	73
1546595251130	73
1546595310971	72
1546595310980	72
1546595310983	72
1546595310985	71
1546595310987	71
1546595310990	70
1546595380934	69
1546595380952	68
1546595380960	66
1546595380966	65
1546595380973	64
1546595380979	62
1546595380985	61
1546595440950	59
1546595440968	58
1546595440976	57
1546595440982	55
1546595440988	54
1546595440995	53
1546595501173	52
1546595501192	51
1546595501199	50
1546595501206	49
1546595501212	48
1546595501218	48
1546595501224	47
1546595570691	46
1546595570705	45
1546595570711	44
1546595570716	44
1546595570721	43
1546595570726	42
1546595630679	41
1546595630700	40
1546595630707	39
1546595630714	38
1546595630721	37
1546595630727	37
1546595700593	36
1546595700612	35
1546595700620	34
1546595700626	33
1546595700632	32
1546595700638	31
1546595700644	31
1546595760594	30
1546595760612	30
1546595760620	31
1546595760627	32
1546595760633	34
1546595760639	38
1546595820307	42
1546595820316	48
1546595820319	54
1546595820322	61
1546595820325	68
1546595820327	75
1546595820329	81
1546595890731	87
1546595890752	93
1546595890760	95
1546595890767	95
1546595890774	95
1546595890780	94
1546595950494	94
1546595950512	94
1546595950520	93
1546595950526	92
1546595950532	90
1546595950538	89
1546596020056	87
1546596020074	86
1546596020082	84
1546596020088	82
1546596020094	81
1546596020100	80
1546596020106	79
1546596080115	77
1546596080136	76
1546596080144	75
1546596080151	74
1546596080158	73
1546596080164	73
1546596140174	72
1546596140193	71
1546596140202	71
1546596140209	70
1546596140216	70
1546596140223	69
1546596140229	68
1546596209695	68
1546596209703	67
1546596209707	66
1546596209709	65
1546596209712	64
1546596209714	63
1546596269683	62
1546596269701	61
1546596269708	60
1546596269715	59
1546596269721	57
1546596269727	56
1546596339765	55
1546596339774	54
1546596339778	53
1546596339780	52
1546596339783	52
1546596339785	51
1546596339788	50
1546596399455	49
1546596399464	49
1546596399467	48
1546596399470	47
1546596399473	46
1546596399475	46
1546596459417	45
1546596459435	44
1546596459443	43
1546596459450	42
1546596459456	42
1546596459462	41
1546596459468	40
1546596529385	39
1546596529403	38
1546596529410	37
1546596529416	37
1546596529422	36
1546596529428	35
1546596589624	34
1546596589642	33
1546596589649	32
1546596589656	31
1546596589662	31
1546596589668	30
1546596659130	29
1546596659139	28
1546596659142	27
1546596659145	26
1546596659148	26
1546596659150	26
1546596659152	27
1546596719042	29
1546596719056	32
1546596719061	36
1546596719066	40
1546596719071	46
1546596719076	52
1546596778959	59
1546596778978	66
1546596778987	72
1546596778995	78
1546596779003	83
1546596779010	88
1546596779017	91
1546596848958	93
1546596848979	95
1546596848987	95
1546596848993	94
1546596849000	94
1546596849006	92
1546596909243	91
1546596909263	89
1546596909271	87
1546596909278	86
1546596909285	84
1546596909291	82
1546596979122	81
1546596979135	79
1546596979139	78
1546596979143	76
1546596979146	75
1546596979149	74
1546596979152	73
1546597038725	72
1546597038745	71
1546597038753	70
1546597038759	69
1546597038766	68
1546597038772	67
1546597098527	66
1546597098541	65
1546597098547	63
1546597098551	62
1546597098556	61
1546597098560	59
1546597098565	58
1546597168767	57
1546597168785	55
1546597168792	53
1546597168799	52
1546597168806	50
1546597168812	48
1546597228335	47
1546597228351	45
1546597228358	43
1546597228364	41
1546597228369	39
1546597228374	37
1546597298717	36
1546597298735	34
1546597298743	33
1546597298749	31
1546597298756	30
1546597298762	29
1546597298767	28
1546597358424	27
1546597358443	25
1546597358450	24
1546597358457	23
1546597358463	22
1546597358469	21
1546597418176	20
1546597418193	18
1546597418199	17
1546597418203	16
1546597418208	14
1546597418213	13
1546597418217	11
1546597488342	10
1546597488360	9
1546597488367	8
1546597488374	7
1546597488380	5
1546597488387	5
1546597548293	5
1546597548303	5
1546597548306	5
1546597548309	5
1546597548312	5
1546597548314	5
1546597618360	5
1546597618379	5
1546597618387	6
1546597618393	7
1546597618400	9
1546597618406	12
1546597618411	16
1546597678079	20
1546597678097	26
1546597678105	31
1546597678112	37
1546597678118	43
1546597678125	48
1546597738087	53
1546597738109	57
1546597738117	60
1546597738124	63
1546597738131	64
1546597738137	65
1546597738143	65
1546597807918	64
1546597807937	63
1546597807945	61
1546597807952	59
1546597807958	57
1546597807964	55
1546597868109	53
1546597868131	51
1546597868139	48
1546597868146	47
1546597868152	45
1546597868158	43
1546597937469	42
1546597937487	41
1546597937495	41
1546597937502	40
1546597937508	40
1546597937514	39
1546597937520	39
1546597997431	39
1546597997452	39
1546597997469	39
1546597997475	39
1546597997482	39
1546597997488	39
1546598057234	39
1546598057251	39
1546598057259	38
1546598057266	38
1546598057272	37
1546598057278	37
1546598057284	36
1546598127408	35
1546598127426	35
1546598127434	34
1546598127440	34
1546598127446	33
1546598127452	33
1546598187159	33
1546598187180	33
1546598187188	33
1546598187194	33
1546598187201	33
1546598187207	33
1546598257158	33
1546598257175	33
1546598257183	33
1546598257190	33
1546598257196	33
1546598257202	33
1546598257208	33
1546598316788	32
1546598316796	32
1546598316799	31
1546598316802	31
1546598316805	30
1546598316807	29
1546598376805	28
1546598376825	26
1546598376833	25
1546598376840	24
1546598376847	22
1546598376854	21
1546598376861	20
1546598446692	20
1546598446710	21
1546598446717	22
1546598446724	24
1546598446730	27
1546598446736	31
1546598506520	36
1546598506530	41
1546598506534	46
1546598506536	52
1546598506539	57
1546598506542	62
1546598576788	66
1546598576806	70
1546598576813	72
1546598576820	74
1546598576826	75
1546598576832	75
1546598576838	75
1546598636707	74
1546598636725	72
1546598636733	71
1546598636739	69
1546598636745	67
1546598636751	65
1546598696211	64
1546598696229	62
1546598696236	61
1546598696243	61
1546598696249	60
1546598696256	60
1546598696262	60
1546598766471	60
1546598766481	60
1546598766484	61
1546598766487	61
1546598766490	61
1546598766492	62
1546598826248	62
1546598826266	61
1546598826273	61
1546598826280	59
1546598826286	58
1546598826292	56
1546598896223	54
1546598896236	52
1546598896242	49
1546598896249	45
1546598896255	42
1546598896261	38
1546598896268	35
1546598955800	32
1546598955809	28
1546598955812	26
1546598955815	23
1546598955817	21
1546598955819	20
1546599015742	18
1546599015751	17
1546599015754	17
1546599015756	17
1546599015758	17
1546599015760	17
1546599015762	18
1546599085640	19
1546599085650	19
1546599085653	19
1546599085655	19
1546599085657	18
1546599085660	18
1546599145530	17
1546599145542	16
1546599145548	16
1546599145552	15
1546599145557	15
1546599145562	16
1546599215440	17
1546599215453	19
1546599215456	23
1546599215459	27
1546599215461	33
1546599215463	39
1546599215465	45
1546599275408	52
1546599275423	58
1546599275429	64
1546599275433	69
1546599275438	74
1546599275442	77
1546599335284	79
1546599335298	81
1546599335303	81
1546599335308	82
1546599335313	82
1546599335317	81
1546599335322	82
1546599405214	82
1546599405225	83
1546599405228	85
1546599405231	87
1546599405234	90
1546599405237	93
1546599465174	95
1546599465191	95
1546599465199	95
1546599465205	95
1546599465211	95
1546599465217	95
1546599535338	95
1546599535355	95
1546599535363	95
1546599535370	95
1546599535376	95
1546599535382	95
1546599535388	95
1546599595250	95
1546599595269	94
1546599595277	94
1546599595284	93
1546599595290	92
1546599595297	90
1546599654890	88
1546599654910	86
1546599654919	83
1546599654926	80
1546599654933	77
1546599654940	74
1546599654947	71
1546599725012	68
1546599725031	64
1546599725039	61
1546599725045	58
1546599725051	55
1546599725057	51
1546599784790	48
1546599784808	45
1546599784815	43
1546599784821	40
1546599784827	38
1546599784833	36
1546599855020	34
1546599855042	32
1546599855050	31
1546599855057	30
1546599855063	29
1546599855069	27
1546599855075	26
1546599914933	26
1546599914955	25
1546599914963	24
1546599914970	24
1546599914976	23
1546599914982	23
1546599974713	22
1546599974731	23
1546599974738	23
1546599974745	24
1546599974752	26
1546599974758	29
1546599974764	32
1546600044380	35
1546600044398	40
1546600044406	44
1546600044412	48
1546600044418	53
1546600044424	58
1546600104586	62
1546600104605	65
1546600104612	69
1546600104619	71
1546600104625	73
1546600104631	75
1546600174100	76
1546600174109	77
1546600174112	77
1546600174115	77
1546600174117	76
1546600174120	75
1546600174123	74
1546600234089	73
1546600234102	72
1546600234108	71
1546600234112	70
1546600234117	70
1546600234121	69
1546600293929	68
1546600293938	68
1546600293941	67
1546600293944	67
1546600293947	67
1546600293949	67
1546600293951	68
1546600364220	68
1546600364238	69
1546600364246	69
1546600364253	70
1546600364259	70
1546600364265	71
1546600424204	71
1546600424226	71
1546600424233	71
1546600424240	70
1546600424246	70
1546600424252	69
1546600493791	68
1546600493812	67
1546600493819	66
1546600493826	64
1546600493832	63
1546600493838	62
1546600493844	61
1546600554132	60
1546600554150	59
1546600554158	58
1546600554164	57
1546600554170	56
1546600554176	56
1546600613794	55
1546600613813	55
1546600613821	54
1546600613827	53
1546600613834	53
1546600613840	52
1546600613846	51
1546600683523	50
1546600683533	50
1546600683536	48
1546600683538	47
1546600683541	46
1546600683544	44
1546600743354	43
1546600743371	42
1546600743379	40
1546600743385	39
1546600743392	38
1546600743398	38
1546600813483	38
1546600813502	38
1546600813510	40
1546600813516	41
1546600813523	44
1546600813529	47
1546600813535	50
1546600873146	53
1546600873155	57
1546600873158	60
1546600873161	63
1546600873164	65
1546600873166	67
1546600933406	69
1546600933428	70
1546600933436	70
1546600933443	70
1546600933450	70
1546600933456	69
1546600933462	68
1546601002971	67
1546601002985	66
1546601002991	64
1546601002995	63
1546601003000	61
1546601003004	60
1546601063115	59
1546601063124	58
1546601063127	57
1546601063130	56
1546601063132	56
1546601063135	55
1546601132922	55
1546601132940	55
1546601132947	55
1546601132954	55
1546601132960	55
1546601132967	55
1546601132972	56
1546601192988	56
1546601193007	56
1546601193014	57
1546601193021	57
1546601193027	57
1546601193033	58
1546601252988	58
1546601253006	58
1546601253014	58
1546601253020	58
1546601253027	58
1546601253033	58
1546601253039	58
1546601322723	58
1546601322733	58
1546601322736	58
1546601322739	57
1546601322741	57
1546601322744	57
1546601382895	56
1546601382916	56
1546601382924	55
1546601382930	54
1546601382937	54
1546601382943	53
1546601452273	53
1546601452282	52
1546601452284	52
1546601452287	52
1546601452289	51
1546601452292	51
1546601452294	52
1546601512558	52
1546601512578	53
1546601512585	55
1546601512592	57
1546601512598	60
1546601512604	63
1546601572261	66
1546601572274	70
1546601572277	74
1546601572281	77
1546601572283	80
1546601572286	83
1546601572289	86
1546601642470	88
1546601642490	89
1546601642499	90
1546601642506	90
1546601642513	91
1546601642519	90
1546601702043	89
1546601702060	88
1546601702067	87
1546601702073	86
1546601702079	85
1546601702086	83
1546601771908	82
1546601771928	80
1546601771936	79
1546601771944	78
1546601771950	76
1546601771958	75
1546601771964	74
1546601831739	73
1546601831752	72
1546601831758	70
1546601831763	70
1546601831768	69
1546601831772	68
1546601891966	67
1546601891985	66
1546601891993	65
1546601892000	64
1546601892006	63
1546601892012	62
1546601892018	61
1546601961555	60
1546601961569	59
1546601961574	58
1546601961580	56
1546601961585	55
1546601961589	54
1546602021516	53
1546602021534	52
1546602021541	50
1546602021548	50
1546602021554	48
1546602021561	47
1546602091397	47
1546602091415	46
1546602091422	45
1546602091428	44
1546602091434	44
1546602091440	43
1546602091446	42
1546602151217	41
1546602151226	41
1546602151228	40
1546602151231	39
1546602151233	38
1546602151235	37
1546602211204	36
1546602211223	35
1546602211232	34
1546602211239	33
1546602211246	32
1546602211253	31
1546602211260	30
1546602281367	30
1546602281386	30
1546602281393	30
1546602281400	31
1546602281406	33
1546602281412	36
1546602341313	39
1546602341332	43
1546602341339	48
1546602341345	52
1546602341351	57
1546602341357	62
1546602410919	66
1546602410934	70
1546602410945	74
1546602410951	77
1546602410957	79
1546602410963	81
1546602410970	82
1546602470897	82
1546602470917	83
1546602470925	82
1546602470932	82
1546602470938	81
1546602470944	80
1546602530836	79
1546602530860	78
1546602530870	77
1546602530880	76
1546602530891	74
1546602530899	73
1546602530907	71
1546602600642	69
1546602600651	68
1546602600654	66
1546602600657	65
1546602600659	64
1546602600662	62
1546602660737	61
1546602660755	60
1546602660762	59
1546602660768	58
1546602660775	57
1546602660781	56
1546602730630	55
1546602730644	54
1546602730649	54
1546602730654	53
1546602730658	52
1546602730663	51
1546602730667	50
1546602790402	49
1546602790412	48
1546602790415	46
1546602790428	45
1546602790430	44
1546602790433	42
1546602850333	41
1546602850346	39
1546602850349	38
1546602850352	36
1546602850355	35
1546602850357	33
1546602850360	32
1546602920228	30
1546602920247	28
1546602920256	27
1546602920263	25
1546602920270	24
1546602920276	22
1546602980499	21
1546602980520	19
1546602980528	18
1546602980535	16
1546602980541	15
1546602980547	13
1546603049974	12
1546603049984	11
1546603049987	9
1546603049990	8
1546603049993	7
1546603049996	6
1546603049998	5
1546603110351	5
1546603110374	5
1546603110382	6
1546603110389	7
1546603110395	9
1546603110401	12
1546603170110	16
1546603170129	21
1546603170136	26
1546603170143	32
1546603170149	38
1546603170155	44
1546603170161	51
1546603239831	56
1546603239839	61
1546603239842	66
1546603239844	70
1546603239846	73
1546603239848	75
1546603299798	76
1546603299813	77
1546603299819	78
1546603299824	78
1546603299829	78
1546603299834	77
1546603369584	76
1546603369598	76
1546603369603	75
1546603369608	74
1546603369613	73
1546603369617	72
1546603369621	71
1546603429735	70
1546603429755	69
1546603429763	68
1546603429770	68
1546603429777	67
1546603429784	66
1546603489476	66
1546603489497	65
1546603489505	64
1546603489511	64
1546603489517	63
1546603489524	63
1546603489529	62
1546603559625	61
1546603559647	60
1546603559656	59
1546603559664	58
1546603559671	57
1546603559678	55
1546603619092	54
1546603619101	52
1546603619104	51
1546603619106	49
1546603619108	48
1546603619111	46
1546603689083	45
1546603689103	43
1546603689111	42
1546603689118	41
1546603689125	39
1546603689132	38
1546603689138	37
1546603749018	36
1546603749040	35
1546603749048	34
1546603749055	33
1546603749062	32
1546603749068	31
1546603809263	30
1546603809286	30
1546603809294	29
1546603809301	28
1546603809307	27
1546603809314	27
1546603809319	27
1546603879273	27
1546603879293	27
1546603879300	28
1546603879306	31
1546603879313	33
1546603879319	37
1546603938850	42
1546603938861	47
1546603938865	52
1546603938868	58
1546603938872	64
1546603938875	70
1546604008553	76
1546604008563	81
1546604008566	85
1546604008569	89
1546604008571	92
1546604008574	93
1546604008576	95
1546604068432	94
1546604068441	94
1546604068444	94
1546604068447	93
1546604068449	92
1546604068452	91
1546604128593	90
1546604128607	88
1546604128613	87
1546604128618	85
1546604128622	84
1546604128627	82
1546604128631	81
1546604198605	79
1546604198623	78
1546604198631	77
1546604198637	76
1546604198643	74
1546604198650	73
1546604258169	72
1546604258187	72
1546604258194	71
1546604258200	70
1546604258206	69
1546604258212	69
1546604328071	68
1546604328081	67
1546604328084	66
1546604328087	65
1546604328090	64
1546604328092	63
1546604328094	62
1546604388109	61
1546604388127	60
1546604388134	58
1546604388141	57
1546604388146	56
1546604388153	55
1546604448338	53
1546604448356	52
1546604448363	51
1546604448370	50
1546604448376	49
1546604448382	48
1546604448388	47
1546604517802	47
1546604517816	46
1546604517822	46
1546604517826	46
1546604517831	46
1546604517836	46
1546604577638	45
1546604577647	45
1546604577650	45
1546604577653	44
1546604577656	44
1546604577658	43
1546604647560	42
1546604647569	41
1546604647572	40
1546604647575	39
1546604647578	37
1546604647580	36
1546604647582	36
1546604707935	35
1546604707953	35
1546604707961	36
1546604707967	38
1546604707974	41
1546604707981	45
1546604767447	49
1546604767461	55
1546604767467	60
1546604767471	66
1546604767476	72
1546604767480	77
1546604767484	81
1546604837363	84
1546604837385	87
1546604837393	88
1546604837400	89
1546604837407	88
1546604837412	87
1546604897570	85
1546604897584	82
1546604897589	79
1546604897594	76
1546604897598	72
1546604897602	69
1546604967110	65
1546604967124	62
1546604967130	58
1546604967136	55
1546604967141	52
1546604967146	49
1546604967150	47
1546605027169	44
1546605027187	42
1546605027194	40
1546605027199	38
1546605027204	36
1546605027209	35
1546605087267	33
1546605087286	32
1546605087293	32
1546605087300	31
1546605087306	30
1546605087312	29
1546605087318	28
1546605157266	28
1546605157287	27
1546605157294	26
1546605157301	25
1546605157307	24
1546605157313	23
1546605216771	22
1546605216788	21
1546605216795	20
1546605216800	18
1546605216806	17
1546605216811	16
1546605287144	15
1546605287165	14
1546605287173	12
1546605287180	11
1546605287187	10
1546605287193	9
1546605287199	7
1546605347166	6
1546605347188	5
1546605347197	5
1546605347204	5
1546605347211	5
1546605347217	5
1546605406870	5
1546605406891	5
1546605406898	5
1546605406905	5
1546605406911	5
1546605406917	5
1546605406923	5
1546605476503	5
1546605476521	5
1546605476529	5
1546605476535	5
1546605476541	5
1546605476548	5
1546605536714	5
1546605536737	5
1546605536745	5
1546605536751	5
1546605536758	5
1546605536764	5
1546605606347	5
1546605606357	6
1546605606361	7
1546605606363	9
1546605606366	12
1546605606369	15
1546605606371	19
1546605666108	23
1546605666123	28
1546605666130	32
1546605666135	36
1546605666140	39
1546605666145	42
1546605726246	45
1546605726267	46
1546605726275	47
1546605726282	48
1546605726289	48
1546605726296	47
1546605726302	46
1546605795935	45
1546605795949	44
1546605795954	42
1546605795959	41
1546605795963	40
1546605795968	39
1546605855891	38
1546605855910	37
1546605855918	36
1546605855925	36
1546605855932	35
1546605855939	35
1546605926115	35
1546605926134	35
1546605926141	35
1546605926147	35
1546605926153	35
1546605926159	35
1546605926165	35
1546605986088	35
1546605986109	35
1546605986117	35
1546605986124	34
1546605986131	34
1546605986137	33
1546606045749	32
1546606045769	31
1546606045777	30
1546606045784	29
1546606045790	28
1546606045796	27
1546606045802	26
1546606115958	25
1546606115979	25
1546606115988	24
1546606115995	23
1546606116001	23
1546606116008	23
1546606175347	22
1546606175356	22
1546606175359	22
1546606175362	22
1546606175364	22
1546606175367	22
1546606245366	22
1546606245383	22
1546606245391	22
1546606245398	22
1546606245404	21
1546606245410	21
1546606245416	21
1546606305207	21
1546606305216	20
1546606305219	20
1546606305222	20
1546606305225	19
1546606305227	19
1546606365115	18
1546606365127	18
1546606365130	18
1546606365133	19
1546606365136	19
1546606365139	21
1546606365142	23
1546606435198	26
1546606435219	30
1546606435227	34
1546606435233	39
1546606435240	44
1546606435246	49
1546606495194	54
1546606495213	59
1546606495220	64
1546606495226	68
1546606495233	71
1546606495239	73
1546606565417	75
1546606565437	75
1546606565445	75
1546606565452	75
1546606565458	74
1546606565464	72
1546606565470	71
1546606625168	69
1546606625189	67
1546606625197	64
1546606625205	62
1546606625211	61
1546606625218	59
1546606684627	57
1546606684635	56
1546606684638	54
1546606684640	53
1546606684642	52
1546606684644	51
1546606684646	51
1546606754524	50
1546606754538	49
1546606754544	49
1546606754548	48
1546606754553	47
1546606754558	47
1546606814434	46
1546606814445	45
1546606814447	44
1546606814450	42
1546606814452	41
1546606814454	40
1546606884647	39
1546606884666	37
1546606884675	36
1546606884683	35
1546606884689	33
1546606884696	32
1546606884703	31
1546606944532	30
1546606944546	29
1546606944552	28
1546606944557	28
1546606944561	27
1546606944565	26
1546607004235	26
1546607004254	26
1546607004261	25
1546607004268	25
1546607004274	25
1546607004280	25
1546607004286	24
1546607074204	24
1546607074222	24
1546607074229	24
1546607074236	23
1546607074242	23
1546607074248	23
1546607134051	22
1546607134069	22
1546607134076	21
1546607134083	21
1546607134089	20
1546607134095	19
1546607203891	18
1546607203904	18
1546607203910	17
1546607203915	17
1546607203919	17
1546607203923	18
1546607203928	20
1546607264040	22
1546607264062	25
1546607264072	29
1546607264080	33
1546607264088	38
1546607264095	43
1546607323759	48
1546607323777	53
1546607323784	57
1546607323791	61
1546607323797	63
1546607323803	65
1546607323809	66
1546607393843	67
1546607393861	67
1546607393869	66
1546607393876	65
1546607393882	63
1546607393888	61
1546607453516	59
1546607453540	57
1546607453543	55
1546607453545	54
1546607453548	52
1546607453551	50
1546607523792	48
1546607523811	47
1546607523818	45
1546607523825	44
1546607523831	43
1546607523837	42
1546607523843	41
1546607583326	40
1546607583335	40
1546607583338	39
1546607583341	39
1546607583344	39
1546607583346	38
1546607643691	38
1546607643714	37
1546607643722	37
1546607643729	36
1546607643735	35
1546607643742	34
1546607643748	33
1546607713600	32
1546607713618	31
1546607713625	30
1546607713632	30
1546607713637	28
1546607713644	27
1546607773221	26
1546607773231	25
1546607773234	24
1546607773237	23
1546607773240	22
1546607773242	21
1546607843393	20
1546607843414	19
1546607843422	18
1546607843428	17
1546607843434	16
1546607843441	15
1546607843447	14
1546607903294	13
1546607903316	12
1546607903324	11
1546607903331	10
1546607903338	9
1546607903344	7
1546607962741	6
1546607962751	5
1546607962755	5
1546607962757	5
1546607962760	5
1546607962763	5
1546607962765	5
1546608032792	5
1546608032814	5
1546608032822	5
1546608032828	5
1546608032835	5
1546608032841	5
1546608093019	5
1546608093041	5
1546608093048	6
1546608093055	7
1546608093061	9
1546608093067	12
1546608162591	16
1546608162612	20
1546608162620	24
1546608162627	29
1546608162633	34
1546608162640	38
1546608162646	42
1546608222366	46
1546608222377	49
1546608222380	52
1546608222383	54
1546608222386	55
1546608222388	55
1546608282299	55
1546608282315	55
1546608282321	54
1546608282327	53
1546608282333	52
1546608282338	51
1546608282343	50
1546608352260	49
1546608352280	48
1546608352288	47
1546608352294	46
1546608352300	45
1546608352307	45
1546608412124	44
1546608412142	44
1546608412149	43
1546608412156	43
1546608412162	43
1546608412168	42
1546608482121	42
1546608482142	42
1546608482150	41
1546608482157	41
1546608482164	40
1546608482170	40
1546608482176	39
1546608542336	38
1546608542358	37
1546608542365	35
1546608542372	34
1546608542379	33
1546608542385	31
1546608602222	30
1546608602243	28
1546608602251	27
1546608602258	25
1546608602264	24
1546608602270	23
1546608602276	22
1546608672069	20
1546608672089	19
1546608672097	18
1546608672104	17
1546608672111	16
1546608672118	16
1546608731623	15
1546608731639	14
1546608731645	13
1546608731651	12
1546608731656	11
1546608731662	10
1546608801603	9
1546608801618	9
1546608801625	8
1546608801631	7
1546608801636	7
1546608801642	6
1546608801647	6
1546608861365	6
1546608861374	5
1546608861377	5
1546608861379	5
1546608861381	5
1546608861383	5
1546608921264	5
1546608921273	5
1546608921277	5
1546608921279	5
1546608921282	5
1546608921284	5
1546608921287	5
1546608991612	6
1546608991633	6
1546608991641	7
1546608991648	9
1546608991654	12
1546608991660	15
1546609051211	19
1546609051230	24
1546609051238	29
1546609051245	34
1546609051251	40
1546609051257	45
1546609121311	49
1546609121323	53
1546609121327	56
1546609121330	59
1546609121333	60
1546609121335	60
1546609121338	60
1546609181234	58
1546609181252	57
1546609181260	54
1546609181267	52
1546609181273	49
1546609181279	46
1546609240814	43
1546609240824	41
1546609240827	38
1546609240830	36
1546609240832	33
1546609240835	31
1546609240837	30
1546609310908	28
1546609310917	27
1546609310921	26
1546609310934	25
1546609310936	24
1546609310939	23
1546609370756	22
1546609370778	21
1546609370785	20
1546609370792	20
1546609370798	19
1546609370805	17
1546609440972	16
1546609440991	15
1546609440998	14
1546609441004	13
1546609441010	12
1546609441016	11
1546609441022	10
1546609500803	8
1546609500822	7
1546609500830	7
1546609500837	6
1546609500843	5
1546609500849	5
1546609560721	5
1546609560740	5
1546609560748	5
1546609560754	5
1546609560760	5
1546609560766	5
1546609560772	5
1546609630676	5
1546609630697	5
1546609630705	5
1546609630712	5
1546609630719	5
1546609630725	5
1546609690610	5
1546609690632	5
1546609690639	5
1546609690647	5
1546609690653	5
1546609690660	5
1546609760123	5
1546609760139	5
1546609760144	5
1546609760149	5
1546609760153	5
1546609760158	5
1546609760162	5
1546609820027	5
1546609820047	5
1546609820055	5
1546609820062	5
1546609820068	5
1546609820074	5
1546609880341	5
1546609880363	5
1546609880371	5
1546609880378	6
1546609880384	7
1546609880390	9
1546609880396	12
1546609950099	15
1546609950112	19
1546609950116	23
1546609950119	27
1546609950122	31
1546609950125	35
1546610009901	38
1546610009919	41
1546610009927	44
1546610009933	46
1546610009940	47
1546610009946	48
1546610079913	48
1546610079932	48
1546610079939	47
1546610079946	46
1546610079952	45
1546610079958	44
1546610079964	42
1546610139466	41
1546610139487	40
1546610139496	39
1546610139504	39
1546610139510	38
1546610139518	38
1546610199325	38
1546610199334	38
1546610199336	39
1546610199339	39
1546610199341	40
1546610199343	41
1546610199345	41
1546610269717	42
1546610269738	42
1546610269746	42
1546610269752	43
1546610269759	43
1546610269765	42
1546610329261	42
1546610329283	41
1546610329291	41
1546610329298	40
1546610329305	39
1546610329312	38
1546610399339	36
1546610399349	35
1546610399352	34
1546610399355	33
1546610399358	32
1546610399360	31
1546610399362	30
1546610459391	29
1546610459409	29
1546610459417	28
1546610459424	28
1546610459430	28
1546610459436	27
1546610519335	27
1546610519356	27
1546610519364	27
1546610519370	27
1546610519377	26
1546610519383	26
1546610519390	26
1546610589228	25
1546610589246	25
1546610589254	25
1546610589260	24
1546610589267	23
1546610589273	23
1546610648790	22
1546610648812	21
1546610648820	20
1546610648826	20
1546610648832	19
1546610648839	18
1546610719047	18
1546610719068	17
1546610719076	17
1546610719083	18
1546610719090	19
1546610719096	21
1546610719102	24
1546610778843	27
1546610778863	32
1546610778872	36
1546610778879	41
1546610778888	47
1546610778895	52
1546610838700	57
1546610838718	62
1546610838725	65
1546610838732	69
1546610838738	71
1546610838744	73
1546610838750	74
1546610908474	74
1546610908493	74
1546610908500	73
1546610908507	71
1546610908513	70
1546610908519	68
1546610968635	66
1546610968654	64
1546610968661	63
1546610968668	61
1546610968674	59
1546610968680	58
1546611038201	57
1546611038221	56
1546611038229	55
1546611038236	54
1546611038242	54
1546611038249	54
1546611038255	53
1546611098110	53
1546611098130	53
1546611098138	53
1546611098145	53
1546611098152	52
1546611098158	52
1546611158015	51
1546611158035	51
1546611158044	50
1546611158051	49
1546611158058	48
1546611158097	47
1546611158103	46
1546611227897	45
1546611227917	44
1546611227925	43
1546611227932	42
1546611227939	41
1546611227946	40
1546611288035	39
1546611288045	38
1546611288048	38
1546611288051	37
1546611288054	37
1546611288056	37
1546611357647	37
1546611357657	37
1546611357660	37
1546611357663	37
1546611357665	38
1546611357668	38
1546611357670	38
1546611417781	38
1546611417800	38
1546611417808	38
1546611417814	38
1546611417820	38
1546611417826	38
1546611478073	37
1546611478091	37
1546611478098	37
1546611478105	37
1546611478111	37
1546611478117	36
1546611478123	36
1546611547491	35
1546611547510	35
1546611547517	34
1546611547523	33
1546611547529	33
1546611547535	33
1546611607417	33
1546611607436	33
1546611607443	35
1546611607450	37
1546611607456	40
1546611607462	43
1546611677121	48
1546611677131	52
1546611677133	57
1546611677136	62
1546611677139	67
1546611677141	72
1546611677143	75
1546611737028	79
1546611737042	81
1546611737048	82
1546611737053	83
1546611737057	83
1546611737062	83
1546611796988	82
1546611797002	80
1546611797007	79
1546611797011	77
1546611797016	75
1546611797021	73
1546611797025	72
1546611866961	70
1546611866979	69
1546611866986	68
1546611866993	67
1546611866999	66
1546611867005	65
1546611926955	64
1546611926973	64
1546611926980	64
1546611926986	64
1546611926992	64
1546611926998	64
1546611997124	64
1546611997144	64
1546611997152	64
1546611997160	64
1546611997167	64
1546611997173	64
1546611997179	63
1546612057265	63
1546612057287	62
1546612057296	61
1546612057302	60
1546612057308	59
1546612057315	58
1546612116674	57
1546612116693	56
1546612116700	55
1546612116707	53
1546612116713	52
1546612116719	51
1546612116725	50
1546612186573	49
1546612186592	48
1546612186600	48
1546612186606	47
1546612186612	46
1546612186619	45
1546612246485	44
1546612246503	43
1546612246510	42
1546612246517	41
1546612246523	40
1546612246529	39
1546612316246	38
1546612316259	37
1546612316262	36
1546612316265	35
1546612316268	34
1546612316270	33
1546612316273	32
1546612376193	31
1546612376206	30
1546612376212	28
1546612376217	27
1546612376222	26
1546612376226	25
1546612436093	24
1546612436113	23
1546612436120	22
1546612436126	22
1546612436132	21
1546612436138	22
1546612436143	23
1546612506089	25
1546612506110	28
1546612506117	32
1546612506124	36
1546612506130	42
1546612506136	48
1546612566242	54
1546612566260	60
1546612566267	66
1546612566274	71
1546612566280	76
1546612566286	80
1546612636338	83
1546612636359	85
1546612636367	85
1546612636374	85
1546612636381	85
1546612636387	84
1546612636393	82
1546612696176	80
1546612696196	78
1546612696205	76
1546612696211	73
1546612696218	71
1546612696224	69
1546612755767	67
1546612755786	65
1546612755793	64
1546612755800	62
1546612755806	61
1546612755812	59
1546612755818	58
1546612825607	57
1546612825628	56
1546612825637	55
1546612825644	54
1546612825650	52
1546612825657	51
1546612885893	50
1546612885913	48
1546612885921	47
1546612885928	45
1546612885934	44
1546612885941	42
1546612955463	40
1546612955483	38
1546612955491	37
1546612955498	35
1546612955505	33
1546612955512	32
1546612955518	30
1546613015235	28
1546613015245	27
1546613015248	26
1546613015251	24
1546613015254	24
1546613015256	23
1546613075315	22
1546613075334	21
1546613075343	21
1546613075352	20
1546613075361	20
1546613075371	19
1546613075379	19
1546613145160	19
1546613145180	18
1546613145188	18
1546613145195	18
1546613145202	18
1546613145208	18
1546613205314	18
1546613205332	17
1546613205340	17
1546613205346	17
1546613205352	17
1546613205358	16
1546613275190	16
1546613275208	15
1546613275216	15
1546613275222	14
1546613275229	13
1546613275235	12
1546613275240	12
1546613335009	11
1546613335026	11
1546613335034	11
1546613335040	11
1546613335046	13
1546613335052	15
1546613395153	18
1546613395174	23
1546613395181	27
1546613395188	33
1546613395194	39
1546613395201	44
1546613395207	50
1546613465017	55
1546613465035	60
1546613465043	64
1546613465049	66
1546613465055	68
1546613465061	69
1546613525067	69
1546613525088	68
1546613525096	67
1546613525102	65
1546613525109	63
1546613525115	60
1546613594757	58
1546613594776	55
1546613594783	53
1546613594790	51
1546613594796	49
1546613594802	47
1546613594808	46
1546613654480	45
1546613654498	44
1546613654506	44
1546613654512	43
1546613654519	43
1546613654525	44
1546613714795	44
1546613714808	44
1546613714811	45
1546613714814	45
1546613714817	46
1546613714820	46
1546613714822	46
1546613784273	46
1546613784294	46
1546613784302	46
1546613784308	45
1546613784314	44
1546613784321	44
1546613844186	43
1546613844206	42
1546613844214	42
1546613844220	41
1546613844226	40
1546613844232	40
1546613914380	39
1546613914402	39
1546613914410	39
1546613914417	38
1546613914424	38
1546613914431	38
1546613914437	38
1546613974330	38
1546613974351	38
1546613974360	38
1546613974366	38
1546613974373	37
1546613974379	37
1546614033852	37
1546614033870	36
1546614033878	36
1546614033885	35
1546614033891	34
1546614033897	33
1546614033903	32
1546614103757	31
1546614103783	30
1546614103795	29
1546614103803	28
1546614103829	28
1546614103836	27
1546614164073	28
1546614164093	28
1546614164101	30
1546614164108	33
1546614164114	37
1546614164120	42
1546614233827	47
1546614233845	53
1546614233853	60
1546614233860	67
1546614233866	74
1546614233872	81
1546614233878	87
1546614293526	92
1546614293546	95
1546614293554	95
1546614293561	95
1546614293568	95
1546614293575	94
1546614353306	94
1546614353314	93
1546614353317	92
1546614353319	91
1546614353321	90
1546614353323	88
1546614353325	87
1546614423429	85
1546614423451	84
1546614423459	83
1546614423466	81
1546614423472	80
1546614423479	80
1546614483369	79
1546614483388	78
1546614483395	78
1546614483401	78
1546614483407	77
1546614483413	77
1546614553034	77
1546614553042	76
1546614553045	76
1546614553047	75
1546614553050	74
1546614553052	73
1546614553054	72
1546614613320	71
1546614613338	69
1546614613346	68
1546614613352	66
1546614613358	64
1546614613364	63
1546614673412	61
1546614673433	59
1546614673441	57
1546614673448	56
1546614673455	54
1546614673461	53
1546614673467	52
1546614742758	50
1546614742772	49
1546614742777	48
1546614742782	47
1546614742786	46
1546614742791	46
1546614802695	45
1546614802709	44
1546614802714	44
1546614802719	43
1546614802724	42
1546614802728	42
1546614872661	42
1546614872675	41
1546614872680	41
1546614872685	40
1546614872690	40
1546614872695	40
1546614872699	40
1546614932625	39
1546614932639	39
1546614932644	39
1546614932649	38
1546614932654	38
1546614932658	38
1546614992796	38
1546614992814	39
1546614992822	41
1546614992829	43
1546614992834	46
1546614992841	51
1546614992846	56
1546615062632	61
1546615062646	68
1546615062651	74
1546615062656	80
1546615062661	86
1546615062665	91
1546615122705	95
1546615122723	95
1546615122730	95
1546615122737	94
1546615122743	94
1546615122749	93
1546615192599	93
1546615192619	91
1546615192627	89
1546615192634	87
1546615192641	85
1546615192647	83
1546615192652	81
1546615252193	78
1546615252206	76
1546615252212	74
1546615252217	72
1546615252221	70
1546615252226	68
1546615312299	66
1546615312318	64
1546615312325	62
1546615312332	61
1546615312338	59
1546615312344	57
1546615312350	56
1546615382198	55
1546615382216	53
1546615382224	52
1546615382230	51
1546615382236	50
1546615382242	48
1546615441827	47
1546615441845	46
1546615441853	45
1546615441859	43
1546615441865	42
1546615441871	41
1546615512185	40
1546615512206	39
1546615512214	38
1546615512221	37
1546615512228	36
1546615512234	35
1546615512240	34
1546615572156	34
1546615572177	33
1546615572185	33
1546615572192	32
1546615572198	32
1546615572204	31
1546615631519	31
1546615631534	31
1546615631540	30
1546615631545	30
1546615631550	29
1546615631555	28
1546615631559	28
1546615701893	27
1546615701916	26
1546615701923	26
1546615701930	25
1546615701936	24
1546615701943	23
1546615761659	22
1546615761677	21
1546615761684	20
1546615761690	19
1546615761696	18
1546615761702	17
1546615831551	16
1546615831565	15
1546615831657	14
1546615831663	13
1546615831669	12
1546615831676	12
1546615831681	12
1546615891781	13
1546615891801	15
1546615891809	17
1546615891815	20
1546615891822	24
1546615891828	28
1546615951513	33
1546615951535	38
1546615951543	43
1546615951550	48
1546615951556	52
1546615951562	56
1546615951568	59
1546616021050	61
1546616021057	62
1546616021060	63
1546616021062	63
1546616021064	63
1546616021066	62
1546616080997	61
1546616081015	60
1546616081023	59
1546616081029	58
1546616081036	56
1546616081042	55
1546616151171	54
1546616151190	53
1546616151198	53
1546616151204	52
1546616151210	52
1546616151216	51
1546616151222	51
1546616210724	51
1546616210768	52
1546616210776	52
1546616210783	52
1546616210789	52
1546616210795	52
1546616270575	52
1546616270589	52
1546616270594	52
1546616270599	52
1546616270603	52
1546616270608	52
1546616270612	51
1546616340625	50
1546616340643	50
1546616340651	49
1546616340657	48
1546616340664	47
1546616340670	46
1546616400862	45
1546616400883	43
1546616400891	42
1546616400898	41
1546616400904	40
1546616400911	39
1546616470522	38
1546616470541	37
1546616470549	36
1546616470555	35
1546616470561	35
1546616470567	34
1546616470573	33
1546616530346	33
1546616530393	32
1546616530402	32
1546616530409	31
1546616530416	31
1546616530423	30
1546616590220	30
1546616590241	29
1546616590249	29
1546616590256	28
1546616590263	28
1546616590270	28
1546616590276	28
1546616660340	27
1546616660353	27
1546616660357	27
1546616660361	27
1546616660365	27
1546616660368	27
1546616720015	29
1546616720044	31
1546616720050	34
1546616720055	38
1546616720059	43
1546616720064	48
1546616789825	54
1546616789838	61
1546616789844	68
1546616789848	74
1546616789853	81
1546616789857	86
1546616789862	91
1546616849831	95
1546616849849	95
1546616849856	95
1546616849863	94
1546616849869	94
1546616849875	94
1546616909659	94
1546616909668	93
1546616909671	92
1546616909674	91
1546616909677	90
1546616909679	88
1546616909682	87
1546616979678	86
1546616979696	84
1546616979704	83
1546616979710	82
1546616979716	81
1546616979723	80
1546617039506	79
1546617039519	78
1546617039525	77
1546617039529	76
1546617039534	76
1546617039538	75
1546617109861	74
1546617109882	74
1546617109890	73
1546617109897	73
1546617109903	72
1546617109910	71
1546617109915	70
1546617169689	69
1546617169707	68
1546617169714	67
1546617169720	65
1546617169726	64
1546617169732	62
1546617229513	61
1546617229531	60
1546617229538	58
1546617229545	57
1546617229551	56
1546617229557	55
1546617229563	54
1546617299179	53
1546617299193	52
1546617299199	52
1546617299204	52
1546617299209	51
1546617299213	51
1546617359665	51
1546617359687	50
1546617359695	50
1546617359701	50
1546617359708	50
1546617359715	49
1546617429493	49
1546617429515	48
1546617429523	48
1546617429529	47
1546617429536	46
1546617429542	46
1546617429548	45
1546617489203	44
1546617489222	43
1546617489229	42
1546617489236	41
1546617489242	40
1546617489248	39
1546617548762	38
1546617548771	37
1546617548774	36
1546617548777	35
1546617548779	34
1546617548782	34
1546617548784	35
1546617618941	36
1546617618959	38
1546617618966	42
1546617618973	46
1546617618979	50
1546617618985	55
1546617679263	61
1546617679285	66
1546617679292	72
1546617679299	77
1546617679305	81
1546617679311	85
1546617748625	88
1546617748643	90
1546617748651	91
1546617748658	92
1546617748664	92
1546617748670	92
1546617748676	91
1546617808890	89
1546617808912	88
1546617808920	87
1546617808926	85
1546617808933	83
1546617808939	82
1546617868575	80
1546617868596	79
1546617868603	77
1546617868610	76
1546617868617	74
1546617868623	73
1546617868629	72
1546617938258	72
1546617938268	71
1546617938271	70
1546617938274	70
1546617938276	70
1546617938279	69
1546617998746	69
1546617998767	69
1546617998775	69
1546617998782	68
1546617998789	68
1546617998796	67
1546618068192	66
1546618068213	66
1546618068222	65
1546618068229	64
1546618068236	62
1546618068243	61
1546618068250	60
1546618128159	59
1546618128178	58
1546618128186	56
1546618128193	55
1546618128199	54
1546618128205	52
1546618188471	51
1546618188480	50
1546618188484	48
1546618188486	47
1546618188488	46
1546618188491	44
1546618188493	43
1546618258299	42
1546618258321	41
1546618258328	40
1546618258335	39
1546618258342	38
1546618258349	37
1546618318057	36
1546618318075	35
1546618318083	34
1546618318089	32
1546618318095	31
1546618318102	29
1546618388159	28
1546618388181	27
1546618388189	25
1546618388196	24
1546618388203	22
1546618388209	21
1546618388215	19
1546618448035	17
1546618448056	16
1546618448064	14
1546618448070	13
1546618448077	12
1546618448083	11
1546618507902	10
1546618507924	9
1546618507932	8
1546618507939	8
1546618507946	8
1546618507952	9
1546618507958	12
1546618577475	15
1546618577496	19
1546618577504	24
1546618577511	30
1546618577518	36
1546618577525	43
1546618637745	50
1546618637766	57
1546618637774	63
1546618637781	69
1546618637787	74
1546618637794	78
1546618707657	81
1546618707678	83
1546618707686	84
1546618707692	84
1546618707699	84
1546618707705	83
1546618707711	81
1546618767145	80
1546618767160	78
1546618767166	76
1546618767171	74
1546618767176	72
1546618767181	70
1546618827174	68
1546618827184	66
1546618827188	64
1546618827190	63
1546618827193	61
1546618827196	59
1546618827198	58
1546618896955	56
1546618896970	55
1546618896975	54
1546618896980	52
1546618896984	51
1546618896988	50
1546618957315	48
1546618957335	47
1546618957343	45
1546618957349	44
1546618957355	42
1546618957362	40
1546619026798	38
1546619026813	36
1546619026820	34
1546619026825	32
1546619026831	30
1546619026836	28
1546619026841	25
1546619087121	23
1546619087143	21
1546619087151	20
1546619087157	18
1546619087163	16
1546619087169	15
1546619147052	14
1546619147074	13
1546619147082	12
1546619147089	11
1546619147096	10
1546619147102	10
1546619147108	9
1546619216637	9
1546619216658	8
1546619216667	8
1546619216674	7
1546619216680	7
1546619216687	6
1546619276738	6
1546619276758	5
1546619276765	5
1546619276772	5
1546619276779	5
1546619276785	5
1546619346272	5
1546619346281	5
1546619346285	5
1546619346287	5
1546619346289	5
1546619346292	5
1546619346294	5
1546619406253	5
1546619406275	5
1546619406283	5
1546619406295	5
1546619406302	5
1546619406309	5
1546619466274	5
1546619466292	5
1546619466300	5
1546619466306	5
1546619466312	5
1546619466319	7
1546619466325	9
1546619536382	11
1546619536401	15
1546619536408	19
1546619536415	23
1546619536421	27
1546619536427	31
1546619596013	36
1546619596028	39
1546619596033	43
1546619596037	45
1546619596042	47
1546619596046	48
1546619666007	49
1546619666026	49
1546619666033	48
1546619666040	47
1546619666046	46
1546619666052	44
1546619666058	43
1546619726236	41
1546619726257	40
1546619726265	38
1546619726271	37
1546619726277	36
1546619726283	35
1546619786372	34
1546619786393	34
1546619786401	34
1546619786408	33
1546619786414	33
1546619786420	33
1546619786426	33
1546619855997	33
1546619856015	33
1546619856023	33
1546619856029	33
1546619856035	32
1546619856042	32
1546619915624	32
1546619915645	31
1546619915653	30
1546619915660	29
1546619915666	28
1546619915672	27
1546619985758	26
1546619985777	25
1546619985785	23
1546619985791	22
1546619985797	21
1546619985803	20
1546619985809	19
1546620045333	18
1546620045346	17
1546620045348	17
1546620045351	16
1546620045354	16
1546620045356	15
1546620105314	15
1546620105331	15
1546620105339	15
1546620105345	15
1546620105351	14
1546620105358	14
1546620105364	14
1546620175614	14
1546620175635	14
1546620175644	13
1546620175651	13
1546620175658	12
1546620175664	12
1546620235127	12
1546620235136	11
1546620235139	11
1546620235142	10
1546620235145	10
1546620235147	10
1546620305426	9
1546620305443	9
1546620305451	9
1546620305457	9
1546620305463	9
1546620305469	9
1546620305475	10
1546620365225	12
1546620365243	13
1546620365250	16
1546620365257	19
1546620365263	24
1546620365269	28
1546620425158	34
1546620425177	39
1546620425184	45
1546620425191	51
1546620425197	56
1546620425204	61
1546620425209	65
1546620495005	69
1546620495024	72
1546620495033	74
1546620495040	75
1546620495047	75
1546620495054	75
1546620554653	74
1546620554669	73
1546620554675	71
1546620554681	69
1546620554686	68
1546620554692	66
1546620624873	64
1546620624890	62
1546620624898	61
1546620624905	59
1546620624911	58
1546620624917	57
1546620624923	56
1546620684741	55
1546620684759	55
1546620684767	54
1546620684773	53
1546620684780	53
1546620684785	52
1546620744380	52
1546620744389	51
1546620744392	50
1546620744395	50
1546620744397	49
1546620744400	48
1546620744402	47
1546620814409	46
1546620814427	45
1546620814435	44
1546620814441	43
1546620814448	42
1546620814454	41
1546620874278	40
1546620874292	39
1546620874297	38
1546620874301	38
1546620874306	37
1546620874310	36
1546620944535	36
1546620944553	36
1546620944561	36
1546620944567	35
1546620944573	35
1546620944579	35
1546620944586	35
1546621004458	35
1546621004479	34
1546621004487	34
1546621004494	34
1546621004500	33
1546621004506	32
1546621063957	32
1546621063971	31
1546621063976	30
1546621063981	29
1546621063990	28
1546621063994	27
1546621063998	26
1546621134299	25
1546621134317	25
1546621134325	24
1546621134331	23
1546621134337	23
1546621134343	22
1546621193877	22
1546621193895	21
1546621193903	21
1546621193910	22
1546621193916	23
1546621193922	25
1546621264152	28
1546621264173	31
1546621264181	36
1546621264187	40
1546621264193	46
1546621264199	51
1546621264205	57
1546621323857	62
1546621323875	66
1546621323882	70
1546621323889	73
1546621323895	75
1546621323901	76
1546621383818	77
1546621383836	77
1546621383844	77
1546621383850	76
1546621383856	75
1546621383862	73
1546621383868	72
1546621453726	70
1546621453745	69
1546621453752	67
1546621453759	65
1546621453765	64
1546621453771	63
1546621513608	61
1546621513625	60
1546621513633	59
1546621513640	58
1546621513646	58
1546621513652	57
1546621583670	57
1546621583688	57
1546621583696	57
1546621583703	56
1546621583709	56
1546621583715	56
1546621583721	56
1546621643645	56
1546621643664	56
1546621643672	55
1546621643678	55
1546621643685	54
1546621643691	53
1546621703028	53
1546621703038	52
1546621703041	51
1546621703044	50
1546621703046	49
1546621703049	47
1546621703051	46
1546621772878	45
1546621772887	44
1546621772891	43
1546621772893	41
1546621772895	40
1546621772897	39
1546621832825	38
1546621832834	37
1546621832837	36
1546621832839	35
1546621832841	34
1546621832843	33
1546621903101	32
1546621903119	30
1546621903127	29
1546621903133	28
1546621903140	27
1546621903146	26
1546621903151	25
1546621963002	24
1546621963021	22
1546621963028	21
1546621963035	20
1546621963041	20
1546621963047	19
1546622022573	18
1546622022583	17
1546622022586	16
1546622022588	15
1546622022590	14
1546622022592	13
1546622022594	12
1546622092907	12
1546622092928	12
1546622092936	13
1546622092942	15
1546622092948	18
1546622092954	22
1546622152499	26
1546622152518	32
1546622152527	38
1546622152534	45
1546622152541	52
1546622152548	58
1546622222335	64
1546622222345	70
1546622222348	74
1546622222351	78
1546622222354	80
1546622222356	82
1546622222358	83
1546622282163	83
1546622282173	83
1546622282176	82
1546622282179	81
1546622282181	80
1546622282184	78
1546622342320	77
1546622342339	76
1546622342346	74
1546622342353	73
1546622342359	72
1546622342365	70
1546622342371	69
1546622412502	68
1546622412524	67
1546622412532	66
1546622412538	65
1546622412544	65
1546622412551	64
1546622471961	63
1546622471976	62
1546622471982	61
1546622471988	60
1546622471994	59
1546622471999	58
1546622541976	56
1546622541997	55
1546622542005	53
1546622542012	52
1546622542018	50
1546622542024	48
1546622542030	45
1546622601856	43
1546622601877	40
1546622601885	38
1546622601891	35
1546622601898	33
1546622601904	31
1546622662026	28
1546622662044	26
1546622662052	24
1546622662058	22
1546622662064	20
1546622662071	18
1546622662076	17
1546622731883	15
1546622731904	13
1546622731912	12
1546622731919	10
1546622731925	9
1546622731932	7
1546622791959	6
1546622791981	5
1546622791988	5
1546622791995	5
1546622792001	5
1546622792007	5
1546622861866	5
1546622861887	5
1546622861895	5
1546622861902	5
1546622861908	5
1546622861915	7
1546622861921	8
1546622921477	9
1546622921495	11
1546622921503	13
1546622921509	15
1546622921515	16
1546622921521	18
1546622981421	19
1546622981431	19
1546622981434	20
1546622981437	21
1546622981440	22
1546622981442	24
1546622981445	27
1546623051289	30
1546623051307	34
1546623051315	39
1546623051321	44
1546623051328	49
1546623051334	54
1546623111396	59
1546623111414	63
1546623111422	67
1546623111428	70
1546623111434	72
1546623111441	74
1546623181352	74
1546623181373	74
1546623181381	74
1546623181387	72
1546623181393	71
1546623181399	69
1546623181405	68
1546623240883	66
1546623240898	64
1546623240904	63
1546623240909	61
1546623240914	60
1546623240918	60
1546623300792	59
1546623300803	58
1546623300807	57
1546623300809	57
1546623300812	56
1546623300814	56
1546623300816	55
1546623370801	55
1546623370824	54
1546623370832	53
1546623370840	52
1546623370847	51
1546623370854	50
1546623430676	49
1546623430694	48
1546623430701	47
1546623430708	46
1546623430714	44
1546623430720	43
1546623500763	42
1546623500778	40
1546623500784	39
1546623500789	38
1546623500794	36
1546623500798	35
1546623500803	33
1546623560448	32
1546623560457	31
1546623560460	29
1546623560462	28
1546623560465	27
1546623560467	25
1546623620946	24
1546623620968	23
1546623620976	22
1546623620983	21
1546623620989	20
1546623620995	19
1546623621001	18
1546623690754	17
1546623690772	16
1546623690780	15
1546623690786	14
1546623690792	13
1546623690798	12
1546623750695	11
1546623750716	9
1546623750724	8
1546623750731	6
1546623750738	5
1546623750744	5
1546623820304	5
1546623820326	5
1546623820334	5
1546623820341	5
1546623820348	5
1546623820355	5
1546623820361	5
1546623880083	5
1546623880105	5
1546623880113	6
1546623880121	7
1546623880128	10
1546623880135	13
1546623940383	17
1546623940404	21
1546623940412	26
1546623940418	31
1546623940424	36
1546623940431	40
1546623940436	44
1546624009821	48
1546624009832	51
1546624009835	53
1546624009838	54
1546624009840	54
1546624009843	54
1546624070137	53
1546624070149	52
1546624070153	51
1546624070155	49
1546624070158	47
1546624070161	45
1546624139761	43
1546624139784	41
1546624139794	39
1546624139802	37
1546624139809	35
1546624139817	34
1546624139824	32
1546624199925	31
1546624199943	30
1546624199951	29
1546624199957	29
1546624199963	28
1546624199970	27
1546624260022	26
1546624260043	25
1546624260051	25
1546624260058	24
1546624260065	22
1546624260071	21
1546624260078	20
1546624329467	19
1546624329486	17
1546624329494	16
1546624329500	14
1546624329506	13
1546624329512	12
1546624389355	11
1546624389374	10
1546624389381	9
1546624389388	8
1546624389394	7
1546624389401	7
1546624459538	7
1546624459553	7
1546624459559	7
1546624459564	7
1546624459568	7
1546624459573	7
1546624459578	8
1546624519449	8
1546624519467	8
1546624519474	9
1546624519481	9
1546624519487	9
1546624519493	9
1546624579594	9
1546624579614	9
1546624579622	9
1546624579629	9
1546624579636	9
1546624579643	9
1546624579649	9
1546624649242	9
1546624649261	9
1546624649268	8
1546624649275	9
1546624649281	10
1546624649287	11
1546624708840	13
1546624708848	16
1546624708852	20
1546624708855	24
1546624708857	30
1546624708860	35
1546624778839	41
1546624778860	47
1546624778869	53
1546624778875	58
1546624778881	63
1546624778887	67
1546624778893	70
1546624839278	72
1546624839299	73
1546624839306	73
1546624839314	73
1546624839320	71
1546624839326	70
1546624898936	68
1546624898954	65
1546624898962	62
1546624898968	60
1546624898975	57
1546624898993	55
1546624899000	53
1546624968616	51
1546624968635	50
1546624968642	48
1546624968648	48
1546624968654	47
1546624968661	47
1546625028389	47
1546625028400	47
1546625028403	48
1546625028406	48
1546625028408	49
1546625028412	49
1546625098638	49
1546625098656	48
1546625098664	48
1546625098671	47
1546625098677	46
1546625098683	45
1546625098689	43
1546625158441	42
1546625158466	40
1546625158474	38
1546625158484	36
1546625158491	34
1546625158500	32
1546625218203	31
1546625218221	29
1546625218228	28
1546625218235	27
1546625218241	25
1546625218247	25
1546625218253	24
1546625288367	23
1546625288385	23
1546625288392	23
1546625288399	23
1546625288405	23
1546625288411	23
1546625348292	23
1546625348310	23
1546625348318	23
1546625348324	23
1546625348330	23
1546625348336	23
1546625417850	23
1546625417865	22
1546625417871	22
1546625417875	21
1546625417880	21
1546625417884	20
1546625417888	20
1546625477870	20
1546625477891	20
1546625477899	22
1546625477905	24
1546625477911	27
1546625477917	31
1546625538023	36
1546625538042	41
1546625538049	47
1546625538056	52
1546625538062	58
1546625538068	63
1546625538074	67
1546625607697	71
1546625607718	74
1546625607726	77
1546625607733	78
1546625607740	79
1546625607747	78
1546625667654	78
1546625667672	77
1546625667679	75
1546625667686	73
1546625667692	71
1546625667698	69
1546625737859	67
1546625737880	66
1546625737887	64
1546625737894	62
1546625737901	61
1546625737907	59
1546625737913	58
1546625797698	57
1546625797716	56
1546625797724	56
1546625797731	55
1546625797737	54
1546625797743	54
1546625857430	53
1546625857450	53
1546625857458	52
1546625857465	51
1546625857471	50
1546625857477	50
1546625857483	49
1546625927180	48
1546625927198	47
1546625927206	46
1546625927212	44
1546625927218	43
1546625927224	42
1546625987118	42
1546625987138	41
1546625987146	40
1546625987152	39
1546625987159	38
1546625987165	38
1546626056949	37
1546626056962	36
1546626056968	36
1546626056972	35
1546626056977	35
1546626056981	35
1546626056985	34
1546626117139	34
1546626117157	33
1546626117164	33
1546626117171	32
1546626117176	32
1546626117183	31
1546626176837	31
1546626176851	30
1546626176857	29
1546626176861	28
1546626176866	27
1546626176870	26
1546626176874	25
1546626246658	24
1546626246667	23
1546626246670	22
1546626246673	21
1546626246675	20
1546626246678	20
1546626306617	20
1546626306635	22
1546626306642	24
1546626306648	27
1546626306654	31
1546626306660	36
1546626376925	41
1546626376944	48
1546626376952	54
1546626376958	60
1546626376964	66
1546626376970	71
1546626376976	76
1546626436525	79
1546626436539	82
1546626436544	84
1546626436549	85
1546626436554	85
1546626436559	84
1546626496333	84
1546626496346	82
1546626496352	81
1546626496356	79
1546626496361	78
1546626496365	76
1546626496369	75
1546626566646	73
1546626566665	72
1546626566672	70
1546626566679	69
1546626566685	68
1546626566691	67
1546626626630	66
1546626626651	65
1546626626659	64
1546626626666	63
1546626626672	62
1546626626679	61
1546626696111	60
1546626696131	58
1546626696138	57
1546626696145	55
1546626696151	54
1546626696157	52
1546626696163	51
1546626755959	49
1546626755968	47
1546626755970	46
1546626755973	43
1546626755975	41
1546626755977	40
1546626815868	38
1546626815877	36
1546626815879	35
1546626815881	34
1546626815884	33
1546626815886	32
1546626815888	31
1546626885853	31
1546626885872	30
1546626885879	30
1546626885886	29
1546626885892	28
1546626885898	28
1546626945746	27
1546626945764	26
1546626945772	25
1546626945778	23
1546626945785	22
1546626945791	21
1546627015652	19
1546627015671	17
1546627015679	16
1546627015686	14
1546627015693	12
1546627015700	10
1546627015707	8
1546627075974	6
1546627075996	5
1546627076004	5
1546627076011	5
1546627076017	5
1546627076023	5
1546627135775	5
1546627135793	5
1546627135800	5
1546627135807	5
1546627135813	5
1546627135819	6
1546627135825	7
1546627205816	9
1546627205838	13
1546627205846	17
1546627205853	22
1546627205860	28
1546627205866	34
1546627265949	40
1546627265971	46
1546627265978	52
1546627265986	57
1546627265993	62
1546627265999	65
1546627335268	68
1546627335289	70
1546627335298	70
1546627335305	70
1546627335312	70
1546627335318	68
1546627335325	67
1546627395067	65
1546627395076	63
1546627395079	61
1546627395082	59
1546627395085	57
1546627395088	55
1546627455068	53
1546627455078	51
1546627455081	50
1546627455084	49
1546627455086	48
1546627455089	47
1546627455091	46
1546627525294	45
1546627525312	45
1546627525320	44
1546627525326	44
1546627525332	44
1546627525338	43
1546627584819	43
1546627584837	42
1546627584844	41
1546627584851	40
1546627584857	39
1546627584863	38
1546627654790	37
1546627654810	36
1546627654818	35
1546627654824	34
1546627654831	33
1546627654837	32
1546627654843	31
1546627715048	30
1546627715070	30
1546627715077	29
1546627715084	29
1546627715091	29
1546627715097	29
1546627774841	29
1546627774859	29
1546627774866	29
1546627774873	30
1546627774879	30
1546627774885	31
1546627774891	31
1546627844852	32
1546627844870	32
1546627844878	32
1546627844885	33
1546627844891	33
1546627844897	33
1546627904362	33
1546627904372	33
1546627904375	33
1546627904378	33
1546627904381	32
1546627904383	32
1546627974281	31
1546627974294	31
1546627974300	31
1546627974305	30
1546627974309	29
1546627974313	29
1546627974317	30
1546628034529	31
1546628034549	32
1546628034558	35
1546628034565	38
1546628034572	43
1546628034579	48
1546628094418	54
1546628094437	60
1546628094445	66
1546628094451	72
1546628094457	78
1546628094463	83
1546628094469	87
1546628163982	90
1546628163993	92
1546628163997	93
1546628163999	94
1546628164002	93
1546628164004	93
1546628223954	91
1546628223973	89
1546628223980	87
1546628223987	85
1546628223993	82
1546628223999	80
1546628293764	77
1546628293772	75
1546628293774	73
1546628293777	71
1546628293779	69
1546628293781	67
1546628293783	66
1546628353744	65
1546628353762	64
1546628353769	63
1546628353776	63
1546628353782	62
1546628353788	62
1546628413622	61
1546628413635	61
1546628413640	61
1546628413645	60
1546628413649	60
1546628413654	59
1546628413658	58
1546628483610	58
1546628483628	57
1546628483636	56
1546628483643	55
1546628483649	55
1546628483655	54
1546628543855	53
1546628543873	52
1546628543881	51
1546628543888	50
1546628543893	50
1546628543900	49
1546628613434	48
1546628613452	47
1546628613460	46
1546628613466	46
1546628613472	45
1546628613478	44
1546628613484	43
1546628673676	42
1546628673699	42
1546628673707	41
1546628673714	40
1546628673720	39
1546628673727	38
1546628733527	37
1546628733546	36
1546628733553	35
1546628733560	34
1546628733566	33
1546628733572	32
1546628733578	31
1546628803425	29
1546628803443	28
1546628803450	27
1546628803456	26
1546628803462	25
1546628803468	24
1546628863074	22
1546628863092	21
1546628863099	20
1546628863106	19
1546628863112	18
1546628863118	18
1546628933053	18
1546628933070	20
1546628933078	23
1546628933084	26
1546628933090	31
1546628933096	37
1546628933102	44
1546628993289	51
1546628993311	59
1546628993318	66
1546628993325	73
1546628993332	80
1546628993338	86
1546629052781	90
1546629052797	94
1546629052803	95
1546629052809	95
1546629052814	95
1546629052819	94
1546629052824	94
1546629123128	94
1546629123149	93
1546629123157	92
1546629123164	91
1546629123170	90
1546629123177	89
1546629182800	87
1546629182821	86
1546629182829	85
1546629182837	84
1546629182843	83
1546629182850	81
1546629252505	80
1546629252524	79
1546629252533	78
1546629252540	76
1546629252547	75
1546629252554	74
1546629252560	73
1546629312835	71
1546629312853	70
1546629312861	69
1546629312867	67
1546629312873	66
1546629312879	64
1546629372632	62
1546629372650	60
1546629372657	58
1546629372664	56
1546629372670	54
1546629372676	51
1546629372682	49
1546629442331	46
1546629442350	44
1546629442359	41
1546629442366	39
1546629442373	36
1546629442380	34
1546629502389	32
1546629502399	30
1546629502402	28
1546629502405	26
1546629502407	24
1546629502410	23
1546629572147	21
1546629572163	20
1546629572169	18
1546629572175	17
1546629572180	16
1546629572186	14
1546629572191	13
1546629632081	12
1546629632101	11
1546629632109	10
1546629632116	9
1546629632123	8
1546629632130	7
1546629692189	6
1546629692207	5
1546629692215	5
1546629692221	5
1546629692227	5
1546629692233	5
1546629692239	5
1546629761778	5
1546629761792	5
1546629761798	5
1546629761803	5
1546629761807	5
1546629761811	5
1546629821752	5
1546629821770	5
1546629821778	5
1546629821784	6
1546629821790	7
1546629821797	9
1546629891623	13
1546629891632	16
1546629891636	21
1546629891638	26
1546629891641	31
1546629891643	37
1546629891645	42
1546629951694	47
1546629951708	52
1546629951714	56
1546629951718	59
1546629951722	61
1546629951727	62
1546630011847	63
1546630011875	63
1546630011884	62
1546630011891	60
1546630011898	59
1546630011905	57
1546630011911	55
1546630081405	53
1546630081423	51
1546630081431	49
1546630081437	47
1546630081443	45
1546630081449	44
1546630141574	43
1546630141593	42
1546630141600	41
1546630141607	40
1546630141613	40
1546630141619	40
1546630211134	39
1546630211147	39
1546630211150	40
1546630211153	40
1546630211155	40
1546630211158	41
1546630211160	41
1546630271367	41
1546630271385	41
1546630271393	42
1546630271400	42
1546630271406	42
1546630271412	41
1546630331269	41
1546630331288	41
1546630331295	40
1546630331302	40
1546630331308	39
1546630331314	39
1546630331320	38
1546630400894	38
1546630400915	38
1546630400923	37
1546630400930	37
1546630400936	37
1546630400942	37
1546630461085	37
1546630461106	37
1546630461113	37
1546630461120	37
1546630461126	37
1546630461133	37
1546630531248	37
1546630531262	37
1546630531269	36
1546630531275	36
1546630531281	35
1546630531288	35
1546630531294	34
1546630590626	33
1546630590635	33
1546630590638	32
1546630590641	31
1546630590643	31
1546630590646	30
1546630650541	29
1546630650560	28
1546630650568	27
1546630650574	27
1546630650581	26
1546630650587	26
1546630650593	26
1546630720799	27
1546630720821	28
1546630720828	31
1546630720835	34
1546630720842	39
1546630720849	44
1546630780411	50
1546630780429	56
1546630780436	63
1546630780443	69
1546630780449	76
1546630780455	81
1546630850814	86
1546630850832	91
1546630850840	94
1546630850846	95
1546630850852	95
1546630850858	95
1546630850864	95
1546630910455	94
1546630910473	94
1546630910481	93
1546630910487	91
1546630910493	90
1546630910499	89
1546630970483	88
1546630970504	87
1546630970512	86
1546630970519	85
1546630970526	84
1546630970532	83
1546630970538	82
1546631040024	82
1546631040045	81
1546631040053	80
1546631040060	79
1546631040066	79
1546631040073	78
1546631100264	77
1546631100282	77
1546631100289	76
1546631100296	75
1546631100302	75
1546631100308	73
1546631169840	72
1546631169858	71
1546631169867	70
1546631169873	69
1546631169879	67
1546631169885	66
1546631169891	64
1546631229657	63
1546631229669	61
1546631229672	59
1546631229674	58
1546631229677	56
1546631229679	55
1546631289559	54
1546631289568	52
1546631289571	51
1546631289574	50
1546631289577	49
1546631289579	47
1546631289582	46
1546631360191	45
1546631360213	44
1546631360221	43
1546631360228	43
1546631360234	42
1546631360241	41
1546631419813	41
1546631419832	40
1546631419839	39
1546631419846	38
1546631419852	38
1546631419858	37
1546631489776	36
1546631489797	36
1546631489805	35
1546631489811	34
1546631489817	34
1546631489823	33
1546631489829	32
1546631549549	32
1546631549568	31
1546631549576	30
1546631549584	30
1546631549591	29
1546631549597	28
1546631609604	28
1546631609625	27
1546631609632	27
1546631609639	28
1546631609645	30
1546631609651	33
1546631609658	36
1546631679125	41
1546631679143	47
1546631679151	53
1546631679157	59
1546631679164	66
1546631679170	73
1546631738986	79
1546631739000	84
1546631739006	89
1546631739011	92
1546631739015	95
1546631739020	94
1546631808873	94
1546631808886	93
1546631808892	92
1546631808897	91
1546631808901	89
1546631808906	87
1546631808910	84
1546631868730	82
1546631868739	80
1546631868742	78
1546631868744	76
1546631868746	74
1546631868748	72
1546631928698	70
1546631928710	69
1546631928713	67
1546631928716	66
1546631928719	65
1546631928721	64
1546631928724	63
1546631998594	63
1546631998602	62
1546631998605	61
1546631998607	60
1546631998609	60
1546631998611	59
1546632058974	58
1546632058995	57
1546632059003	56
1546632059010	56
1546632059016	55
1546632059022	54
1546632128867	53
1546632128889	51
1546632128898	50
1546632128905	49
1546632128912	48
1546632128919	47
1546632128926	46
1546632188642	45
1546632188652	44
1546632188655	44
1546632188658	43
1546632188660	42
1546632188663	42
1546632248320	41
1546632248338	40
1546632248345	40
1546632248351	39
1546632248357	39
1546632248364	38
1546632248369	38
1546632318356	37
1546632318379	36
1546632318387	36
1546632318394	35
1546632318401	34
1546632318408	34
1546632378091	33
1546632378100	32
1546632378103	31
1546632378106	30
1546632378108	29
1546632378111	28
1546632448409	27
1546632448428	25
1546632448436	24
1546632448442	22
1546632448448	21
1546632448454	19
1546632448459	17
1546632508293	15
1546632508311	13
1546632508319	12
1546632508325	10
1546632508331	8
1546632508337	8
1546632567830	8
1546632567838	9
1546632567841	10
1546632567844	14
1546632567846	18
1546632567848	23
1546632567850	30
1546632637776	36
1546632637794	43
1546632637801	50
1546632637808	57
1546632637814	63
1546632637820	69
1546632697953	73
1546632697971	76
1546632697978	78
1546632697985	79
1546632697991	80
1546632697997	79
1546632767874	78
1546632767892	76
1546632767900	74
1546632767906	71
1546632767912	69
1546632767918	66
1546632767924	63
1546632827878	60
1546632827899	57
1546632827907	55
1546632827914	52
1546632827920	50
1546632827926	48
1546632887747	45
1546632887766	43
1546632887773	42
1546632887779	40
1546632887785	38
1546632887792	37
1546632887797	35
1546632957551	33
1546632957572	32
1546632957581	30
1546632957588	28
1546632957595	26
1546632957602	24
1546633017257	22
1546633017274	20
1546633017282	18
1546633017289	15
1546633017295	13
1546633017301	10
1546633087426	7
1546633087444	5
1546633087453	5
1546633087459	5
1546633087465	5
1546633087471	5
1546633087477	5
1546633147372	5
1546633147390	5
1546633147398	5
1546633147404	5
1546633147410	5
1546633147416	6
1546633207301	6
1546633207319	6
1546633207327	6
1546633207333	7
1546633207339	7
1546633207345	8
1546633207351	8
1546633277283	8
1546633277304	9
1546633277311	9
1546633277318	9
1546633277324	10
1546633277330	10
1546633336776	10
1546633336795	10
1546633336803	10
1546633336810	10
1546633336817	10
1546633336824	10
1546633406771	10
1546633406788	10
1546633406796	10
1546633406802	10
1546633406808	11
1546633406814	11
1546633406820	12
1546633466711	13
1546633466730	15
1546633466737	18
1546633466744	21
1546633466750	25
1546633466756	30
1546633526622	34
1546633526639	39
1546633526646	45
1546633526653	50
1546633526659	54
1546633526665	58
1546633526671	61
1546633596462	63
1546633596484	65
1546633596493	65
1546633596500	65
1546633596507	65
1546633596514	63
1546633656543	62
1546633656553	59
1546633656556	57
1546633656559	55
1546633656561	53
1546633656564	51
1546633726649	49
1546633726671	47
1546633726679	46
1546633726687	46
1546633726693	45
1546633726699	45
1546633726705	46
1546633786189	46
1546633786198	47
1546633786201	48
1546633786204	49
1546633786206	50
1546633786209	51
1546633846129	52
1546633846149	53
1546633846157	53
1546633846164	54
1546633846171	54
1546633846178	54
1546633846185	53
1546633916390	53
1546633916410	52
1546633916418	51
1546633916424	50
1546633916430	48
1546633916436	47
1546633975989	46
1546633976010	45
1546633976018	44
1546633976025	43
1546633976031	42
1546633976037	41
1546634046212	41
1546634046232	40
1546634046240	40
1546634046247	40
1546634046253	40
1546634046259	40
1546634046265	40
1546634105659	40
1546634105668	40
1546634105671	40
1546634105674	40
1546634105676	39
1546634105679	39
1546634165630	38
1546634165648	37
1546634165656	36
1546634165662	36
1546634165668	34
1546634165675	33
1546634165681	32
1546634235478	31
1546634235494	30
1546634235501	29
1546634235506	28
1546634235512	27
1546634235517	27
1546634295506	27
1546634295526	28
1546634295534	30
1546634295540	33
1546634295546	37
1546634295552	41
1546634365665	46
1546634365684	52
1546634365692	58
1546634365698	64
1546634365704	70
1546634365710	75
1546634365716	79
1546634425689	83
1546634425707	86
1546634425715	87
1546634425721	88
1546634425727	88
1546634425733	87
1546634485378	86
1546634485392	84
1546634485398	82
1546634485403	79
1546634485409	77
1546634485413	74
1546634485418	72
1546634555487	70
1546634555507	68
1546634555515	67
1546634555521	65
1546634555527	65
1546634555533	64
1546634615371	64
1546634615392	65
1546634615400	65
1546634615407	66
1546634615414	67
1546634615420	67
1546634685316	68
1546634685339	68
1546634685346	68
1546634685353	68
1546634685359	68
1546634685365	67
1546634685371	65
1546634745228	63
1546634745248	61
1546634745256	59
1546634745263	56
1546634745269	54
1546634745276	51
1546634805129	48
1546634805150	45
1546634805158	43
1546634805164	40
1546634805170	38
1546634805177	36
1546634805183	35
1546634874721	33
1546634874741	32
1546634874749	31
1546634874756	31
1546634874762	30
1546634874768	31
1546634935152	31
1546634935170	31
1546634935177	31
1546634935184	32
1546634935190	32
1546634935196	33
1546635004627	33
1546635004637	34
1546635004641	34
1546635004644	34
1546635004647	34
1546635004649	35
1546635004652	35
1546635064674	35
1546635064693	35
1546635064700	35
1546635064706	35
1546635064712	36
1546635064718	36
1546635124346	36
1546635124368	36
1546635124376	36
1546635124383	37
1546635124390	38
1546635124397	40
1546635124403	42
1546635194398	45
1546635194407	49
1546635194410	54
1546635194413	60
1546635194415	67
1546635194418	74
1546635254059	82
1546635254077	89
1546635254085	95
1546635254091	95
1546635254097	95
1546635254103	95
1546635323978	95
1546635323996	95
1546635324003	95
1546635324010	94
1546635324016	94
1546635324022	93
1546635324028	91
1546635383802	89
1546635383812	88
1546635383815	86
1546635383832	84
1546635383834	82
1546635383837	80
1546635444311	78
1546635444332	77
1546635444340	75
1546635444346	74
1546635444353	72
1546635444359	71
1546635444365	70
1546635514009	68
1546635514031	67
1546635514039	66
1546635514046	65
1546635514052	64
1546635514059	63
1546635574002	62
1546635574020	61
1546635574028	60
1546635574034	60
1546635574040	59
1546635574046	58
1546635643644	57
1546635643663	56
1546635643671	55
1546635643678	54
1546635643684	54
1546635643690	53
1546635643696	53
1546635703459	53
1546635703479	52
1546635703487	52
1546635703495	51
1546635703501	51
1546635703508	51
1546635763553	50
1546635763567	50
1546635763573	49
1546635763578	49
1546635763583	48
1546635763587	47
1546635763591	47
1546635833563	46
1546635833581	45
1546635833589	44
1546635833595	43
1546635833601	42
1546635833607	41
1546635893157	40
1546635893168	40
1546635893171	39
1546635893174	38
1546635893177	37
1546635893179	36
1546635963126	35
1546635963143	35
1546635963151	34
1546635963157	33
1546635963163	32
1546635963169	31
1546635963175	30
1546636023010	29
1546636023027	28
1546636023034	27
1546636023039	27
1546636023045	26
1546636023050	26
1546636083267	27
1546636083287	28
1546636083295	30
1546636083302	33
1546636083309	36
1546636083316	40
1546636083323	45
1546636152832	49
1546636152853	53
1546636152862	58
1546636152869	61
1546636152876	64
1546636152883	67
1546636212786	68
1546636212808	69
1546636212816	70
1546636212823	69
1546636212829	68
1546636212836	67
1546636282654	65
1546636282665	63
1546636282668	61
1546636282671	59
1546636282674	57
1546636282677	55
1546636282679	53
1546636342554	52
1546636342568	50
1546636342573	49
1546636342578	49
1546636342582	48
1546636342586	48
1546636402498	47
1546636402521	47
1546636402530	47
1546636402537	47
1546636402543	47
1546636402550	47
1546636402557	47
1546636472620	47
1546636472638	46
1546636472646	45
1546636472652	44
1546636472658	43
1546636472664	41
1546636532383	39
1546636532401	37
1546636532408	35
1546636532415	33
1546636532421	31
1546636532427	29
1546636602503	26
1546636602522	24
1546636602529	22
1546636602535	19
1546636602541	17
1546636602547	15
1546636602553	14
1546636662499	12
1546636662518	10
1546636662526	9
1546636662532	7
1546636662538	7
1546636662544	6
1546636722002	5
1546636722016	5
1546636722021	5
1546636722026	5
1546636722030	5
1546636722034	6
1546636722038	6
1546636791882	7
1546636791896	7
1546636791902	8
1546636791907	9
1546636791912	10
1546636791916	11
1546636851788	11
1546636851802	13
1546636851807	14
1546636851812	16
1546636851816	19
1546636851821	22
1546636921803	26
1546636921827	31
1546636921836	37
1546636921843	43
1546636921850	50
1546636921857	58
1546636921864	65
1546636982070	72
1546636982091	78
1546636982099	85
1546636982106	90
1546636982112	94
1546636982119	95
1546637041705	94
1546637041723	94
1546637041731	94
1546637041737	93
1546637041744	93
1546637041750	92
1546637041756	90
1546637111584	89
1546637111605	87
1546637111613	86
1546637111619	84
1546637111626	82
1546637111632	81
1546637171647	80
1546637171664	79
1546637171672	78
1546637171679	77
1546637171685	77
1546637171691	76
1546637241358	76
1546637241379	76
1546637241386	76
1546637241392	76
1546637241398	75
1546637241405	75
1546637241410	75
1546637301511	75
1546637301529	74
1546637301537	73
1546637301543	73
1546637301549	72
1546637301555	71
1546637361374	70
1546637361391	69
1546637361399	69
1546637361405	68
1546637361411	67
1546637361417	66
1546637361423	66
1546637431329	65
1546637431348	65
1546637431356	64
1546637431362	64
1546637431368	64
1546637431374	64
1546637490990	63
1546637491010	63
1546637491017	63
1546637491024	63
1546637491030	63
1546637491036	62
1546637561228	62
1546637561249	61
1546637561257	61
1546637561264	60
1546637561270	60
1546637561276	59
1546637561282	58
1546637620862	57
1546637620880	56
1546637620887	56
1546637620894	55
1546637620900	54
1546637620906	54
1546637681010	54
1546637681028	55
1546637681036	57
1546637681042	60
1546637681048	63
1546637681055	66
1546637681060	70
1546637750891	75
1546637750911	79
1546637750919	84
1546637750925	88
1546637750931	91
1546637750937	95
1546637810764	95
1546637810781	95
1546637810789	95
1546637810795	94
1546637810801	94
1546637810808	94
1546637880474	93
1546637880495	91
1546637880503	90
1546637880510	89
1546637880517	87
1546637880524	86
1546637880531	84
1546637940518	83
1546637940532	81
1546637940538	80
1546637940543	79
1546637940548	78
1546637940552	77
1546638000217	76
1546638000232	75
1546638000237	74
1546638000242	74
1546638000247	73
1546638000252	73
1546638000257	72
1546638070394	71
1546638070407	71
1546638070413	70
1546638070418	69
1546638070422	69
1546638070427	68
1546638130479	66
1546638130501	65
1546638130509	64
1546638130516	63
1546638130523	62
1546638130529	60
1546638200262	59
1546638200283	58
1546638200292	57
1546638200298	56
1546638200304	55
1546638200310	54
1546638200316	53
1546638259829	52
1546638259850	52
1546638259858	51
1546638259865	51
1546638259873	50
1546638259880	50
1546638319742	49
1546638319752	48
1546638319756	48
1546638319758	47
1546638319760	46
1546638319763	46
1546638319764	45
1546638389596	44
1546638389605	43
1546638389608	42
1546638389610	41
1546638389613	40
1546638389615	39
1546638449549	38
1546638449566	37
1546638449574	36
1546638449580	35
1546638449586	34
1546638449592	33
1546638519438	32
1546638519446	31
1546638519449	31
1546638519451	31
1546638519453	32
1546638519455	34
1546638519457	36
1546638579786	40
1546638579805	44
1546638579813	49
1546638579819	54
1546638579825	59
1546638579831	64
1546638639559	70
1546638639573	74
1546638639578	79
1546638639583	82
1546638639587	85
1546638639591	87
1546638639596	88
1546638709608	89
1546638709628	88
1546638709637	88
1546638709644	87
1546638709650	85
1546638709656	83
1546638769113	81
1546638769130	79
1546638769138	77
1546638769145	75
1546638769151	73
1546638769157	71
1546638839076	68
1546638839094	66
1546638839102	64
1546638839109	62
1546638839115	60
1546638839121	58
1546638839127	56
1546638898993	55
1546638899011	53
1546638899018	52
1546638899025	51
1546638899031	49
1546638899037	48
1546638958891	47
1546638958909	46
1546638958918	45
1546638958924	44
1546638958931	43
1546638958937	42
1546638958943	41
1546639029219	40
1546639029240	39
1546639029248	38
1546639029254	36
1546639029260	35
1546639029266	34
1546639088823	32
1546639088844	31
1546639088851	30
1546639088858	28
1546639088865	27
1546639088871	26
1546639158583	25
1546639158596	24
1546639158600	24
1546639158604	23
1546639158607	23
1546639158611	22
1546639158614	22
1546639218692	21
1546639218712	21
1546639218719	21
1546639218726	20
1546639218731	20
1546639218737	20
1546639278812	20
1546639278834	21
1546639278841	21
1546639278848	21
1546639278854	21
1546639278860	21
1546639278866	21
1546639348705	21
1546639348728	21
1546639348736	22
1546639348744	22
1546639348751	22
1546639348758	22
1546639408518	23
1546639408530	24
1546639408534	25
1546639408536	27
1546639408539	29
1546639408542	32
1546639478524	36
1546639478541	41
1546639478549	46
1546639478555	52
1546639478561	58
1546639478567	64
1546639478573	69
1546639538334	74
1546639538353	78
1546639538360	82
1546639538367	85
1546639538373	87
1546639538379	88
1546639598358	89
1546639598380	89
1546639598389	88
1546639598396	87
1546639598402	86
1546639598409	84
1546639598415	83
1546639667949	81
1546639667967	80
1546639667975	78
1546639667981	77
1546639667987	76
1546639667993	76
1546639727930	75
1546639727948	75
1546639727957	75
1546639727964	75
1546639727971	75
1546639727977	75
1546639797746	75
1546639797761	75
1546639797766	75
1546639797770	75
1546639797775	75
1546639797779	75
1546639797783	75
1546639857633	75
1546639857654	74
1546639857662	73
1546639857669	72
1546639857675	71
1546639857682	70
1546639917818	69
1546639917835	67
1546639917843	66
1546639917849	65
1546639917855	63
1546639917861	62
1546639917867	61
1546639987741	60
1546639987759	58
1546639987767	57
1546639987774	56
1546639987780	55
1546639987786	54
1546640047337	53
1546640047355	52
1546640047363	51
1546640047370	49
1546640047379	48
1546640047386	47
1546640117533	46
1546640117552	45
1546640117559	44
1546640117566	43
1546640117572	42
1546640117578	41
1546640117584	40
1546640177520	39
1546640177541	38
1546640177549	37
1546640177556	36
1546640177563	34
1546640177569	33
1546640237153	32
1546640237176	31
1546640237185	30
1546640237192	29
1546640237199	29
1546640237206	29
1546640237213	30
1546640307770	31
1546640307793	34
1546640307801	38
1546640307807	43
1546640307814	48
1546640307821	54
1546640367263	61
1546640367281	67
1546640367289	73
1546640367295	79
1546640367301	84
1546640367307	88
1546640437182	91
1546640437200	94
1546640437207	95
1546640437213	95
1546640437219	95
1546640437226	94
1546640437231	93
1546640497084	92
1546640497103	91
1546640497110	90
1546640497117	88
1546640497124	87
1546640497130	86
1546640557150	84
1546640557171	83
1546640557179	82
1546640557185	81
1546640557192	81
1546640557198	80
1546640557204	79
1546640626647	79
1546640626665	78
1546640626673	78
1546640626679	77
1546640626685	76
1546640626691	76
1546640686391	75
1546640686405	74
1546640686410	73
1546640686415	72
1546640686419	71
1546640686424	69
1546640756421	68
1546640756439	66
1546640756445	64
1546640756450	62
1546640756454	60
1546640756459	59
1546640756463	57
1546640816677	55
1546640816698	53
1546640816705	51
1546640816712	50
1546640816718	48
1546640816724	47
1546640876562	45
1546640876583	44
1546640876592	43
1546640876599	42
1546640876607	41
1546640876613	40
1546640876620	39
1546640946096	38
1546640946115	38
1546640946122	37
1546640946128	36
1546640946134	35
1546640946141	34
1546641006295	34
1546641006314	33
1546641006321	32
1546641006328	31
1546641006334	30
1546641006340	29
1546641076314	28
1546641076328	28
1546641076333	27
1546641076338	26
1546641076342	25
1546641076347	24
1546641076351	23
1546641135894	22
1546641135915	21
1546641135924	21
1546641135930	21
1546641135937	22
1546641135943	23
1546641195685	26
1546641195695	29
1546641195698	34
1546641195701	40
1546641195703	46
1546641195705	52
1546641195708	59
1546641265694	65
1546641265715	71
1546641265722	77
1546641265729	81
1546641265736	84
1546641265742	87
1546641325862	88
1546641325880	88
1546641325888	88
1546641325895	86
1546641325901	85
1546641325907	82
1546641395522	80
1546641395544	77
1546641395552	75
1546641395560	73
1546641395567	70
1546641395573	68
1546641395579	66
1546641455660	64
1546641455678	63
1546641455686	61
1546641455692	60
1546641455698	59
1546641455704	58
1546641515742	57
1546641515764	56
1546641515772	56
1546641515779	55
1546641515785	54
1546641515792	54
1546641515798	53
1546641585747	53
1546641585768	52
1546641585776	51
1546641585783	51
1546641585789	50
1546641585795	49
1546641645426	48
1546641645444	47
1546641645452	46
1546641645458	45
1546641645464	44
1546641645470	43
1546641715326	42
1546641715344	41
1546641715351	39
1546641715358	38
1546641715364	37
1546641715370	36
1546641715376	34
1546641774970	33
1546641774991	32
1546641774999	30
1546641775005	29
1546641775011	28
1546641775017	26
1546641834860	25
1546641834874	24
1546641834879	22
1546641834884	21
1546641834888	20
1546641834892	18
1546641834897	17
1546641904672	15
1546641904681	14
1546641904684	12
1546641904686	11
1546641904688	10
1546641904691	8
1546641964739	7
1546641964758	5
1546641964766	5
1546641964772	5
1546641964778	5
1546641964784	5
1546642034625	5
1546642034648	5
1546642034656	6
1546642034662	8
1546642034669	12
1546642034675	16
1546642034681	21
1546642094637	27
1546642094647	33
1546642094650	40
1546642094653	46
1546642094655	53
1546642094658	58
1546642154714	64
1546642154733	68
1546642154741	72
1546642154748	74
1546642154754	76
1546642154760	76
1546642154766	76
1546642224579	75
1546642224598	74
1546642224605	73
1546642224611	71
1546642224617	69
1546642224623	66
1546642284548	64
1546642284568	62
1546642284576	61
1546642284584	59
1546642284591	58
1546642284598	57
1546642354426	56
1546642354444	56
1546642354451	56
1546642354458	56
1546642354463	56
1546642354470	56
1546642354475	56
1546642414021	56
1546642414040	56
1546642414049	56
1546642414055	56
1546642414062	55
1546642414068	54
1546642474367	53
1546642474385	52
1546642474392	51
1546642474398	49
1546642474404	48
1546642474411	46
1546642474417	44
1546642543913	42
1546642543927	41
1546642543932	39
1546642543937	38
1546642543941	36
1546642543946	35
1546642603730	34
1546642603739	33
1546642603742	32
1546642603745	32
1546642603748	31
1546642603750	30
1546642674086	30
1546642674107	29
1546642674116	29
1546642674123	28
1546642674130	27
1546642674136	26
1546642674142	25
1546642733965	25
1546642733985	24
1546642733993	22
1546642734000	21
1546642734007	20
1546642734013	19
1546642793779	18
1546642793798	17
1546642793806	16
1546642793812	15
1546642793819	14
1546642793825	14
1546642793831	15
1546642863327	16
1546642863336	18
1546642863339	22
1546642863341	27
1546642863343	33
1546642863345	41
1546642923618	49
1546642923637	58
1546642923644	67
1546642923651	75
1546642923657	84
1546642923663	91
1546642993523	95
1546642993541	95
1546642993548	95
1546642993555	95
1546642993561	94
1546642993567	94
1546642993573	93
1546643053118	92
1546643053127	90
1546643053131	88
1546643053133	85
1546643053136	82
1546643053138	80
1546643113115	77
1546643113137	75
1546643113145	72
1546643113152	70
1546643113159	68
1546643113166	67
1546643113172	65
1546643183202	64
1546643183222	63
1546643183230	62
1546643183237	62
1546643183244	61
1546643183251	61
1546643243041	60
1546643243059	60
1546643243066	59
1546643243073	58
1546643243079	58
1546643243085	57
1546643313249	56
1546643313270	55
1546643313278	54
1546643313285	53
1546643313291	52
1546643313297	51
1546643313303	50
1546643373120	50
1546643373138	50
1546643373146	49
1546643373152	49
1546643373158	50
1546643373164	50
1546643432697	50
1546643432713	50
1546643432720	51
1546643432726	51
1546643432732	51
1546643432737	50
1546643432743	50
1546643502723	49
1546643502741	48
1546643502748	47
1546643502755	45
1546643502761	44
1546643502767	42
1546643562474	41
1546643562494	39
1546643562502	37
1546643562509	36
1546643562516	34
1546643562523	33
1546643632332	32
1546643632347	31
1546643632352	30
1546643632357	30
1546643632361	29
1546643632366	29
1546643632370	29
1546643692293	29
1546643692314	29
1546643692322	30
1546643692329	31
1546643692335	33
1546643692342	36
1546643752214	40
1546643752233	44
1546643752240	49
1546643752247	55
1546643752253	61
1546643752259	66
1546643752265	71
1546643822458	76
1546643822467	80
1546643822469	84
1546643822472	86
1546643822474	87
1546643822476	87
1546643882201	87
1546643882220	85
1546643882227	84
1546643882234	81
1546643882240	79
1546643882246	76
1546643952388	73
1546643952410	71
1546643952418	69
1546643952425	67
1546643952431	65
1546643952437	63
1546643952443	62
1546644011776	61
1546644011794	61
1546644011802	60
1546644011808	60
1546644011815	59
1546644011821	59
1546644072095	59
1546644072116	59
1546644072125	58
1546644072132	58
1546644072138	57
1546644072144	56
1546644072150	55
1546644141833	54
1546644141851	52
1546644141859	51
1546644141865	49
1546644141871	48
1546644141878	46
1546644201872	44
1546644201894	42
1546644201902	40
1546644201909	38
1546644201916	37
1546644201923	36
1546644271380	34
1546644271390	33
1546644271393	32
1546644271395	31
1546644271398	30
1546644271400	29
1546644271402	28
1546644331250	27
1546644331259	26
1546644331261	25
1546644331264	24
1546644331266	23
1546644331268	22
1546644391208	21
1546644391226	20
1546644391234	19
1546644391240	18
1546644391246	17
1546644391252	15
1546644391258	14
1546644461172	13
1546644461193	12
1546644461200	11
1546644461208	9
1546644461214	8
1546644461221	7
1546644521115	6
1546644521125	5
1546644521128	5
1546644521130	5
1546644521133	5
1546644521135	5
1546644591292	5
1546644591310	6
1546644591318	8
1546644591325	11
1546644591331	15
1546644591337	20
1546644591342	26
1546644651244	32
1546644651262	38
1546644651269	45
1546644651275	51
1546644651281	57
1546644651288	62
1546644711096	67
1546644711115	70
1546644711124	72
1546644711131	73
1546644711138	73
1546644711144	73
1546644711151	72
1546644780731	70
1546644780748	68
1546644780755	65
1546644780762	63
1546644780768	60
1546644780774	58
1546644841126	56
1546644841144	54
1546644841152	52
1546644841158	51
1546644841164	50
1546644841170	49
1546644910689	49
1546644910698	49
1546644910701	49
1546644910703	49
1546644910706	49
1546644910708	49
1546644910710	49
1546644970598	49
1546644970621	48
1546644970629	47
1546644970636	46
1546644970643	45
1546644970650	44
1546645030279	42
1546645030289	40
1546645030291	38
1546645030293	37
1546645030296	35
1546645030298	33
1546645030300	31
1546645100334	29
1546645100353	28
1546645100360	27
1546645100367	25
1546645100373	24
1546645100379	23
1546645160397	22
1546645160412	22
1546645160418	21
1546645160423	20
1546645160428	20
1546645160433	19
1546645230106	19
1546645230126	18
1546645230135	18
1546645230142	17
1546645230149	17
1546645230156	16
1546645230162	15
1546645290118	15
1546645290137	14
1546645290144	13
1546645290151	12
1546645290157	12
1546645290163	11
1546645350172	10
1546645350190	9
1546645350198	8
1546645350204	7
1546645350210	6
1546645350219	6
1546645350228	7
1546645420051	8
1546645420070	10
1546645420077	13
1546645420083	17
1546645420089	22
1546645420095	28
1546645480081	34
1546645480103	40
1546645480111	47
1546645480117	53
1546645480124	59
1546645480130	63
1546645549610	67
1546645549628	70
1546645549635	72
1546645549641	72
1546645549648	72
1546645549654	71
1546645549660	69
1546645609899	66
1546645609921	63
1546645609929	60
1546645609936	57
1546645609943	54
1546645609949	51
1546645669774	48
1546645669795	46
1546645669803	44
1546645669811	42
1546645669817	41
1546645669824	40
1546645669831	39
1546645739518	39
1546645739527	39
1546645739531	40
1546645739533	40
1546645739536	41
1546645739538	41
1546645799268	42
1546645799288	42
1546645799297	42
1546645799304	42
1546645799311	42
1546645799318	42
1546645869499	41
1546645869520	41
1546645869529	40
1546645869535	40
1546645869542	39
1546645869549	38
1546645869555	37
1546645929340	37
1546645929358	37
1546645929366	36
1546645929372	36
1546645929378	36
1546645929384	36
1546645988969	37
1546645988982	37
1546645988987	37
1546645988991	38
1546645988996	39
1546645989000	39
1546645989003	40
1546646058896	40
1546646058917	40
1546646058925	41
1546646058932	41
1546646058938	41
1546646058945	41
1546646119163	40
1546646119184	40
1546646119192	39
1546646119199	38
1546646119205	38
1546646119211	36
1546646189087	35
1546646189109	34
1546646189116	33
1546646189123	31
1546646189129	30
1546646189136	29
1546646189142	27
1546646248984	26
1546646248994	26
1546646248997	26
1546646249000	28
1546646249002	30
1546646249005	34
1546646308976	38
1546646308997	44
1546646309005	51
1546646309012	58
1546646309019	66
1546646309025	73
1546646309032	80
1546646378985	86
1546646379007	91
1546646379015	95
1546646379022	95
1546646379029	94
1546646379036	94
1546646438741	93
1546646438763	93
1546646438771	92
1546646438777	90
1546646438783	88
1546646438789	86
1546646508508	84
1546646508526	82
1546646508534	80
1546646508541	78
1546646508547	76
1546646508553	75
1546646508559	74
1546646568180	72
1546646568200	71
1546646568208	71
1546646568215	70
1546646568221	69
1546646568227	68
1546646628039	68
1546646628048	67
1546646628050	67
1546646628053	66
1546646628055	65
1546646628058	64
1546646628060	63
1546646698361	62
1546646698383	62
1546646698391	60
1546646698397	59
1546646698403	58
1546646698410	56
1546646757832	55
1546646757846	53
1546646757851	52
1546646757856	50
1546646757860	49
1546646757865	47
1546646827747	45
1546646827756	44
1546646827758	43
1546646827761	41
1546646827763	40
1546646827765	39
1546646827767	38
1546646887628	37
1546646887639	36
1546646887641	35
1546646887644	34
1546646887646	33
1546646887648	32
1546646947574	31
1546646947583	31
1546646947586	30
1546646947588	29
1546646947590	28
1546646947593	27
1546646947595	27
1546647017552	26
1546647017571	25
1546647017578	24
1546647017585	23
1546647017591	23
1546647017597	22
1546647077863	22
1546647077884	21
1546647077891	21
1546647077898	21
1546647077904	21
1546647077910	22
1546647147771	24
1546647147793	27
1546647147801	32
1546647147808	37
1546647147814	43
1546647147820	50
1546647147826	57
1546647207269	64
1546647207284	72
1546647207289	79
1546647207294	85
1546647207299	90
1546647207303	94
1546647267519	95
1546647267537	95
1546647267544	95
1546647267551	94
1546647267557	93
1546647267563	92
1546647267569	90
1546647337239	88
1546647337257	85
1546647337265	82
1546647337271	80
1546647337277	77
1546647337283	75
1546647397392	73
1546647397407	71
1546647397412	70
1546647397417	69
1546647397421	68
1546647397426	67
1546647466935	66
1546647466946	66
1546647466949	66
1546647467018	65
1546647467021	65
1546647467023	65
1546647467025	65
1546647527312	64
1546647527332	64
1546647527341	63
1546647527347	62
1546647527354	61
1546647527361	59
1546647586994	57
1546647587012	55
1546647587020	53
1546647587026	51
1546647587032	49
1546647587039	47
1546647587045	45
1546647657014	43
1546647657032	42
1546647657040	40
1546647657046	39
1546647657053	38
1546647657059	37
1546647716521	37
1546647716540	36
1546647716549	36
1546647716557	36
1546647716564	36
1546647716570	37
1546647786531	37
1546647786551	37
1546647786560	37
1546647786566	38
1546647786572	38
1546647786579	38
1546647786584	38
1546647846581	38
1546647846599	38
1546647846607	37
1546647846613	37
1546647846619	37
1546647846625	37
1546647906460	37
1546647906469	36
1546647906473	36
1546647906476	36
1546647906478	36
1546647906481	36
1546647906483	36
1546647976483	36
1546647976501	37
1546647976508	39
1546647976515	42
1546647976521	46
1546647976527	51
1546648036236	57
1546648036257	64
1546648036265	72
1546648036272	80
1546648036278	88
1546648036285	95
1546648106106	95
1546648106124	95
1546648106131	95
1546648106138	95
1546648106144	95
1546648106150	95
1546648106156	94
1546648166201	93
1546648166215	92
1546648166221	90
1546648166226	87
1546648166230	85
1546648166235	82
1546648225942	79
1546648225961	76
1546648225968	73
1546648225975	70
1546648225981	68
1546648225987	66
1546648225993	64
1546648295786	63
1546648295805	61
1546648295814	60
1546648295821	60
1546648295828	59
1546648295835	58
1546648355653	58
1546648355662	57
1546648355666	57
1546648355668	56
1546648355671	55
1546648355673	54
1546648425648	53
1546648425666	52
1546648425674	50
1546648425680	48
1546648425686	47
1546648425692	45
1546648425698	43
1546648485414	41
1546648485427	39
1546648485430	37
1546648485432	35
1546648485435	33
1546648485437	31
1546648545416	29
1546648545433	27
1546648545442	25
1546648545448	24
1546648545454	23
1546648545460	21
1546648545466	20
1546648615562	19
1546648615580	18
1546648615587	17
1546648615594	16
1546648615600	16
1546648615606	15
1546648675651	14
1546648675672	13
1546648675679	13
1546648675686	12
1546648675692	11
1546648675698	10
1546648745189	10
1546648745207	9
1546648745215	8
1546648745221	7
1546648745227	6
1546648745233	5
1546648745240	5
1546648805462	5
1546648805484	5
1546648805491	5
1546648805498	5
1546648805505	5
1546648805511	5
1546648865326	7
1546648865348	9
1546648865356	12
1546648865363	15
1546648865370	19
1546648865376	24
1546648865383	29
1546648935297	34
1546648935319	39
1546648935328	44
1546648935334	49
1546648935341	52
1546648935347	55
1546648995104	58
1546648995123	59
1546648995130	60
1546648995137	60
1546648995143	60
1546648995149	59
1546649064993	58
1546649065011	57
1546649065019	55
1546649065025	54
1546649065032	52
1546649065038	51
1546649065044	50
1546649125009	49
1546649125030	48
1546649125038	47
1546649125044	47
1546649125050	47
1546649125056	47
1546649184811	47
1546649184830	47
1546649184837	47
1546649184844	47
1546649184850	47
1546649184856	48
1546649184862	48
1546649254443	47
1546649254461	47
1546649254469	47
1546649254475	46
1546649254481	45
1546649254488	44
1546649314407	43
1546649314425	42
1546649314433	40
1546649314439	39
1546649314445	38
1546649314451	36
1546649384177	35
1546649384185	34
1546649384187	32
1546649384190	31
1546649384192	30
1546649384194	30
1546649384196	29
1546649444149	28
1546649444167	28
1546649444175	27
1546649444181	27
1546649444187	27
1546649444193	27
1546649504054	26
1546649504073	26
1546649504081	26
1546649504088	25
1546649504095	25
1546649504102	25
1546649504108	24
1546649574387	24
1546649574410	23
1546649574418	22
1546649574424	22
1546649574430	21
1546649574436	20
1546649634014	19
1546649634032	18
1546649634039	17
1546649634046	17
1546649634052	16
1546649634058	16
1546649704054	16
1546649704073	18
1546649704081	20
1546649704087	22
1546649704093	26
1546649704099	30
1546649704105	35
1546649763705	40
1546649763723	45
1546649763730	50
1546649763737	54
1546649763743	58
1546649763750	62
1546649823620	64
1546649823638	66
1546649823646	67
1546649823653	67
1546649823659	67
1546649823665	65
1546649823671	64
1546649893466	62
1546649893475	59
1546649893478	57
1546649893481	55
1546649893484	53
1546649893486	51
1546649953401	49
1546649953419	47
1546649953427	46
1546649953433	44
1546649953439	44
1546649953445	43
1546650023346	43
1546650023364	42
1546650023371	42
1546650023378	42
1546650023384	42
1546650023390	42
1546650023396	42
1546650083172	41
1546650083182	41
1546650083187	40
1546650083192	39
1546650083196	38
1546650083200	37
1546650143853	36
1546650143872	35
1546650143879	34
1546650143885	33
1546650143892	32
1546650143898	30
1546650143904	30
1546650213095	29
1546650213114	28
1546650213122	27
1546650213128	26
1546650213134	26
1546650213140	25
1546650272868	25
1546650272881	24
1546650272887	24
1546650272891	24
1546650272895	23
1546650272900	23
1546650342804	22
1546650342819	22
1546650342826	21
1546650342832	21
1546650342837	20
1546650342842	19
1546650342847	19
1546650402775	18
1546650402793	17
1546650402800	16
1546650402806	14
1546650402813	13
1546650402819	12
1546650463078	11
1546650463100	10
1546650463107	11
1546650463114	12
1546650463120	14
1546650463126	17
1546650463132	21
1546650532796	26
1546650532815	32
1546650532822	37
1546650532828	43
1546650532834	49
1546650532840	54
1546650592702	59
1546650592721	63
1546650592728	66
1546650592735	69
1546650592741	70
1546650592747	71
1546650662675	71
1546650662693	71
1546650662700	70
1546650662706	68
1546650662712	67
1546650662718	65
1546650662724	63
1546650722483	62
1546650722502	61
1546650722509	60
1546650722516	59
1546650722522	59
1546650722528	59
1546650782702	59
1546650782722	59
1546650782730	60
1546650782737	61
1546650782743	62
1546650782749	62
1546650782755	63
1546650852520	64
1546650852541	64
1546650852549	64
1546650852555	64
1546650852561	64
1546650852568	63
1546650912365	63
1546650912386	62
1546650912394	61
1546650912400	60
1546650912406	60
1546650912413	59
1546650982148	58
1546650982167	57
1546650982175	57
1546650982181	56
1546650982187	55
1546650982193	54
1546650982199	54
1546651041760	53
1546651041771	53
1546651041774	52
1546651041777	52
1546651041781	52
1546651041784	51
1546651101717	51
1546651101735	50
1546651101743	50
1546651101749	50
1546651101756	49
1546651101762	48
1546651101768	48
1546651171608	47
1546651171626	46
1546651171634	45
1546651171640	44
1546651171646	42
1546651171652	41
1546651231479	39
1546651231493	38
1546651231498	37
1546651231503	36
1546651231507	36
1546651231512	37
1546651301469	39
1546651301489	42
1546651301497	46
1546651301504	51
1546651301511	56
1546651301517	63
1546651301523	69
1546651361837	75
1546651361858	81
1546651361866	86
1546651361873	90
1546651361880	93
1546651361886	95
1546651421772	95
1546651421786	95
1546651421792	94
1546651421797	93
1546651421801	91
1546651421805	89
1546651421810	87
1546651491327	84
1546651491347	82
1546651491355	79
1546651491362	77
1546651491368	75
1546651491374	73
1546651551028	71
1546651551050	70
1546651551059	68
1546651551066	67
1546651551073	66
1546651551080	65
1546651620964	64
1546651620982	64
1546651620989	63
1546651620995	62
1546651621002	62
1546651621008	61
1546651621014	60
1546651680854	59
1546651680872	58
1546651680880	56
1546651680887	55
1546651680893	53
1546651680899	52
1546651740775	50
1546651740794	48
1546651740802	46
1546651740808	45
1546651740814	43
1546651740820	42
1546651740826	40
1546651810625	39
1546651810633	38
1546651810636	37
1546651810638	36
1546651810640	35
1546651810643	35
1546651870522	35
1546651870534	34
1546651870537	34
1546651870539	34
1546651870542	34
1546651870544	34
1546651940468	34
1546651940483	34
1546651940490	34
1546651940495	34
1546651940501	34
1546651940506	34
1546651940511	34
1546652000700	34
1546652000719	34
1546652000727	33
1546652000733	33
1546652000739	33
1546652000774	32
1546652060326	32
1546652060347	32
1546652060354	33
1546652060361	34
1546652060367	36
1546652060374	39
1546652060380	43
1546652130323	48
1546652130341	54
1546652130349	60
1546652130355	67
1546652130362	73
1546652130368	79
1546652189994	85
1546652190004	90
1546652190007	94
1546652190010	95
1546652190013	94
1546652190016	94
1546652260032	93
1546652260053	92
1546652260060	90
1546652260067	88
1546652260073	85
1546652260079	82
1546652260085	79
1546652319911	76
1546652319930	73
1546652319937	70
1546652319944	67
1546652319950	65
1546652319956	63
1546652380112	61
1546652380131	59
1546652380138	58
1546652380145	56
1546652380151	55
1546652380157	54
1546652380162	54
1546652450156	53
1546652450177	52
1546652450185	51
1546652450191	50
1546652450197	49
1546652450203	48
1546652509945	47
1546652509963	46
1546652509971	44
1546652509977	43
1546652509984	41
1546652509990	40
1546652579652	38
1546652579673	36
1546652579681	35
1546652579687	34
1546652579695	32
1546652579701	31
1546652579708	30
1546652639427	29
1546652639441	28
1546652639447	28
1546652639452	27
1546652639456	27
1546652639460	26
1546652699438	26
1546652699456	25
1546652699463	25
1546652699470	24
1546652699476	24
1546652699482	23
1546652699488	22
1546652769415	22
1546652769433	21
1546652769440	20
1546652769447	19
1546652769453	18
1546652769459	17
1546652829248	16
1546652829269	15
1546652829277	14
1546652829284	13
1546652829290	12
1546652829296	11
1546652899019	10
1546652899033	10
1546652899038	9
1546652899043	9
1546652899047	9
1546652899052	10
1546652899056	12
1546652959054	15
1546652959075	19
1546652959083	24
1546652959090	30
1546652959096	36
1546652959103	43
1546653019195	50
1546653019213	57
1546653019221	63
1546653019228	69
1546653019234	74
1546653019240	79
1546653019246	82
1546653089103	84
1546653089121	85
1546653089128	86
1546653089135	86
1546653089142	85
1546653089148	84
1546653149116	83
1546653149135	81
1546653149142	80
1546653149149	78
1546653149155	76
1546653149161	75
1546653219254	74
1546653219275	73
1546653219282	72
1546653219289	72
1546653219295	72
1546653219301	72
1546653219307	72
1546653278499	72
1546653278517	73
1546653278526	73
1546653278533	73
1546653278540	74
1546653278546	74
1546653338455	74
1546653338473	73
1546653338480	73
1546653338487	72
1546653338493	71
1546653338508	70
1546653338514	69
1546653408324	68
1546653408340	66
1546653408345	65
1546653408350	64
1546653408354	63
1546653408359	62
1546653468384	61
1546653468405	60
1546653468413	59
1546653468419	58
1546653468426	58
1546653468432	57
1546653538483	57
1546653538505	56
1546653538514	56
1546653538521	55
1546653538529	55
1546653538536	54
1546653538543	54
1546653598247	53
1546653598265	52
1546653598273	52
1546653598280	51
1546653598286	50
1546653598292	49
1546653658298	48
1546653658317	46
1546653658325	45
1546653658331	44
1546653658337	42
1546653658343	41
1546653658349	40
1546653727873	39
1546653727886	38
1546653727891	39
1546653727896	40
1546653727900	42
1546653727905	45
1546653787824	50
1546653787842	55
1546653787849	61
1546653787856	68
1546653787862	75
1546653787868	82
1546653858005	89
1546653858023	95
1546653858030	95
1546653858037	95
1546653858043	95
1546653858049	95
1546653858055	95
1546653917706	94
1546653917726	93
1546653917734	92
1546653917741	90
1546653917747	88
1546653917754	86
1546653978041	84
1546653978061	82
1546653978069	80
1546653978076	79
1546653978082	77
1546653978089	76
1546653978095	74
1546654048009	73
1546654048030	73
1546654048039	72
1546654048045	71
1546654048052	71
1546654048059	70
1546654107655	70
1546654107673	70
1546654107681	70
1546654107688	69
1546654107694	69
1546654107700	69
1546654177636	68
1546654177655	68
1546654177662	67
1546654177669	67
1546654177675	66
1546654177681	65
1546654177687	65
1546654237476	64
1546654237494	63
1546654237501	62
1546654237508	61
1546654237514	60
1546654237520	60
1546654297163	59
1546654297187	58
1546654297195	58
1546654297202	57
1546654297208	56
1546654297215	56
1546654297221	55
1546654367026	54
1546654367043	54
1546654367051	53
1546654367057	52
1546654367063	52
1546654367069	51
1546654426968	50
1546654426989	50
1546654426997	49
1546654427004	48
1546654427010	48
1546654427016	47
1546654496742	46
1546654496754	45
1546654496756	44
1546654496759	43
1546654496762	42
1546654496764	41
1546654496767	40
1546654556708	39
1546654556722	38
1546654556728	37
1546654556732	37
1546654556737	37
1546654556741	39
1546654616642	41
1546654616662	44
1546654616669	48
1546654616676	52
1546654616682	58
1546654616688	64
1546654616694	69
1546654686525	75
1546654686534	81
1546654686537	85
1546654686540	89
1546654686543	93
1546654686545	95
1546654746436	94
1546654746447	94
1546654746459	93
1546654746462	93
1546654746464	91
1546654746466	89
1546654816753	88
1546654816775	85
1546654816783	83
1546654816790	81
1546654816797	79
1546654816803	77
1546654816809	76
1546654876559	74
1546654876578	73
1546654876586	72
1546654876592	71
1546654876598	70
1546654876605	69
1546654936141	69
1546654936155	69
1546654936162	68
1546654936167	68
1546654936171	68
1546654936176	67
1546654936181	67
1546655006471	66
1546655006489	66
1546655006497	65
1546655006503	64
1546655006509	63
1546655006515	62
1546655066042	61
1546655066060	59
1546655066067	58
1546655066074	57
1546655066079	56
1546655066085	55
1546655135902	54
1546655135921	53
1546655135930	52
1546655135937	51
1546655135944	50
1546655135951	50
1546655135957	49
1546655195803	48
1546655195817	48
1546655195823	47
1546655195828	47
1546655195833	46
1546655195838	46
1546655255762	45
1546655255778	45
1546655255784	44
1546655255790	44
1546655255795	43
1546655255801	43
1546655255806	42
1546655325649	41
1546655325665	41
1546655325672	40
1546655325677	39
1546655325683	38
1546655325688	37
1546655385769	36
1546655385784	35
1546655385789	34
1546655385794	33
1546655385799	33
1546655385804	32
1546655455864	32
1546655455886	33
1546655455894	34
1546655455901	36
1546655455907	39
1546655455913	44
1546655455919	49
1546655515932	55
1546655515954	61
1546655515962	67
1546655515969	73
1546655515975	79
1546655515982	84
1546655575704	88
1546655575722	91
1546655575730	93
1546655575737	95
1546655575743	94
1546655575749	94
1546655575755	93
1546655645373	91
1546655645391	89
1546655645398	87
1546655645405	84
1546655645411	82
1546655645417	80
1546655705524	78
1546655705542	76
1546655705550	74
1546655705556	73
1546655705562	72
1546655705568	71
1546655775061	70
1546655775075	70
1546655775081	69
1546655775085	69
1546655775090	69
1546655775094	68
1546655775098	68
1546655834947	67
1546655834968	67
1546655834977	66
1546655834984	65
1546655834991	64
1546655834997	63
1546655894823	62
1546655894839	61
1546655894846	59
1546655894852	57
1546655894857	56
1546655894863	54
1546655894868	53
1546655965128	51
1546655965146	50
1546655965153	48
1546655965160	47
1546655965166	46
1546655965172	45
1546656024642	44
1546656024656	43
1546656024662	42
1546656024666	41
1546656024671	40
1546656024675	39
1546656095087	38
1546656095108	38
1546656095116	37
1546656095122	36
1546656095128	34
1546656095135	33
1546656095141	32
1546656154509	31
1546656154530	30
1546656154538	29
1546656154545	28
1546656154552	27
1546656154558	26
1546656214415	25
1546656214434	23
1546656214442	22
1546656214448	21
1546656214455	20
1546656214461	19
1546656214467	18
1546656284611	17
1546656284632	16
1546656284640	16
1546656284647	16
1546656284653	17
1546656284660	18
1546656344161	21
1546656344176	25
1546656344181	30
1546656344186	36
1546656344190	42
1546656344194	49
1546656414180	56
1546656414200	63
1546656414208	69
1546656414214	75
1546656414220	80
1546656414226	83
1546656414232	86
1546656474253	87
1546656474271	87
1546656474279	87
1546656474286	85
1546656474291	84
1546656474298	81
1546656533987	79
1546656534004	76
1546656534012	74
1546656534018	71
1546656534024	69
1546656534031	68
1546656534037	66
1546656604082	65
1546656604100	64
1546656604108	63
1546656604114	63
1546656604120	63
1546656604126	63
1546656663707	62
1546656663725	62
1546656663732	62
1546656663739	62
1546656663745	61
1546656663751	61
1546656733688	60
1546656733706	59
1546656733714	58
1546656733720	56
1546656733727	54
1546656733733	53
1546656733739	51
1546656793509	49
1546656793528	47
1546656793536	45
1546656793544	43
1546656793550	41
1546656793557	40
1546656853395	38
1546656853403	37
1546656853407	35
1546656853409	34
1546656853411	33
1546656853413	32
1546656853415	31
1546656923272	30
1546656923280	29
1546656923283	28
1546656923285	27
1546656923287	26
1546656923289	25
1546656983292	24
1546656983311	23
1546656983318	21
1546656983325	19
1546656983331	18
1546656983337	16
1546657053549	15
1546657053570	13
1546657053578	12
1546657053585	10
1546657053592	8
1546657053599	6
1546657053605	5
1546657113114	5
1546657113131	5
1546657113139	5
1546657113146	5
1546657113152	5
1546657113158	5
1546657173415	5
1546657173436	6
1546657173445	7
1546657173451	9
1546657173458	12
1546657173465	16
1546657173471	21
1546657242931	27
1546657242949	33
1546657242956	39
1546657242963	45
1546657242969	51
1546657242975	56
1546657303076	60
1546657303095	63
1546657303102	66
1546657303109	67
1546657303115	67
1546657303121	67
1546657372705	65
1546657372723	64
1546657372731	62
1546657372738	59
1546657372744	57
1546657372751	55
1546657372756	52
1546657433248	50
1546657433265	49
1546657433273	47
1546657433279	46
1546657433285	46
1546657433291	45
1546657492951	45
1546657492969	45
1546657492977	45
1546657492983	45
1546657492989	46
1546657492995	46
1546657493001	47
1546657563017	47
1546657563038	47
1546657563046	47
1546657563052	46
1546657563059	45
1546657563065	44
1546657622366	43
1546657622384	42
1546657622392	41
1546657622398	39
1546657622404	38
1546657622410	36
1546657692466	35
1546657692485	33
1546657692492	32
1546657692499	31
1546657692505	30
1546657692511	29
1546657692517	28
1546657752651	27
1546657752669	27
1546657752677	26
1546657752683	26
1546657752689	25
1546657752695	25
1546657812495	25
1546657812517	24
1546657812524	24
1546657812531	24
1546657812537	24
1546657812543	23
1546657812549	23
1546657881934	23
1546657881944	22
1546657881947	22
1546657881949	21
1546657881952	21
1546657881954	21
1546657941890	20
1546657941904	20
1546657941910	19
1546657941915	19
1546657941919	19
1546657941924	19
1546658011749	19
1546658011760	20
1546658011763	21
1546658011766	24
1546658011769	28
1546658011771	32
1546658011774	38
1546658071644	44
1546658071654	51
1546658071657	59
1546658071660	66
1546658071663	73
1546658071665	79
1546658131658	84
1546658131680	88
1546658131688	91
1546658131694	93
1546658131701	93
1546658131707	93
1546658131713	91
1546658201579	89
1546658201600	86
1546658201609	83
1546658201616	79
1546658201624	76
1546658201631	72
1546658261522	69
1546658261545	66
1546658261554	63
1546658261562	61
1546658261569	60
1546658261576	58
1546658331734	58
1546658331755	57
1546658331763	57
1546658331770	57
1546658331776	57
1546658331782	57
1546658331789	58
1546658391673	58
1546658391695	58
1546658391703	58
1546658391710	57
1546658391716	57
1546658391722	56
1546658451613	54
1546658451634	53
1546658451642	52
1546658451649	50
1546658451656	48
1546658451663	47
1546658451670	45
1546658521103	44
1546658521121	43
1546658521128	42
1546658521135	41
1546658521141	40
1546658521147	40
1546658581382	40
1546658581403	40
1546658581411	41
1546658581417	41
1546658581423	41
1546658581430	42
1546658651191	43
1546658651210	43
1546658651218	44
1546658651224	44
1546658651230	45
1546658651236	45
1546658651242	45
1546658711150	44
1546658711168	44
1546658711175	43
1546658711182	42
1546658711188	41
1546658711195	39
1546658770782	38
1546658770808	36
1546658770818	35
1546658770826	33
1546658770833	32
1546658770839	32
1546658770845	33
1546658841046	34
1546658841068	36
1546658841075	40
1546658841082	44
1546658841089	50
1546658841096	56
1546658900961	63
1546658900983	69
1546658900991	75
1546658900998	81
1546658901005	86
1546658901011	89
1546658970904	91
1546658970923	92
1546658970932	92
1546658970939	91
1546658970946	89
1546658970952	86
1546658970959	83
1546659030364	79
1546659030377	76
1546659030383	72
1546659030388	68
1546659030392	64
1546659030397	61
1546659090686	59
1546659090707	57
1546659090715	55
1546659090721	54
1546659090727	54
1546659090734	53
1546659090740	53
1546659160529	54
1546659160551	54
1546659160560	55
1546659160567	55
1546659160574	56
1546659160581	57
1546659220191	57
1546659220213	57
1546659220222	57
1546659220229	56
1546659220237	56
1546659220245	55
1546659290295	54
1546659290313	53
1546659290321	52
1546659290328	51
1546659290334	50
1546659290340	49
1546659290346	48
1546659349859	47
1546659349869	47
1546659349873	46
1546659349875	46
1546659349877	45
1546659349880	45
1546659410293	44
1546659410315	44
1546659410323	44
1546659410330	43
1546659410336	43
1546659410342	42
1546659410348	42
1546659480133	41
1546659480153	40
1546659480161	39
1546659480168	38
1546659480174	37
1546659480181	35
1546659540057	34
1546659540079	32
1546659540087	30
1546659540094	29
1546659540100	27
1546659540107	25
1546659609813	23
1546659609831	22
1546659609839	21
1546659609845	21
1546659609851	22
1546659609857	25
1546659609863	29
1546659670123	33
1546659670145	39
1546659670153	46
1546659670161	54
1546659670167	61
1546659670173	69
1546659729786	76
1546659729808	82
1546659729815	87
1546659729822	90
1546659729829	93
1546659729835	94
1546659729841	94
1546659799556	92
1546659799570	90
1546659799576	88
1546659799580	85
1546659799585	82
1546659799589	79
1546659859616	76
1546659859637	73
1546659859645	71
1546659859652	69
1546659859659	67
1546659859665	66
1546659929233	66
1546659929253	66
1546659929260	66
1546659929267	66
1546659929273	66
1546659929279	66
1546659929284	66
1546659988975	66
1546659988984	66
1546659988988	65
1546659988990	64
1546659988993	63
1546659988995	62
1546660048966	60
1546660048986	58
1546660048994	56
1546660049001	54
1546660049007	51
1546660049013	49
1546660049019	46
1546660119201	44
1546660119222	41
1546660119230	39
1546660119237	37
1546660119244	35
1546660119251	34
1546660179251	32
1546660179274	31
1546660179283	30
1546660179290	30
1546660179297	29
1546660179303	29
1546660248602	28
1546660248612	28
1546660248615	27
1546660248618	27
1546660248620	26
1546660248623	24
1546660248625	23
1546660308496	21
1546660308504	19
1546660308507	18
1546660308509	16
1546660308511	14
1546660308514	12
1546660368822	10
1546660368840	8
1546660368847	7
1546660368854	6
1546660368860	6
1546660368867	6
1546660368873	8
1546660438889	11
1546660438907	15
1546660438914	20
1546660438921	27
1546660438927	34
1546660438933	42
1546660498626	51
1546660498645	59
1546660498652	67
1546660498658	74
1546660498664	80
1546660498671	85
1546660568874	89
1546660568896	91
1546660568903	92
1546660568910	91
1546660568917	90
1546660568923	87
1546660568929	84
1546660628432	81
1546660628445	77
1546660628449	74
1546660628451	70
1546660628455	67
1546660628458	64
1546660688453	62
1546660688475	61
1546660688483	59
1546660688490	58
1546660688496	58
1546660688502	58
1546660688508	58
1546660757940	58
1546660757955	58
1546660757961	59
1546660757967	59
1546660757972	58
1546660757978	58
1546660817979	57
1546660817997	56
1546660818003	55
1546660818009	53
1546660818014	51
1546660818020	49
1546660888124	47
1546660888146	45
1546660888154	43
1546660888161	41
1546660888168	39
1546660888174	38
1546660888180	36
1546660948077	36
1546660948099	35
1546660948107	34
1546660948114	33
1546660948121	33
1546660948127	33
1546661007758	33
1546661007779	33
1546661007787	33
1546661007793	33
1546661007800	32
1546661007806	32
1546661007812	32
1546661077984	31
1546661078005	30
1546661078013	29
1546661078020	28
1546661078026	27
1546661078032	26
1546661137893	25
1546661137914	23
1546661137922	22
1546661137928	21
1546661137935	20
1546661137941	19
1546661207592	19
1546661207611	19
1546661207618	21
1546661207625	24
1546661207631	28
1546661207637	34
1546661207643	41
1546661267240	50
1546661267258	58
1546661267265	67
1546661267271	76
1546661267277	84
1546661267284	92
1546661327321	95
1546661327336	95
1546661327342	95
1546661327347	95
1546661327351	95
1546661327356	93
1546661327360	92
1546661397520	89
1546661397541	86
1546661397548	83
1546661397555	80
1546661397562	77
1546661397568	73
1546661457515	70
1546661457536	68
1546661457545	66
1546661457552	64
1546661457559	63
1546661457565	62
1546661527287	61
1546661527309	61
1546661527316	61
1546661527323	62
1546661527329	62
1546661527335	63
1546661527341	63
1546661587192	63
1546661587213	63
1546661587221	63
1546661587228	63
1546661587234	62
1546661587240	61
1546661646914	60
1546661646939	59
1546661646947	57
1546661646954	55
1546661646961	54
1546661646968	52
1546661646975	50
1546661716624	48
1546661716642	46
1546661716653	44
1546661716660	42
1546661716665	41
1546661716671	39
1546661776562	38
1546661776576	36
1546661776582	35
1546661776587	34
1546661776592	33
1546661776597	32
1546661846341	31
1546661846349	30
1546661846352	30
1546661846355	29
1546661846357	28
1546661846359	27
1546661846361	26
1546661906266	24
1546661906276	23
1546661906279	22
1546661906281	21
1546661906284	19
1546661906286	18
1546661966275	16
1546661966295	16
1546661966302	15
1546661966308	15
1546661966314	17
1546661966319	19
1546661966325	22
1546662036193	27
1546662036213	33
1546662036220	40
1546662036227	48
1546662036234	57
1546662036240	65
1546662096341	73
1546662096360	80
1546662096368	86
1546662096374	92
1546662096381	95
1546662096387	95
1546662166545	95
1546662166573	95
1546662166584	94
1546662166593	92
1546662166602	90
1546662166611	88
1546662166620	85
1546662226250	83
1546662226271	80
1546662226280	78
1546662226287	75
1546662226294	74
1546662226301	72
1546662285829	72
1546662285843	71
1546662285848	71
1546662285853	71
1546662285857	71
1546662285873	72
1546662285877	72
1546662356122	73
1546662356140	73
1546662356148	73
1546662356155	73
1546662356161	72
1546662356167	71
1546662415626	70
1546662415644	69
1546662415651	67
1546662415657	66
1546662415663	64
1546662415670	62
1546662485571	60
1546662485590	58
1546662485598	56
1546662485604	54
1546662485610	52
1546662485617	50
1546662485622	49
1546662545799	47
1546662545819	46
1546662545827	45
1546662545834	44
1546662545841	43
1546662545848	42
1546662605603	41
1546662605622	41
1546662605630	40
1546662605636	40
1546662605642	39
1546662605648	39
1546662605654	39
1546662675672	38
1546662675692	38
1546662675700	37
1546662675706	37
1546662675712	36
1546662675718	36
1546662735439	35
1546662735458	34
1546662735465	34
1546662735472	33
1546662735478	32
1546662735484	32
1546662805053	33
1546662805067	35
1546662805073	38
1546662805078	42
1546662805083	47
1546662805088	53
1546662805092	60
1546662865291	68
1546662865312	76
1546662865320	84
1546662865327	91
1546662865334	95
1546662865341	95
1546662924941	95
1546662924963	95
1546662924970	95
1546662924977	95
1546662924983	94
1546662924989	93
1546662924995	91
1546662995040	89
1546662995055	87
1546662995061	84
1546662995066	82
1546662995071	80
1546662995076	78
1546663054722	76
1546663054740	74
1546663054747	73
1546663054753	72
1546663054759	71
1546663054765	71
1546663125055	70
1546663125077	70
1546663125084	70
1546663125091	70
1546663125097	70
1546663125104	70
1546663125109	70
1546663184649	69
1546663184666	69
1546663184674	69
1546663184680	68
1546663184687	67
1546663184693	66
1546663244438	65
1546663244456	64
1546663244464	63
1546663244471	62
1546663244477	61
1546663244483	60
1546663244489	59
1546663314677	58
1546663314695	57
1546663314703	56
1546663314709	55
1546663314716	54
1546663314722	53
1546663374638	53
1546663374661	52
1546663374669	51
1546663374676	51
1546663374683	50
1546663374689	49
1546663444159	49
1546663444171	48
1546663444175	47
1546663444177	47
1546663444180	46
1546663444183	45
1546663444186	44
1546663504378	44
1546663504396	43
1546663504404	42
1546663504411	41
1546663504417	40
1546663504423	39
1546663564432	37
1546663564453	36
1546663564461	36
1546663564467	36
1546663564474	36
1546663564480	37
1546663564486	40
1546663634200	43
1546663634218	47
1546663634226	52
1546663634232	57
1546663634239	63
1546663634245	69
1546663694277	75
1546663694290	80
1546663694293	85
1546663694296	89
1546663694299	91
1546663694301	93
1546663763892	94
1546663763910	93
1546663763918	93
1546663763924	92
1546663763931	91
1546663763937	89
1546663763943	88
1546663823623	86
1546663823635	84
1546663823639	82
1546663823642	81
1546663823645	79
1546663823648	78
1546663883568	77
1546663883586	76
1546663883594	76
1546663883601	75
1546663883607	75
1546663883613	75
1546663883619	75
1546663953506	75
1546663953523	75
1546663953531	75
1546663953537	75
1546663953543	75
1546663953549	74
1546664013484	74
1546664013503	73
1546664013510	73
1546664013517	72
1546664013523	71
1546664013529	70
1546664083272	69
1546664083286	67
1546664083291	66
1546664083295	65
1546664083300	63
1546664083305	61
1546664083309	60
1546664143140	58
1546664143153	57
1546664143159	55
1546664143164	54
1546664143168	53
1546664143173	51
1546664203101	50
1546664203114	49
1546664203120	48
1546664203124	47
1546664203129	46
1546664203133	45
1546664203138	44
1546664273280	43
1546664273294	42
1546664273299	41
1546664273304	40
1546664273308	38
1546664273313	37
1546664332884	36
1546664332893	35
1546664332896	34
1546664332898	32
1546664332901	31
1546664332903	30
1546664403184	29
1546664403203	28
1546664403211	28
1546664403217	29
1546664403223	30
1546664403229	32
1546664403235	36
1546664462695	40
1546664462712	45
1546664462720	51
1546664462727	58
1546664462732	65
1546664462739	72
1546664523000	78
1546664523019	84
1546664523027	89
1546664523033	93
1546664523039	95
1546664523045	95
1546664523051	94
1546664592649	94
1546664592667	93
1546664592675	92
1546664592681	91
1546664592687	89
1546664592693	87
1546664652383	86
1546664652392	84
1546664652395	82
1546664652397	80
1546664652399	79
1546664652401	77
1546664722308	76
1546664722316	75
1546664722320	74
1546664722322	73
1546664722325	73
1546664722327	72
1546664722330	72
1546664782483	71
1546664782493	71
1546664782496	70
1546664782499	69
1546664782501	68
1546664782504	67
1546664842418	66
1546664842439	64
1546664842448	62
1546664842455	61
1546664842461	59
1546664842468	57
1546664842475	55
1546664912354	53
1546664912368	51
1546664912374	49
1546664912379	48
1546664912383	46
1546664912388	45
1546664972446	44
1546664972468	43
1546664972475	42
1546664972481	41
1546664972487	40
1546664972494	40
1546665042009	39
1546665042029	39
1546665042038	39
1546665042045	38
1546665042051	38
1546665042057	37
1546665042063	37
1546665102280	37
1546665102301	36
1546665102309	36
1546665102316	36
1546665102322	35
1546665102328	35
1546665161873	34
1546665161891	33
1546665161899	33
1546665161906	32
1546665161912	31
1546665161918	30
1546665161924	30
1546665231713	29
1546665231730	28
1546665231738	27
1546665231744	27
1546665231750	28
1546665231757	29
1546665292075	32
1546665292096	35
1546665292104	39
1546665292111	44
1546665292119	50
1546665292127	57
1546665361974	63
1546665361993	69
1546665362002	75
1546665362009	81
1546665362016	85
1546665362023	88
1546665362030	91
1546665421574	92
1546665421583	92
1546665421587	92
1546665421589	90
1546665421592	89
1546665421594	87
1546665481865	84
1546665481909	82
1546665481916	79
1546665481923	77
1546665481929	75
1546665481935	72
1546665481941	71
1546665551591	69
1546665551610	68
1546665551617	67
1546665551623	67
1546665551629	66
1546665551635	66
1546665611530	66
1546665611548	66
1546665611556	67
1546665611562	67
1546665611568	67
1546665611574	66
1546665681159	66
1546665681178	66
1546665681186	65
1546665681192	64
1546665681199	63
1546665681205	62
1546665681211	61
1546665741004	60
1546665741021	59
1546665741029	57
1546665741035	56
1546665741041	55
1546665741047	54
1546665801072	52
1546665801087	51
1546665801093	50
1546665801097	49
1546665801102	48
1546665801106	48
1546665801110	47
1546665870709	46
1546665870723	46
1546665870728	45
1546665870733	44
1546665870738	43
1546665870742	42
1546665930666	41
1546665930676	40
1546665930679	39
1546665930682	39
1546665930684	37
1546665930686	36
1546666000510	35
1546666000519	34
1546666000521	33
1546666000523	31
1546666000526	30
1546666000528	29
1546666000530	27
1546666060560	25
1546666060574	24
1546666060580	23
1546666060585	21
1546666060589	21
1546666060593	22
1546666120493	23
1546666120512	25
1546666120520	29
1546666120527	34
1546666120534	39
1546666120541	46
1546666120547	53
1546666190307	61
1546666190317	68
1546666190320	75
1546666190323	81
1546666190326	86
1546666190328	90
1546666250275	92
1546666250293	94
1546666250300	94
1546666250306	94
1546666250312	92
1546666250319	90
1546666320114	88
1546666320124	86
1546666320127	83
1546666320130	80
1546666320133	78
1546666320136	76
1546666320138	74
1546666380279	72
1546666380297	70
1546666380305	69
1546666380311	68
1546666380317	67
1546666380323	67
1546666440521	66
1546666440541	66
1546666440550	66
1546666440557	65
1546666440564	65
1546666440571	64
1546666440577	64
1546666509866	63
1546666509878	62
1546666509884	61
1546666509888	59
1546666509893	58
1546666509897	56
1546666569742	55
1546666569755	53
1546666569760	52
1546666569765	50
1546666569770	48
1546666569774	47
1546666639770	45
1546666639784	44
1546666639789	42
1546666639794	41
1546666639798	40
1546666639803	39
1546666639807	38
1546666699897	37
1546666699915	36
1546666699923	36
1546666699929	35
1546666699935	35
1546666699941	34
1546666759526	34
1546666759542	34
1546666759548	34
1546666759554	34
1546666759559	33
1546666759565	33
1546666759570	32
1546666829353	31
1546666829363	30
1546666829366	29
1546666829368	28
1546666829370	27
1546666829373	27
1546666889284	28
1546666889298	29
1546666889303	32
1546666889308	36
1546666889312	41
1546666889317	47
1546666959268	54
1546666959290	61
1546666959298	69
1546666959305	76
1546666959311	83
1546666959318	89
1546666959324	94
1546667019554	95
1546667019575	94
1546667019583	93
1546667019590	93
1546667019597	92
1546667019603	90
1546667079509	88
1546667079530	85
1546667079538	82
1546667079545	79
1546667079551	76
1546667079557	72
1546667079563	70
1546667148947	67
1546667148965	65
1546667148972	63
1546667148978	61
1546667148984	59
1546667148991	58
1546667208908	57
1546667208925	56
1546667208933	56
1546667208940	55
1546667208946	54
1546667208952	54
1546667278826	53
1546667278844	52
1546667278852	51
1546667278858	50
1546667278865	49
1546667278871	48
1546667278876	46
1546667338716	45
1546667338733	43
1546667338741	42
1546667338748	40
1546667338754	38
1546667338760	36
1546667398729	35
1546667398746	33
1546667398752	32
1546667398757	31
1546667398762	30
1546667398767	28
1546667398772	28
1546667468880	27
1546667468901	26
1546667468909	26
1546667468916	26
1546667468922	25
1546667468928	25
1546667528343	25
1546667528361	25
1546667528368	26
1546667528374	26
1546667528381	26
1546667528387	25
1546667598249	25
1546667598257	25
1546667598260	24
1546667598262	24
1546667598264	24
1546667598266	24
1546667598268	26
1546667658294	28
1546667658315	31
1546667658324	35
1546667658331	40
1546667658339	45
1546667658347	52
1546667718178	58
1546667718196	65
1546667718204	71
1546667718211	77
1546667718217	81
1546667718223	85
1546667718229	88
1546667788093	89
1546667788103	90
1546667788106	90
1546667788108	89
1546667788111	88
1546667788113	86
1546667848068	84
1546667848087	81
1546667848095	79
1546667848101	76
1546667848107	74
1546667848113	72
1546667917975	70
1546667917993	69
1546667918000	67
1546667918007	66
1546667918013	66
1546667918019	65
1546667918025	64
1546667978097	64
1546667978115	64
1546667978123	64
1546667978129	64
1546667978136	63
1546667978142	63
1546668037660	62
1546668037680	61
1546668037688	60
1546668037696	59
1546668037704	58
1546668037711	56
1546668037718	55
1546668107662	53
1546668107681	51
1546668107690	49
1546668107697	47
1546668107704	45
1546668107711	43
1546668167829	41
1546668167847	39
1546668167854	37
1546668167861	35
1546668167867	33
1546668167873	32
1546668237469	30
1546668237481	29
1546668237485	27
1546668237488	26
1546668237491	25
1546668237494	23
1546668237496	22
1546668297660	21
1546668297679	20
1546668297686	19
1546668297693	18
1546668297699	17
1546668297705	16
1546668357252	14
1546668357270	13
1546668357278	12
1546668357285	12
1546668357291	12
1546668357297	12
1546668357303	14
1546668427162	17
1546668427181	21
1546668427189	26
1546668427196	32
1546668427203	39
1546668427210	46
1546668487092	54
1546668487105	61
1546668487108	68
1546668487111	74
1546668487114	79
1546668487117	83
1546668557173	87
1546668557191	88
1546668557198	89
1546668557205	90
1546668557212	89
1546668557218	88
1546668557224	86
1546668617300	84
1546668617321	82
1546668617329	80
1546668617336	78
1546668617342	77
1546668617348	75
1546668677126	74
1546668677145	73
1546668677154	72
1546668677161	72
1546668677168	72
1546668677175	72
1546668677182	71
1546668746812	71
1546668746831	71
1546668746838	71
1546668746845	70
1546668746851	70
1546668746857	69
1546668806799	68
1546668806820	66
1546668806828	65
1546668806835	62
1546668806842	60
1546668806849	58
1546668876446	55
1546668876455	53
1546668876459	50
1546668876462	47
1546668876464	45
1546668876467	43
1546668876469	41
1546668936957	38
1546668936979	36
1546668936987	35
1546668936995	33
1546668937001	32
1546668937008	30
1546668996303	29
1546668996317	28
1546668996323	27
1546668996327	26
1546668996332	25
1546668996336	24
1546668996340	23
1546669066623	22
1546669066644	21
1546669066652	20
1546669066658	19
1546669066664	18
1546669066671	17
1546669126226	16
1546669126245	15
1546669126252	14
1546669126259	13
1546669126265	14
1546669126271	15
1546669196613	17
1546669196635	20
1546669196643	25
1546669196649	30
1546669196655	37
1546669196661	44
1546669196667	52
1546669256055	60
1546669256074	68
1546669256083	75
1546669256090	82
1546669256097	87
1546669256104	92
1546669315820	94
1546669315829	95
1546669315832	94
1546669315835	94
1546669315837	92
1546669315840	90
1546669315842	88
1546669385846	85
1546669385867	81
1546669385875	78
1546669385882	75
1546669385888	71
1546669385895	68
1546669445956	66
1546669445975	63
1546669445982	61
1546669445989	59
1546669445995	58
1546669446002	57
1546669515629	57
1546669515650	56
1546669515659	55
1546669515665	55
1546669515673	54
1546669515680	54
1546669515686	53
1546669575878	51
1546669575896	50
1546669575903	48
1546669575910	46
1546669575916	45
1546669575922	43
1546669635323	40
1546669635333	38
1546669635335	36
1546669635338	34
1546669635340	32
1546669635342	30
1546669635344	28
1546669705347	27
1546669705365	26
1546669705372	25
1546669705379	25
1546669705385	24
1546669705391	24
1546669765207	23
1546669765216	23
1546669765219	23
1546669765222	22
1546669765225	22
1546669765227	21
1546669835293	21
1546669835310	20
1546669835318	20
1546669835324	19
1546669835330	18
1546669835336	17
1546669835342	16
1546669895050	15
1546669895060	14
1546669895063	13
1546669895065	12
1546669895067	12
1546669895069	13
1546669954916	15
1546669954931	18
1546669954937	23
1546669954942	28
1546669954946	35
1546669954951	42
1546669954955	50
1546670024847	57
1546670024863	65
1546670024868	72
1546670024873	78
1546670024877	82
1546670024881	86
1546670084927	88
1546670084940	89
1546670084946	89
1546670084951	87
1546670084955	86
1546670084960	83
1546670154585	80
1546670154594	77
1546670154597	73
1546670154600	70
1546670154603	67
1546670154605	64
1546670154607	61
1546670214976	59
1546670214993	57
1546670215001	56
1546670215007	54
1546670215013	54
1546670215020	53
1546670274442	53
1546670274456	52
1546670274462	52
1546670274466	52
1546670274471	53
1546670274475	53
1546670274479	52
1546670344404	52
1546670344422	51
1546670344429	50
1546670344435	50
1546670344441	48
1546670344448	47
1546670404580	46
1546670404600	44
1546670404609	43
1546670404616	42
1546670404623	40
1546670404630	39
1546670474485	38
1546670474503	38
1546670474511	37
1546670474517	36
1546670474523	36
1546670474529	35
1546670474535	35
1546670534089	34
1546670534098	33
1546670534101	32
1546670534104	31
1546670534106	30
1546670534108	29
1546670594156	27
1546670594169	26
1546670594174	24
1546670594179	22
1546670594183	20
1546670594188	19
1546670594192	17
1546670664058	15
1546670664079	14
1546670664087	14
1546670664094	14
1546670664100	15
1546670664106	17
1546670724214	21
1546670724232	25
1546670724239	31
1546670724245	38
1546670724251	46
1546670724257	53
1546670794074	61
1546670794093	68
1546670794101	74
1546670794107	80
1546670794113	84
1546670794119	87
1546670794125	90
1546670853623	91
1546670853633	91
1546670853636	91
1546670853639	90
1546670853641	88
1546670853644	87
1546670913792	84
1546670913813	82
1546670913821	80
1546670913828	78
1546670913835	76
1546670913841	74
1546670913846	72
1546670983896	71
1546670983917	70
1546670983924	69
1546670983931	69
1546670983937	69
1546670983943	69
1546671043444	68
1546671043463	68
1546671043471	68
1546671043477	68
1546671043483	67
1546671043489	66
1546671113286	64
1546671113299	63
1546671113304	61
1546671113309	59
1546671113313	57
1546671113318	55
1546671113322	52
1546671173162	50
1546671173175	47
1546671173181	45
1546671173186	43
1546671173190	40
1546671173195	39
1546671233304	37
1546671233326	35
1546671233333	34
1546671233340	34
1546671233346	33
1546671233352	32
1546671233358	32
1546671302943	31
1546671302953	31
1546671302956	30
1546671302959	29
1546671302961	29
1546671302964	27
1546671362910	27
1546671362927	25
1546671362935	24
1546671362941	23
1546671362947	22
1546671362953	20
1546671433234	19
1546671433255	19
1546671433263	19
1546671433270	21
1546671433276	23
1546671433283	28
1546671433288	34
1546671493021	41
1546671493039	50
1546671493047	60
1546671493053	71
1546671493059	81
1546671493065	92
1546671552805	95
1546671552814	95
1546671552817	95
1546671552820	95
1546671552823	95
1546671552825	95
1546671552828	95
1546671622495	95
1546671622504	94
1546671622508	93
1546671622510	92
1546671622513	91
1546671622515	89
1546671682482	88
1546671682500	86
1546671682508	85
1546671682514	83
1546671682520	82
1546671682526	81
1546671752392	80
1546671752413	79
1546671752420	78
1546671752427	78
1546671752434	77
1546671752440	77
1546671752446	76
1546671812279	75
1546671812288	74
1546671812290	74
1546671812293	73
1546671812296	71
1546671812298	70
1546671872202	69
1546671872220	67
1546671872229	65
1546671872236	64
1546671872243	62
1546671872250	60
1546671872257	57
1546671942070	55
1546671942079	53
1546671942082	51
1546671942084	49
1546671942086	47
1546671942088	46
1546672001974	44
1546672001984	42
1546672001987	41
1546672001990	40
1546672001993	38
1546672001995	37
1546672071908	36
1546672071917	35
1546672071920	33
1546672071923	32
1546672071925	31
1546672071928	29
1546672071930	28
1546672131901	26
1546672131919	24
1546672131926	23
1546672131933	21
1546672131939	19
1546672131945	18
1546672192085	16
1546672192103	16
1546672192111	16
1546672192117	16
1546672192123	18
1546672192129	20
1546672192135	23
1546672261676	27
1546672261694	31
1546672261701	35
1546672261707	39
1546672261714	43
1546672261720	47
1546672321623	50
1546672321641	53
1546672321649	55
1546672321655	57
1546672321661	58
1546672321667	59
1546672391468	59
1546672391477	60
1546672391481	59
1546672391484	59
1546672391487	58
1546672391490	56
1546672391493	55
1546672451433	53
1546672451454	51
1546672451463	48
1546672451469	46
1546672451477	43
1546672451483	40
1546672511270	37
1546672511287	35
1546672511295	32
1546672511301	30
1546672511307	28
1546672511314	26
1546672511320	24
1546672581129	23
1546672581143	21
1546672581148	19
1546672581153	18
1546672581157	16
1546672581161	15
1546672641033	13
1546672641042	11
1546672641045	10
1546672641047	8
1546672641050	7
1546672641053	5
1546672711413	5
1546672711435	5
1546672711443	5
1546672711450	5
1546672711457	5
1546672711464	5
1546672711469	5
1546672771166	5
1546672771184	5
1546672771192	5
1546672771198	5
1546672771204	5
1546672771210	5
1546672831083	5
1546672831102	5
1546672831109	5
1546672831116	5
1546672831122	5
1546672831128	5
1546672831134	5
1546672901184	5
1546672901203	5
1546672901210	5
1546672901217	5
1546672901223	5
1546672901229	5
1546672960653	5
1546672960671	6
1546672960679	7
1546672960686	9
1546672960692	11
1546672960698	14
1546673030573	17
1546673030591	21
1546673030598	25
1546673030604	29
1546673030610	33
1546673030616	36
1546673030622	40
1546673090494	42
1546673090512	45
1546673090520	46
1546673090526	48
1546673090532	48
1546673090538	49
1546673150668	49
1546673150689	48
1546673150696	48
1546673150703	47
1546673150710	46
1546673150716	46
1546673150722	45
1546673220216	44
1546673220226	43
1546673220229	43
1546673220232	42
1546673220234	42
1546673220236	42
1546673280340	42
1546673280350	42
1546673280353	43
1546673280356	43
1546673280358	43
1546673280361	43
1546673350010	44
1546673350025	44
1546673350030	44
1546673350035	43
1546673350039	43
1546673350044	43
1546673350048	42
1546673410423	41
1546673410444	40
1546673410452	39
1546673410459	39
1546673410466	38
1546673410472	37
1546673469989	36
1546673470003	35
1546673470008	35
1546673470013	34
1546673470018	34
1546673470022	34
1546673470026	34
1546673540189	34
1546673540211	34
1546673540219	34
1546673540226	35
1546673540232	35
1546673540239	36
1546673599919	36
1546673599937	37
1546673599945	37
1546673599952	37
1546673599958	37
1546673599964	38
1546673669994	38
1546673670015	39
1546673670023	40
1546673670030	42
1546673670036	45
1546673670042	48
1546673670048	51
1546673729625	55
1546673729646	59
1546673729653	64
1546673729661	68
1546673729667	73
1546673729673	77
1546673789392	80
1546673789408	83
1546673789414	86
1546673789420	87
1546673789425	88
1546673789431	89
1546673789436	89
1546673859581	88
1546673859603	87
1546673859611	86
1546673859618	84
1546673859625	82
1546673859632	80
1546673919640	78
1546673919661	75
1546673919668	72
1546673919675	70
1546673919681	67
1546673919688	65
1546673989390	62
1546673989408	60
1546673989416	58
1546673989422	56
1546673989429	55
1546673989435	53
1546673989441	52
1546674049256	50
1546674049265	49
1546674049268	48
1546674049271	47
1546674049274	45
1546674049276	44
1546674109350	43
1546674109372	41
1546674109380	40
1546674109387	39
1546674109393	37
1546674109400	35
1546674109406	33
1546674179208	31
1546674179225	28
1546674179231	26
1546674179236	23
1546674179240	20
1546674179245	18
1546674238760	15
1546674238776	12
1546674238782	10
1546674238788	7
1546674238793	5
1546674238799	5
1546674308588	5
1546674308597	5
1546674308600	5
1546674308603	5
1546674308605	5
1546674308608	5
1546674308610	5
1546674368637	6
1546674368656	8
1546674368664	10
1546674368670	12
1546674368676	16
1546674368682	19
1546674428477	23
1546674428495	26
1546674428502	30
1546674428508	33
1546674428514	36
1546674428520	39
1546674428526	41
1546674498364	43
1546674498382	45
1546674498410	46
1546674498417	46
1546674498423	47
1546674498429	47
1546674558824	47
1546674558845	46
1546674558853	46
1546674558859	46
1546674558866	45
1546674558873	45
1546674628154	44
1546674628163	43
1546674628166	43
1546674628169	43
1546674628171	43
1546674628174	43
1546674628176	43
1546674688142	44
1546674688159	44
1546674688167	45
1546674688173	46
1546674688180	46
1546674688186	47
1546674748265	47
1546674748281	47
1546674748288	47
1546674748294	47
1546674748299	46
1546674748304	46
1546674748310	45
1546674817984	44
1546674818002	42
1546674818010	41
1546674818016	40
1546674818022	39
1546674818028	38
1546674878252	36
1546674878270	35
1546674878278	34
1546674878285	33
1546674878291	33
1546674878297	32
1546674948234	32
1546674948250	32
1546674948256	31
1546674948262	31
1546674948267	31
1546674948273	31
1546674948278	31
1546675008103	31
1546675008122	31
1546675008129	31
1546675008136	31
1546675008142	31
1546675008148	31
1546675068113	31
1546675068133	32
1546675068141	34
1546675068147	35
1546675068154	38
1546675068160	41
1546675068167	45
1546675137461	49
1546675137474	53
1546675137478	57
1546675137481	61
1546675137484	65
1546675137487	69
1546675198030	72
1546675198054	74
1546675198061	76
1546675198067	77
1546675198074	78
1546675198080	78
1546675267275	78
1546675267293	77
1546675267300	76
1546675267306	75
1546675267312	74
1546675267318	72
1546675267324	70
1546675327423	68
1546675327440	66
1546675327447	64
1546675327454	62
1546675327460	61
1546675327466	59
1546675387089	57
1546675387098	56
1546675387101	54
1546675387104	53
1546675387106	52
1546675387109	52
1546675387111	51
1546675457240	50
1546675457260	50
1546675457268	50
1546675457275	49
1546675457282	49
1546675457289	48
1546675516873	48
1546675516890	47
1546675516898	47
1546675516904	46
1546675516910	45
1546675516916	44
1546675586837	43
1546675586858	42
1546675586866	41
1546675586872	40
1546675586879	39
1546675586886	38
1546675586892	38
1546675646892	37
1546675646912	36
1546675646920	35
1546675646927	35
1546675646934	34
1546675646940	33
1546675707037	33
1546675707054	32
1546675707062	32
1546675707069	31
1546675707075	31
1546675707081	30
1546675707087	29
1546675776492	29
1546675776511	28
1546675776520	27
1546675776527	26
1546675776534	26
1546675776541	25
1546675836377	24
1546675836386	23
1546675836390	22
1546675836392	21
1546675836395	20
1546675836397	20
1546675906604	21
1546675906625	22
1546675906633	24
1546675906640	26
1546675906646	30
1546675906652	33
1546675906658	38
1546675966561	42
1546675966580	47
1546675966587	51
1546675966594	55
1546675966600	58
1546675966606	61
1546676026193	63
1546676026212	65
1546676026221	66
1546676026228	66
1546676026235	66
1546676026242	65
1546676026249	64
1546676096516	63
1546676096537	61
1546676096545	59
1546676096552	57
1546676096558	55
1546676096565	53
1546676156044	51
1546676156058	49
1546676156063	47
1546676156068	45
1546676156072	43
1546676156077	41
1546676225847	39
1546676225866	38
1546676225875	36
1546676225883	35
1546676225890	34
1546676225898	33
1546676225904	32
1546676286073	31
1546676286091	30
1546676286097	29
1546676286102	28
1546676286107	27
1546676286111	26
1546676345789	25
1546676345809	24
1546676345816	23
1546676345823	21
1546676345829	20
1546676345835	18
1546676345841	17
1546676416031	16
1546676416049	14
1546676416057	13
1546676416063	12
1546676416069	10
1546676416076	9
1546676475519	8
1546676475535	7
1546676475542	6
1546676475547	6
1546676475553	5
1546676475559	5
1546676545460	5
1546676545478	5
1546676545486	5
1546676545492	5
1546676545499	5
1546676545505	5
1546676545510	5
1546676605406	5
1546676605426	5
1546676605434	5
1546676605441	5
1546676605447	5
1546676605453	5
1546676665307	5
1546676665326	5
1546676665334	5
1546676665341	5
1546676665348	5
1546676665354	5
1546676665360	5
1546676735140	6
1546676735158	7
1546676735165	9
1546676735171	12
1546676735177	16
1546676735183	19
1546676795085	23
1546676795094	27
1546676795098	31
1546676795100	35
1546676795103	38
1546676795105	41
1546676864894	43
1546676864903	45
1546676864906	46
1546676864908	46
1546676864910	46
1546676864912	46
1546676864914	45
1546676924797	44
1546676924811	43
1546676924818	42
1546676924822	41
1546676924827	40
1546676924832	38
1546676984786	37
1546676984808	36
1546676984816	35
1546676984823	34
1546676984829	33
1546676984836	32
1546676984843	32
1546677054755	31
1546677054775	31
1546677054783	31
1546677054790	31
1546677054796	31
1546677054803	31
1546677114643	31
1546677114661	32
1546677114668	32
1546677114682	32
1546677114689	32
1546677114695	32
1546677184826	32
1546677184845	31
1546677184852	31
1546677184859	31
1546677184865	30
1546677184871	30
1546677184877	29
1546677244509	29
1546677244527	29
1546677244534	28
1546677244541	28
1546677244547	28
1546677244553	27
1546677304755	27
1546677304774	27
1546677304783	27
1546677304790	27
1546677304796	27
1546677304803	26
1546677304810	26
1546677374667	26
1546677374689	25
1546677374697	25
1546677374703	25
1546677374709	24
1546677374715	23
1546677434663	23
1546677434684	22
1546677434692	21
1546677434699	21
1546677434705	20
1546677434712	20
1546677504700	20
1546677504721	20
1546677504728	22
1546677504735	23
1546677504741	26
1546677504747	29
1546677504753	33
1546677564273	37
1546677564292	41
1546677564300	46
1546677564307	50
1546677564313	54
1546677564319	58
1546677624105	61
1546677624115	63
1546677624118	65
1546677624121	66
1546677624123	66
1546677624126	66
1546677624129	66
1546677693750	65
1546677693759	64
1546677693762	63
1546677693764	61
1546677693766	60
1546677693768	58
1546677753714	56
1546677753732	54
1546677753739	53
1546677753745	51
1546677753751	50
1546677753757	48
1546677823605	47
1546677823625	46
1546677823632	45
1546677823639	44
1546677823646	44
1546677823652	43
1546677823658	43
1546677883927	42
1546677883950	42
1546677883958	41
1546677883966	41
1546677883973	41
1546677883980	40
1546677943866	40
1546677943888	39
1546677943896	38
1546677943903	38
1546677943910	37
1546677943916	36
1546677943922	35
1546678013390	34
1546678013403	33
1546678013406	32
1546678013409	31
1546678013412	30
1546678013415	29
1546678073517	29
1546678073535	28
1546678073542	27
1546678073549	27
1546678073555	26
1546678073561	26
1546678143479	25
1546678143498	25
1546678143506	25
1546678143512	24
1546678143518	24
1546678143524	23
1546678143530	23
1546678203356	23
1546678203371	22
1546678203376	22
1546678203381	21
1546678203385	20
1546678203390	20
1546678263061	19
1546678263082	18
1546678263090	18
1546678263098	17
1546678263105	16
1546678263112	16
1546678263119	16
1546678333629	16
1546678333650	17
1546678333657	19
1546678333664	21
1546678333670	24
1546678333677	28
1546678393091	33
1546678393109	38
1546678393116	43
1546678393123	48
1546678393129	52
1546678393135	57
1546678463083	60
1546678463105	63
1546678463113	66
1546678463120	67
1546678463126	68
1546678463133	68
1546678463139	68
1546678522908	68
1546678522925	67
1546678522933	65
1546678522940	64
1546678522946	62
1546678522953	61
1546678582653	59
1546678582677	57
1546678582686	56
1546678582694	54
1546678582702	52
1546678582710	51
1546678582717	50
1546678652779	48
1546678652802	47
1546678652811	46
1546678652818	45
1546678652826	45
1546678652833	44
1546678712664	43
1546678712684	43
1546678712692	43
1546678712698	42
1546678712704	42
1546678712711	41
1546678782314	40
1546678782333	40
1546678782340	39
1546678782347	38
1546678782353	37
1546678782359	35
1546678782365	34
1546678842494	33
1546678842515	31
1546678842524	30
1546678842531	29
1546678842538	27
1546678842545	26
1546678902020	24
1546678902029	23
1546678902032	22
1546678902035	20
1546678902037	19
1546678902040	18
1546678902042	17
1546678972002	17
1546678972023	16
1546678972031	15
1546678972038	14
1546678972044	13
1546678972051	12
1546679031987	12
1546679032006	11
1546679032013	10
1546679032020	9
1546679032026	8
1546679032032	7
1546679102350	6
1546679102368	5
1546679102376	5
1546679102382	5
1546679102388	5
1546679102394	5
1546679102400	5
1546679162029	5
1546679162047	5
1546679162055	5
1546679162061	5
1546679162068	5
1546679162074	6
1546679221603	7
1546679221621	10
1546679221629	13
1546679221635	17
1546679221641	21
1546679221647	26
1546679221653	31
1546679291464	36
1546679291482	41
1546679291490	45
1546679291497	49
1546679291503	52
1546679291509	54
1546679351468	56
1546679351489	56
1546679351497	57
1546679351504	56
1546679351510	55
1546679351517	54
1546679421429	53
1546679421439	51
1546679421442	50
1546679421445	48
1546679421448	46
1546679421450	44
1546679421453	43
1546679481517	41
1546679481536	39
1546679481543	38
1546679481550	37
1546679481555	36
1546679481562	35
1546679541053	35
1546679541062	34
1546679541065	34
1546679541068	33
1546679541070	33
1546679541073	33
1546679541075	33
1546679611158	33
1546679611173	32
1546679611179	32
1546679611184	31
1546679611189	31
1546679611193	30
1546679671243	29
1546679671253	28
1546679671256	27
1546679671258	26
1546679671261	25
1546679671263	24
1546679740842	23
1546679740864	22
1546679740872	21
1546679740879	20
1546679740885	19
1546679740891	19
1546679740897	18
1546679800695	17
1546679800712	17
1546679800719	17
1546679800726	16
1546679800732	16
1546679800739	16
1546679860513	15
1546679860522	15
1546679860526	15
1546679860529	15
1546679860532	15
1546679860534	15
1546679860536	15
1546679930468	15
1546679930487	15
1546679930496	15
1546679930503	14
1546679930510	14
1546679930517	14
1546679990387	14
1546679990404	14
1546679990410	13
1546679990415	14
1546679990420	14
1546679990424	15
1546680060231	16
1546680060247	19
1546680060252	22
1546680060257	25
1546680060262	30
1546680060266	35
1546680060271	40
1546680120260	46
1546680120278	51
1546680120285	57
1546680120292	61
1546680120298	65
1546680120304	69
1546680180439	71
1546680180458	73
1546680180466	74
1546680180473	74
1546680180480	74
1546680180487	73
1546680180494	72
1546680250065	70
1546680250085	69
1546680250094	67
1546680250100	65
1546680250107	63
1546680250113	61
1546680310338	60
1546680310360	58
1546680310368	57
1546680310374	56
1546680310381	55
1546680310387	54
1546680379937	54
1546680379956	54
1546680379964	53
1546680379970	53
1546680379976	53
1546680379982	53
1546680379988	53
1546680439813	53
1546680439833	52
1546680439841	52
1546680439848	52
1546680439855	51
1546680439861	50
1546680500072	49
1546680500094	48
1546680500101	47
1546680500108	46
1546680500115	44
1546680500121	43
1546680500126	42
1546680569895	40
1546680569905	39
1546680569908	38
1546680569911	37
1546680569913	36
1546680569916	35
1546680629762	34
1546680629781	34
1546680629789	33
1546680629795	32
1546680629801	32
1546680629807	31
1546680699499	30
1546680699517	30
1546680699524	29
1546680699531	28
1546680699537	28
1546680699544	27
1546680699549	26
1546680759404	26
1546680759423	25
1546680759430	24
1546680759437	23
1546680759443	22
1546680759449	22
1546680819604	21
1546680819621	20
1546680819627	19
1546680819632	19
1546680819637	18
1546680819642	18
1546680819647	19
1546680889601	20
1546680889621	22
1546680889629	24
1546680889636	28
1546680889643	33
1546680889649	38
1546680949375	44
1546680949394	50
1546680949401	57
1546680949407	63
1546680949414	68
1546680949420	73
1546681018909	76
1546681018923	79
1546681018929	81
1546681018934	83
1546681018939	83
1546681018944	83
1546681018948	82
1546681078946	80
1546681078964	79
1546681078971	77
1546681078978	75
1546681078984	73
1546681078990	71
1546681138857	69
1546681138877	67
1546681138885	65
1546681138892	64
1546681138899	62
1546681138905	61
1546681138911	60
1546681208662	59
1546681208681	58
1546681208693	57
1546681208704	56
1546681208715	56
1546681208726	55
1546681268555	55
1546681268564	54
1546681268567	54
1546681268570	53
1546681268573	53
1546681268575	52
1546681338924	51
1546681338942	50
1546681338949	49
1546681338956	48
1546681338962	47
1546681338968	46
1546681338974	45
1546681398700	43
1546681398719	42
1546681398727	41
1546681398734	40
1546681398740	38
1546681398747	37
1546681458617	36
1546681458635	35
1546681458643	34
1546681458649	33
1546681458655	32
1546681458662	31
1546681458668	30
1546681528578	29
1546681528596	28
1546681528604	27
1546681528610	26
1546681528616	26
1546681528622	25
1546681588492	24
1546681588514	23
1546681588522	23
1546681588529	22
1546681588535	22
1546681588542	21
1546681657979	20
1546681657988	20
1546681657991	19
1546681657994	18
1546681657996	17
1546681657999	16
1546681658001	15
1546681717953	15
1546681717971	14
1546681717979	14
1546681717985	14
1546681717991	16
1546681717997	18
1546681778141	21
1546681778159	25
1546681778167	30
1546681778173	36
1546681778179	43
1546681778185	50
1546681778191	57
1546681847697	64
1546681847715	70
1546681847722	75
1546681847729	79
1546681847735	83
1546681847741	85
1546681907559	87
1546681907573	87
1546681907578	87
1546681907583	86
1546681907588	85
1546681907592	83
1546681977440	81
1546681977453	79
1546681977459	77
1546681977464	74
1546681977468	72
1546681977473	70
1546681977477	68
1546682037329	66
1546682037339	64
1546682037343	62
1546682037345	61
1546682037348	60
1546682037350	58
1546682097299	57
1546682097311	56
1546682097314	55
1546682097316	55
1546682097319	54
1546682097321	53
1546682097323	53
1546682167181	52
1546682167190	51
1546682167192	50
1546682167195	49
1546682167197	47
1546682167199	46
1546682227110	44
1546682227128	43
1546682227137	41
1546682227144	39
1546682227150	37
1546682227157	35
1546682297008	33
1546682297019	32
1546682297022	29
1546682297025	28
1546682297027	26
1546682297029	24
1546682297031	22
1546682357142	20
1546682357160	18
1546682357167	17
1546682357174	15
1546682357180	14
1546682357186	13
1546682417432	12
1546682417456	11
1546682417464	9
1546682417470	8
1546682417477	7
1546682417483	6
1546682417489	5
1546682486719	5
1546682486732	5
1546682486736	5
1546682486739	5
1546682486743	5
1546682486746	5
1546682546688	5
1546682546709	5
1546682546718	5
1546682546725	5
1546682546732	5
1546682546739	5
1546682616718	5
1546682616739	5
1546682616747	5
1546682616753	5
1546682616760	7
1546682616766	10
1546682616772	13
1546682676581	17
1546682676602	22
1546682676610	28
1546682676617	34
1546682676623	40
1546682676630	46
1546682736532	51
1546682736550	56
1546682736558	60
1546682736564	64
1546682736570	66
1546682736576	68
1546682736582	68
1546682806752	68
1546682806773	67
1546682806781	66
1546682806789	64
1546682806795	62
1546682806801	60
1546682866597	58
1546682866618	55
1546682866627	53
1546682866634	51
1546682866641	50
1546682866647	48
1546682936159	47
1546682936176	46
1546682936180	46
1546682936184	45
1546682936187	45
1546682936190	45
1546682936192	45
1546682996019	45
1546682996040	46
1546682996048	46
1546682996055	46
1546682996062	46
1546682996068	46
1546683056068	46
1546683056086	45
1546683056094	44
1546683056100	44
1546683056106	43
1546683056112	42
1546683056118	40
1546683126091	39
1546683126110	38
1546683126117	37
1546683126124	35
1546683126130	34
1546683126136	33
1546683185733	32
1546683185745	30
1546683185750	30
1546683185753	29
1546683185757	28
1546683185760	27
1546683255653	27
1546683255671	26
1546683255678	26
1546683255684	26
1546683255689	25
1546683255694	25
1546683255699	25
1546683315939	25
1546683315962	25
1546683315970	25
1546683315976	24
1546683315983	24
1546683315989	24
1546683375704	24
1546683375719	24
1546683375724	23
1546683375729	23
1546683375733	22
1546683375737	22
1546683375741	22
1546683445774	22
1546683445795	22
1546683445803	23
1546683445810	25
1546683445816	28
1546683445823	32
1546683505315	37
1546683505333	42
1546683505341	48
1546683505347	55
1546683505354	62
1546683505360	69
1546683575110	75
1546683575130	81
1546683575137	86
1546683575144	90
1546683575151	93
1546683575157	95
1546683575163	95
1546683635097	94
1546683635115	93
1546683635123	92
1546683635130	90
1546683635137	87
1546683635144	85
1546683695200	82
1546683695218	79
1546683695226	77
1546683695233	74
1546683695239	72
1546683695245	70
1546683695251	68
1546683764974	67
1546683764993	66
1546683765000	65
1546683765007	64
1546683765013	64
1546683765019	64
1546683825138	64
1546683825160	64
1546683825168	64
1546683825174	64
1546683825181	64
1546683825187	64
1546683895052	63
1546683895073	63
1546683895081	62
1546683895088	61
1546683895095	60
1546683895101	59
1546683895107	57
1546683954973	56
1546683954994	54
1546683955003	53
1546683955009	51
1546683955015	50
1546683955022	48
1546684014409	47
1546684014419	45
1546684014422	44
1546684014425	43
1546684014428	42
1546684014430	41
1546684014432	40
1546684084369	39
1546684084383	39
1546684084389	38
1546684084394	37
1546684084399	36
1546684084403	36
1546684144732	35
1546684144753	35
1546684144762	34
1546684144768	33
1546684144775	33
1546684144782	32
1546684214125	31
1546684214139	30
1546684214146	29
1546684214151	28
1546684214155	27
1546684214160	26
1546684214164	25
1546684274019	25
1546684274027	25
1546684274030	26
1546684274032	28
1546684274034	31
1546684274036	35
1546684334031	41
1546684334050	47
1546684334057	54
1546684334064	61
1546684334070	69
1546684334076	76
1546684334082	82
1546684404297	88
1546684404315	92
1546684404322	95
1546684404329	95
1546684404335	95
1546684404341	95
1546684463842	94
1546684463857	93
1546684463861	91
1546684463865	89
1546684463869	87
1546684463873	84
1546684534127	82
1546684534149	79
1546684534157	77
1546684534163	75
1546684534169	73
1546684534175	71
1546684534181	69
1546684593677	68
1546684593695	67
1546684593703	66
1546684593709	65
1546684593715	64
1546684593721	63
1546684653496	63
1546684653505	63
1546684653508	62
1546684653511	62
1546684653513	62
1546684653516	61
1546684653518	61
1546684723399	60
1546684723415	60
1546684723422	59
1546684723427	58
1546684723433	57
1546684723438	56
1546684783700	54
1546684783718	53
1546684783725	52
1546684783732	50
1546684783738	49
1546684783744	48
1546684853213	46
1546684853226	45
1546684853232	44
1546684853237	43
1546684853241	42
1546684853246	41
1546684853250	40
1546684913311	39
1546684913331	39
1546684913339	38
1546684913346	37
1546684913352	36
1546684913358	36
1546684973405	35
1546684973424	34
1546684973431	33
1546684973438	32
1546684973444	32
1546684973450	31
1546684973456	30
1546685043377	29
1546685043396	28
1546685043403	27
1546685043410	27
1546685043415	26
1546685043422	25
1546685102787	24
1546685102797	23
1546685102800	22
1546685102803	21
1546685102805	20
1546685102808	20
1546685172867	20
1546685172882	21
1546685172888	23
1546685172894	26
1546685172899	31
1546685172904	37
1546685172909	43
1546685232604	50
1546685232613	58
1546685232616	66
1546685232619	73
1546685232621	80
1546685232623	86
1546685292647	91
1546685292662	95
1546685292669	95
1546685292674	95
1546685292679	94
1546685292685	94
1546685292690	93
1546685362511	92
1546685362530	90
1546685362537	88
1546685362544	86
1546685362550	84
1546685362556	82
1546685422737	80
1546685422755	79
1546685422762	77
1546685422769	75
1546685422775	74
1546685422781	73
1546685492257	72
1546685492276	71
1546685492285	71
1546685492292	70
1546685492299	70
1546685492306	69
1546685492312	69
1546685552564	68
1546685552580	67
1546685552587	66
1546685552593	66
1546685552598	65
1546685552604	64
1546685612119	62
1546685612136	61
1546685612144	59
1546685612151	57
1546685612157	55
1546685612164	53
1546685612170	51
1546685682247	49
1546685682265	47
1546685682272	45
1546685682278	44
1546685682284	42
1546685682291	40
1546685742074	39
1546685742083	37
1546685742087	36
1546685742089	34
1546685742092	33
1546685742094	32
1546685811905	30
1546685811924	29
1546685811931	28
1546685811938	27
1546685811944	26
1546685811950	25
1546685811956	24
1546685872161	23
1546685872180	22
1546685872188	21
1546685872195	20
1546685872201	19
1546685872206	18
1546685931946	16
1546685931965	15
1546685931972	14
1546685931978	13
1546685931985	12
1546685931991	11
1546685931996	10
1546686001786	8
1546686001805	7
1546686001813	6
1546686001819	5
1546686001825	5
1546686001831	5
1546686061491	5
1546686061511	5
1546686061519	7
1546686061526	10
1546686061533	13
1546686061540	18
1546686131343	23
1546686131361	30
1546686131369	36
1546686131375	43
1546686131381	50
1546686131388	56
1546686131393	62
1546686191334	67
1546686191347	71
1546686191351	75
1546686191354	77
1546686191356	78
1546686191359	78
1546686251093	78
1546686251102	77
1546686251105	76
1546686251108	75
1546686251110	73
1546686251113	72
1546686251115	70
1546686321077	69
1546686321094	67
1546686321102	66
1546686321108	65
1546686321114	65
1546686321121	64
1546686381041	64
1546686381059	64
1546686381067	64
1546686381073	64
1546686381079	64
1546686381085	64
1546686450869	64
1546686450878	64
1546686450880	64
1546686450883	64
1546686450885	64
1546686450887	63
1546686450889	62
1546686511395	61
1546686511414	60
1546686511421	59
1546686511428	58
1546686511434	57
1546686511440	56
1546686570880	55
1546686570898	53
1546686570905	52
1546686570912	51
1546686570918	50
1546686570925	50
1546686570931	49
1546686641038	48
1546686641059	47
1546686641067	47
1546686641074	46
1546686641081	45
1546686641087	45
1546686700847	44
1546686700866	43
1546686700873	42
1546686700880	41
1546686700886	40
1546686700892	39
1546686770497	38
1546686770511	37
1546686770516	36
1546686770521	35
1546686770525	34
1546686770529	33
1546686770533	32
1546686830308	31
1546686830317	30
1546686830319	29
1546686830322	28
1546686830324	28
1546686830326	27
1546686890229	28
1546686890243	29
1546686890248	31
1546686890253	34
1546686890257	38
1546686890262	43
1546686890266	49
1546686960094	56
1546686960103	63
1546686960106	70
1546686960108	78
1546686960111	84
1546686960113	90
1546687020224	95
1546687020248	95
1546687020258	95
1546687020265	95
1546687020272	94
1546687020279	94
1546687090488	93
1546687090509	92
1546687090517	90
1546687090524	89
1546687090530	87
1546687090536	85
1546687090542	83
1546687149900	81
1546687149910	79
1546687149913	77
1546687149916	76
1546687149918	75
1546687149921	74
1546687210251	74
1546687210272	73
1546687210280	73
1546687210287	73
1546687210294	73
1546687210300	73
1546687210306	73
1546687279990	73
1546687280008	72
1546687280016	72
1546687280023	71
1546687280029	71
1546687280035	70
1546687340035	69
1546687340053	67
1546687340061	66
1546687340067	65
1546687340073	63
1546687340079	62
1546687409487	60
1546687409506	58
1546687409515	57
1546687409523	55
1546687409530	54
1546687409537	52
1546687409543	51
1546687469812	50
1546687469834	48
1546687469841	47
1546687469847	46
1546687469854	45
1546687469860	44
1546687529347	43
1546687529365	42
1546687529373	41
1546687529379	40
1546687529385	40
1546687529391	39
1546687529397	38
1546687599514	37
1546687599533	36
1546687599540	36
1546687599546	35
1546687599552	34
1546687599558	34
1546687659192	33
1546687659209	32
1546687659217	32
1546687659223	31
1546687659229	30
1546687659235	29
1546687729482	29
1546687729500	28
1546687729508	28
1546687729514	29
1546687729520	31
1546687729526	33
1546687729532	37
1546687789254	41
1546687789263	47
1546687789267	53
1546687789269	59
1546687789272	66
1546687789274	72
1546687849359	78
1546687849380	84
1546687849422	88
1546687849430	92
1546687849437	94
1546687849443	95
1546687849449	94
1546687919049	94
1546687919067	93
1546687919075	92
1546687919082	91
1546687919088	89
1546687919095	87
1546687978947	85
1546687978965	83
1546687978972	81
1546687978979	79
1546687978985	78
1546687978991	76
1546688048731	75
1546688048752	74
1546688048760	73
1546688048767	72
1546688048774	71
1546688048780	71
1546688048786	70
1546688108930	69
1546688108951	68
1546688108959	67
1546688108965	66
1546688108972	65
1546688108978	64
1546688168650	63
1546688168668	61
1546688168676	60
1546688168682	58
1546688168689	56
1546688168695	55
1546688168701	53
1546688238283	51
1546688238301	50
1546688238308	48
1546688238314	47
1546688238321	45
1546688238327	44
1546688298408	43
1546688298427	42
1546688298434	41
1546688298441	40
1546688298447	39
1546688298453	38
1546688368584	38
1546688368606	37
1546688368614	36
1546688368620	35
1546688368626	34
1546688368632	33
1546688368638	32
1546688428315	32
1546688428333	31
1546688428340	30
1546688428347	29
1546688428353	28
1546688428382	27
1546688487938	26
1546688487956	25
1546688487963	25
1546688487970	24
1546688487976	23
1546688487982	22
1546688487988	21
1546688557816	21
1546688557835	20
1546688557843	20
1546688557849	20
1546688557855	21
1546688557861	22
1546688617713	24
1546688617721	28
1546688617724	32
1546688617726	38
1546688617728	44
1546688617730	51
1546688688059	59
1546688688082	66
1546688688090	73
1546688688097	79
1546688688104	85
1546688688110	89
1546688688116	93
1546688747518	95
1546688747527	95
1546688747530	95
1546688747533	94
1546688747535	92
1546688747538	91
1546688807693	88
1546688807712	86
1546688807720	83
1546688807727	80
1546688807734	77
1546688807741	75
1546688807748	72
1546688877428	70
1546688877448	68
1546688877456	66
1546688877462	64
1546688877469	63
1546688877475	62
1546688937496	60
1546688937510	59
1546688937516	59
1546688937520	58
1546688937525	57
1546688937529	56
1546689007318	55
1546689007327	55
1546689007330	54
1546689007333	53
1546689007335	52
1546689007338	50
1546689007340	49
1546689067456	48
1546689067470	46
1546689067474	44
1546689067477	42
1546689067480	41
1546689067483	39
1546689127466	37
1546689127487	35
1546689127495	33
1546689127501	31
1546689127507	29
1546689127513	27
1546689127519	26
1546689197306	24
1546689197327	23
1546689197336	21
1546689197343	20
1546689197349	19
1546689197356	18
1546689256823	18
1546689256842	17
1546689256850	16
1546689256857	15
1546689256864	15
1546689256871	14
1546689326903	13
1546689326924	12
1546689326932	12
1546689326939	11
1546689326945	10
1546689326951	9
1546689326956	9
1546689386902	8
1546689386920	7
1546689386927	6
1546689386934	6
1546689386941	6
1546689386947	7
1546689446951	9
1546689446973	12
1546689446991	16
1546689446998	21
1546689447004	27
1546689447010	34
1546689447016	41
1546689517084	49
1546689517093	56
1546689517096	63
1546689517099	69
1546689517102	74
1546689517104	79
1546689576697	82
1546689576717	84
1546689576725	84
1546689576732	84
1546689576739	83
1546689576745	81
1546689646382	79
1546689646400	76
1546689646408	73
1546689646414	70
1546689646420	67
1546689646426	64
1546689646432	61
1546689706503	59
1546689706521	57
1546689706529	55
1546689706535	54
1546689706541	53
1546689706547	52
1546689766103	52
1546689766116	52
1546689766121	52
1546689766126	52
1546689766130	52
1546689766135	52
1546689766139	52
1546689836472	52
1546689836493	52
1546689836502	52
1546689836508	51
1546689836515	50
1546689836521	49
1546689896398	48
1546689896419	46
1546689896427	45
1546689896434	43
1546689896441	42
1546689896448	40
1546689966380	38
1546689966399	36
1546689966402	34
1546689966405	33
1546689966407	31
1546689966410	30
1546689966412	28
1546690026021	27
1546690026040	26
1546690026048	24
1546690026054	23
1546690026060	22
1546690026066	21
1546690085918	20
1546690085936	19
1546690085944	18
1546690085950	17
1546690085957	16
1546690085962	15
1546690085968	14
1546690155856	13
1546690155870	12
1546690155876	12
1546690155880	12
1546690155885	12
1546690155889	14
1546690215529	17
1546690215547	21
1546690215554	26
1546690215561	33
1546690215567	40
1546690215573	47
1546690285694	56
1546690285713	64
1546690285721	71
1546690285727	79
1546690285733	85
1546690285739	90
1546690285745	94
1546690345676	95
1546690345695	95
1546690345703	95
1546690345709	95
1546690345716	94
1546690345722	93
1546690405182	91
1546690405191	90
1546690405194	88
1546690405197	86
1546690405199	85
1546690405202	84
1546690405204	83
1546690475422	82
1546690475439	81
1546690475448	81
1546690475454	81
1546690475460	80
1546690475466	80
1546690535360	80
1546690535378	80
1546690535386	80
1546690535393	80
1546690535399	79
1546690535405	78
1546690605018	78
1546690605037	77
1546690605045	75
1546690605052	74
1546690605059	72
1546690605065	71
1546690605071	69
1546690665121	67
1546690665140	65
1546690665147	63
1546690665153	61
1546690665159	59
1546690665166	57
1546690725190	56
1546690725211	55
1546690725219	54
1546690725227	53
1546690725233	52
1546690725239	51
1546690725245	50
1546690794646	50
1546690794660	49
1546690794665	49
1546690794670	48
1546690794674	48
1546690794679	47
1546690854651	47
1546690854669	46
1546690854676	45
1546690854683	44
1546690854689	44
1546690854695	43
1546690924660	43
1546690924682	43
1546690924691	45
1546690924698	47
1546690924706	50
1546690924713	54
1546690924721	60
1546690984761	66
1546690984780	73
1546690984788	80
1546690984794	87
1546690984800	94
1546690984806	95
1546691044351	95
1546691044365	95
1546691044371	95
1546691044375	95
1546691044380	95
1546691044384	94
1546691044388	94
1546691114390	94
1546691114412	94
1546691114420	93
1546691114427	92
1546691114433	92
1546691114440	91
1546691174231	90
1546691174249	90
1546691174257	89
1546691174263	88
1546691174270	88
1546691174276	87
1546691244050	87
1546691244069	86
1546691244078	85
1546691244084	85
1546691244090	84
1546691244096	83
1546691244102	82
1546691304081	81
1546691304102	80
1546691304109	79
1546691304116	78
1546691304123	77
1546691304129	76
1546691364070	74
1546691364091	73
1546691364099	71
1546691364106	70
1546691364113	68
1546691364119	67
1546691364125	66
1546691434010	64
1546691434029	63
1546691434037	61
1546691434043	60
1546691434049	58
1546691434055	57
1546691494182	55
1546691494205	54
1546691494214	52
1546691494221	51
1546691494227	49
1546691494234	48
1546691564002	47
1546691564020	45
1546691564028	44
1546691564034	42
1546691564040	41
1546691564046	40
1546691564052	38
1546691623836	37
1546691623854	36
1546691623862	34
1546691623868	33
1546691623874	32
1546691623880	32
1546691683759	32
1546691683777	32
1546691683784	34
1546691683791	36
1546691683797	39
1546691683803	43
1546691683809	47
1546691753585	52
1546691753606	56
1546691753615	61
1546691753621	66
1546691753628	70
1546691753634	73
1546691813241	76
1546691813258	78
1546691813265	79
1546691813270	79
1546691813275	79
1546691813281	78
1546691883087	77
1546691883101	75
1546691883107	74
1546691883112	72
1546691883116	70
1546691883121	68
1546691883125	66
1546691943003	65
1546691943011	63
1546691943014	62
1546691943016	61
1546691943019	60
1546691943021	59
1546692003440	59
1546692003458	59
1546692003466	58
1546692003472	58
1546692003478	58
1546692003484	58
1546692003490	58
1546692073147	58
1546692073161	58
1546692073167	58
1546692073171	57
1546692073175	57
1546692073180	57
1546692133008	56
1546692133029	55
1546692133037	54
1546692133044	53
1546692133051	52
1546692133058	51
1546692203035	50
1546692203054	49
1546692203061	48
1546692203067	46
1546692203073	45
1546692203079	44
1546692203085	43
1546692262677	42
1546692262693	40
1546692262700	39
1546692262706	38
1546692262711	37
1546692262717	36
1546692322570	35
1546692322588	34
1546692322595	33
1546692322602	32
1546692322608	31
1546692322614	30
1546692322620	29
1546692392508	28
1546692392529	27
1546692392537	27
1546692392543	26
1546692392549	25
1546692392555	25
1546692452814	24
1546692452832	24
1546692452840	24
1546692452846	25
1546692452852	26
1546692452858	29
1546692522362	31
1546692522381	35
1546692522388	39
1546692522395	44
1546692522402	50
1546692522408	55
1546692522414	61
1546692582695	66
1546692582712	70
1546692582719	74
1546692582725	77
1546692582731	79
1546692582737	81
1546692642199	81
1546692642217	81
1546692642224	80
1546692642231	78
1546692642237	76
1546692642243	74
1546692642249	71
1546692712056	69
1546692712073	67
1546692712081	65
1546692712087	63
1546692712093	61
1546692712100	60
1546692771958	59
1546692771979	58
1546692771987	58
1546692771995	57
1546692772001	57
1546692772008	57
1546692841826	57
1546692841844	57
1546692841852	57
1546692841858	57
1546692841864	57
1546692841870	57
1546692841876	57
1546692901677	56
1546692901686	55
1546692901689	54
1546692901691	52
1546692901694	51
1546692901696	49
1546692961637	47
1546692961645	44
1546692961647	42
1546692961649	40
1546692961651	38
1546692961654	35
1546692961656	33
1546693031601	31
1546693031622	29
1546693031629	27
1546693031636	25
1546693031642	23
1546693031648	21
1546693091775	20
1546693091794	18
1546693091801	17
1546693091807	16
1546693091813	15
1546693091819	14
1546693161414	13
1546693161436	12
1546693161444	11
1546693161451	10
1546693161457	9
1546693161465	9
1546693161471	8
1546693221550	7
1546693221568	6
1546693221576	6
1546693221582	5
1546693221588	5
1546693221594	5
1546693281615	5
1546693281637	5
1546693281645	5
1546693281652	5
1546693281658	6
1546693281664	8
1546693281671	10
1546693351271	14
1546693351285	18
1546693351291	24
1546693351295	29
1546693351300	35
1546693351304	41
1546693410975	48
1546693410989	53
1546693410996	58
1546693411001	63
1546693411006	66
1546693411011	69
1546693480874	70
1546693480892	71
1546693480900	71
1546693480906	70
1546693480912	69
1546693480918	67
1546693480924	65
1546693540832	63
1546693540854	61
1546693540862	59
1546693540868	57
1546693540875	56
1546693540881	54
1546693600684	53
1546693600701	52
1546693600709	51
1546693600715	51
1546693600721	51
1546693600727	51
1546693600733	51
1546693670808	51
1546693670822	51
1546693670828	51
1546693670833	51
1546693670838	51
1546693670843	51
1546693730810	51
1546693730828	51
1546693730835	50
1546693730842	49
1546693730847	48
1546693730854	47
1546693800518	46
1546693800536	44
1546693800544	43
1546693800551	41
1546693800557	40
1546693800563	38
1546693800569	37
1546693860380	35
1546693860393	34
1546693860399	33
1546693860403	31
1546693860408	30
1546693860412	29
1546693920180	27
1546693920193	26
1546693920199	25
1546693920203	24
1546693920208	23
1546693920212	22
1546693920217	21
1546693990103	20
1546693990117	19
1546693990123	18
1546693990127	16
1546693990132	15
1546693990136	14
1546694050014	13
1546694050031	12
1546694050038	11
1546694050045	10
1546694050051	9
1546694050057	8
1546694120246	7
1546694120265	6
1546694120273	6
1546694120279	5
1546694120286	5
1546694120292	6
1546694120298	7
1546694180178	9
1546694180196	12
1546694180203	16
1546694180210	21
1546694180216	27
1546694180222	33
1546694239973	40
1546694239989	47
1546694239996	54
1546694240001	60
1546694240006	66
1546694240012	70
1546694240017	74
1546694310026	77
1546694310048	78
1546694310057	78
1546694310065	78
1546694310072	76
1546694310079	74
1546694369809	72
1546694369826	69
1546694369834	66
1546694369840	62
1546694369847	59
1546694369853	56
1546694439758	53
1546694439776	51
1546694439784	49
1546694439790	47
1546694439796	46
1546694439802	44
1546694439808	44
1546694499939	44
1546694499960	44
1546694499968	44
1546694499975	44
1546694499981	45
1546694499987	45
1546694559439	45
1546694559457	45
1546694559465	45
1546694559471	45
1546694559477	44
1546694559483	43
1546694559489	42
1546694629205	41
1546694629223	40
1546694629231	38
1546694629237	36
1546694629243	35
1546694629250	33
1546694689310	32
1546694689328	30
1546694689336	29
1546694689342	28
1546694689348	27
1546694689354	26
1546694759258	25
1546694759276	24
1546694759284	23
1546694759290	23
1546694759295	22
1546694759302	22
1546694759307	21
1546694819153	21
1546694819171	21
1546694819178	20
1546694819185	20
1546694819191	20
1546694819197	20
1546694878813	19
1546694878833	19
1546694878840	19
1546694878846	19
1546694878852	18
1546694878858	18
1546694878865	18
1546694949155	18
1546694949176	18
1546694949184	19
1546694949191	21
1546694949197	23
1546694949203	26
1546695008625	31
1546695008635	36
1546695008638	43
1546695008641	50
1546695008644	57
1546695008646	65
1546695078545	72
1546695078564	79
1546695078572	85
1546695078578	91
1546695078584	95
1546695078590	95
1546695078596	94
1546695138304	94
1546695138312	94
1546695138315	92
1546695138317	91
1546695138319	88
1546695138321	86
1546695198281	83
1546695198295	80
1546695198301	77
1546695198305	75
1546695198310	72
1546695198314	70
1546695198318	68
1546695268162	67
1546695268171	66
1546695268174	65
1546695268177	65
1546695268179	65
1546695268182	65
1546695328445	65
1546695328467	65
1546695328474	65
1546695328481	66
1546695328488	66
1546695328494	66
1546695398341	65
1546695398362	65
1546695398371	64
1546695398377	63
1546695398383	62
1546695398390	60
1546695398396	58
1546695458036	57
1546695458052	55
1546695458059	53
1546695458064	51
1546695458070	49
1546695458075	48
1546695518104	46
1546695518122	44
1546695518129	43
1546695518136	41
1546695518142	40
1546695518148	39
1546695518154	38
1546695588045	37
1546695588068	36
1546695588076	34
1546695588083	33
1546695588091	32
1546695588099	31
1546695647894	30
1546695647912	29
1546695647929	28
1546695647935	27
1546695647942	26
1546695647948	24
1546695717503	23
1546695717524	22
1546695717533	21
1546695717540	21
1546695717546	21
1546695717553	22
1546695717560	24
1546695777793	27
1546695777815	31
1546695777822	36
1546695777829	42
1546695777836	48
1546695777842	55
1546695837676	61
1546695837694	68
1546695837702	74
1546695837708	79
1546695837715	83
1546695837721	87
1546695837726	89
1546695907330	90
1546695907348	91
1546695907355	90
1546695907361	89
1546695907367	88
1546695907373	86
1546695967114	83
1546695967133	81
1546695967141	78
1546695967149	76
1546695967156	73
1546695967162	71
1546696037037	69
1546696037055	67
1546696037062	66
1546696037068	64
1546696037075	63
1546696037081	62
1546696037086	62
1546696097282	61
1546696097305	61
1546696097313	61
1546696097320	60
1546696097327	60
1546696097333	59
1546696156775	59
1546696156794	58
1546696156802	57
1546696156810	56
1546696156817	55
1546696156824	53
1546696156831	52
1546696226885	50
1546696226903	48
1546696226911	46
1546696226918	44
1546696226924	41
1546696226930	39
1546696286708	37
1546696286728	35
1546696286736	33
1546696286743	31
1546696286749	30
1546696286755	28
1546696356588	26
1546696356606	25
1546696356614	23
1546696356621	22
1546696356627	21
1546696356633	20
1546696356639	19
1546696416835	19
1546696416856	18
1546696416864	17
1546696416870	16
1546696416876	16
1546696416883	15
1546696476750	14
1546696476771	14
1546696476779	13
1546696476786	12
1546696476793	12
1546696476800	11
1546696476806	10
1546696546558	10
1546696546577	10
1546696546584	10
1546696546591	11
1546696546597	14
1546696546603	17
1546696606572	21
1546696606594	27
1546696606602	33
1546696606609	41
1546696606615	48
1546696606621	56
1546696676136	64
1546696676154	71
1546696676162	78
1546696676168	83
1546696676174	87
1546696676180	91
1546696676186	93
1546696736190	93
1546696736205	93
1546696736211	92
1546696736216	91
1546696736221	88
1546696736226	86
1546696796308	83
1546696796327	81
1546696796334	78
1546696796340	76
1546696796347	73
1546696796353	71
1546696796359	70
1546696865816	68
1546696865830	67
1546696865836	66
1546696865840	66
1546696865845	65
1546696865849	65
1546696925653	65
1546696925667	65
1546696925672	65
1546696925677	65
1546696925681	65
1546696925686	65
1546696995525	64
1546696995544	64
1546696995553	63
1546696995560	62
1546696995567	61
1546696995574	59
1546696995580	58
1546697055495	56
1546697055517	54
1546697055525	52
1546697055532	50
1546697055539	49
1546697055547	47
1546697115644	45
1546697115663	43
1546697115670	41
1546697115676	40
1546697115683	38
1546697115689	37
1546697115694	35
1546697185666	34
1546697185688	33
1546697185695	32
1546697185702	31
1546697185708	30
1546697185714	29
1546697245367	28
1546697245377	27
1546697245380	26
1546697245383	25
1546697245385	24
1546697245388	23
1546697315075	22
1546697315094	21
1546697315103	20
1546697315110	18
1546697315116	17
1546697315123	16
1546697315129	15
1546697375038	13
1546697375058	12
1546697375066	10
1546697375072	9
1546697375078	7
1546697375084	7
1546697435209	7
1546697435228	9
1546697435237	11
1546697435244	15
1546697435251	20
1546697435258	26
1546697435264	33
1546697505277	40
1546697505297	48
1546697505305	56
1546697505312	63
1546697505318	70
1546697505325	75
1546697564998	79
1546697565016	82
1546697565023	84
1546697565030	85
1546697565036	84
1546697565042	82
1546697634582	80
1546697634592	77
1546697634595	74
1546697634598	70
1546697634601	67
1546697634603	63
1546697634606	60
1546697694765	57
1546697694786	54
1546697694794	52
1546697694802	50
1546697694809	48
1546697694816	47
1546697754814	46
1546697754836	46
1546697754843	45
1546697754850	45
1546697754856	45
1546697754862	45
1546697754868	45
1546697824283	45
1546697824301	45
1546697824308	44
1546697824315	43
1546697824321	42
1546697824327	41
1546697884599	39
1546697884618	37
1546697884625	35
1546697884632	33
1546697884638	31
1546697884644	29
1546697954762	27
1546697954783	25
1546697954791	22
1546697954798	20
1546697954804	18
1546697954810	17
1546697954816	15
1546698013954	14
1546698013970	12
1546698013977	11
1546698013983	10
1546698013988	9
1546698013993	8
1546698074166	7
1546698074184	6
1546698074192	6
1546698074198	5
1546698074204	5
1546698074210	5
1546698074216	5
1546698144279	5
1546698144300	5
1546698144307	5
1546698144314	5
1546698144321	5
1546698144327	5
1546698204156	5
1546698204177	5
1546698204185	5
1546698204191	5
1546698204197	5
1546698204204	5
1546698273543	5
1546698273552	5
1546698273555	7
1546698273558	9
1546698273561	12
1546698273563	16
1546698273565	22
1546698333737	28
1546698333759	35
1546698333767	43
1546698333775	51
1546698333782	59
1546698333789	66
1546698393440	73
1546698393459	79
1546698393466	84
1546698393473	88
1546698393479	90
1546698393485	91
1546698393491	92
1546698463646	91
1546698463664	89
1546698463672	87
1546698463678	85
1546698463684	83
1546698463690	80
1546698523394	77
1546698523403	75
1546698523406	73
1546698523409	72
1546698523412	71
1546698523414	70
1546698593402	70
1546698593420	70
1546698593427	71
1546698593434	72
1546698593440	73
1546698593446	74
1546698593452	75
1546698653310	76
1546698653328	77
1546698653336	77
1546698653342	77
1546698653348	77
1546698653354	76
1546698713356	75
1546698713377	74
1546698713384	72
1546698713391	70
1546698713397	68
1546698713404	66
1546698713410	64
1546698783300	62
1546698783321	60
1546698783329	58
1546698783336	56
1546698783342	54
1546698783348	52
1546698842751	51
1546698842765	50
1546698842771	49
1546698842776	48
1546698842781	48
1546698842786	47
1546698913052	47
1546698913073	47
1546698913080	46
1546698913087	46
1546698913094	45
1546698913100	45
1546698913106	44
1546698972856	43
1546698972875	42
1546698972882	41
1546698972888	39
1546698972895	38
1546698972901	36
1546699032575	35
1546699032593	33
1546699032602	31
1546699032609	30
1546699032616	29
1546699032623	29
1546699032630	30
1546699102914	32
1546699102935	35
1546699102943	39
1546699102950	45
1546699102956	52
1546699102963	60
1546699162417	68
1546699162435	76
1546699162442	84
1546699162449	91
1546699162455	95
1546699162461	95
1546699232195	95
1546699232211	95
1546699232217	95
1546699232223	95
1546699232228	94
1546699232234	94
1546699232239	92
1546699292405	91
1546699292424	89
1546699292431	87
1546699292438	85
1546699292444	83
1546699292450	81
1546699352436	79
1546699352455	78
1546699352462	76
1546699352469	75
1546699352475	74
1546699352481	73
1546699352487	73
1546699422215	72
1546699422233	72
1546699422241	72
1546699422247	72
1546699422253	72
1546699422259	72
1546699481777	72
1546699481790	71
1546699481793	71
1546699481797	71
1546699481799	70
1546699481802	69
1546699551775	68
1546699551795	68
1546699551803	66
1546699551810	65
1546699551816	64
1546699551822	63
1546699551828	61
1546699611970	60
1546699611991	59
1546699611998	58
1546699612005	57
1546699612011	56
1546699612017	55
1546699671542	54
1546699671552	53
1546699671555	52
1546699671558	51
1546699671561	50
1546699671563	50
1546699671565	49
1546699741835	48
1546699741857	47
1546699741865	47
1546699741871	46
1546699741878	46
1546699741884	45
1546699801495	44
1546699801515	44
1546699801523	43
1546699801531	42
1546699801538	42
1546699801545	41
1546699871494	40
1546699871512	40
1546699871520	39
1546699871526	38
1546699871532	37
1546699871539	37
1546699871544	38
1546699931421	39
1546699931444	40
1546699931454	43
1546699931464	47
1546699931473	52
1546699931482	57
1546699991112	63
1546699991134	69
1546699991141	75
1546699991148	81
1546699991155	87
1546699991161	91
1546699991167	95
1546700061236	95
1546700061254	95
1546700061261	95
1546700061268	94
1546700061274	94
1546700061280	94
1546700120745	93
1546700120755	92
1546700120758	90
1546700120761	89
1546700120764	87
1546700120766	86
1546700190879	84
1546700190897	83
1546700190905	82
1546700190911	81
1546700190917	79
1546700190923	79
1546700190929	78
1546700251145	77
1546700251166	77
1546700251174	76
1546700251181	76
1546700251187	76
1546700251193	75
1546700310864	75
1546700310883	75
1546700310890	74
1546700310897	74
1546700310903	74
1546700310909	73
1546700310915	73
1546700380822	72
1546700380841	71
1546700380849	71
1546700380855	70
1546700380861	68
1546700380867	67
1546700440388	66
1546700440402	65
1546700440408	64
1546700440413	63
1546700440418	61
1546700440422	60
1546700510491	59
1546700510510	58
1546700510518	57
1546700510524	56
1546700510530	56
1546700510536	55
1546700510542	54
1546700570414	53
1546700570430	53
1546700570436	52
1546700570442	52
1546700570447	51
1546700570453	51
1546700630410	50
1546700630429	50
1546700630437	49
1546700630444	48
1546700630450	47
1546700630456	46
1546700630462	45
1546700700362	44
1546700700383	43
1546700700390	42
1546700700397	41
1546700700403	40
1546700700409	39
1546700760173	38
1546700760191	38
1546700760199	38
1546700760205	39
1546700760211	41
1546700760217	43
1546700830278	47
1546700830299	51
1546700830308	56
1546700830315	62
1546700830321	68
1546700830328	74
1546700830333	79
1546700889973	84
1546700889991	89
1546700889999	92
1546700890005	95
1546700890011	95
1546700890017	94
1546700950001	94
1546700950022	94
1546700950031	93
1546700950038	92
1546700950044	90
1546700950050	89
1546700950056	87
1546701019404	85
1546701019414	84
1546701019416	82
1546701019419	80
1546701019421	79
1546701019423	78
1546701079399	76
1546701079410	75
1546701079413	74
1546701079416	74
1546701079419	73
1546701079422	73
1546701149581	72
1546701149600	72
1546701149608	71
1546701149614	71
1546701149620	70
1546701149626	70
1546701149632	69
1546701209437	69
1546701209459	68
1546701209467	67
1546701209474	66
1546701209480	65
1546701209486	64
1546701269423	62
1546701269442	61
1546701269449	60
1546701269455	59
1546701269461	57
1546701269467	56
1546701269473	55
1546701339424	54
1546701339445	53
1546701339453	52
1546701339460	51
1546701339466	51
1546701339473	50
1546701399395	50
1546701399422	49
1546701399427	49
1546701399432	49
1546701399436	48
1546701399440	48
1546701468896	47
1546701468909	47
1546701468913	46
1546701468916	46
1546701468920	45
1546701468922	45
1546701468924	44
1546701528829	43
1546701528848	42
1546701528855	41
1546701528861	40
1546701528867	39
1546701528874	38
1546701588662	37
1546701588678	36
1546701588684	35
1546701588690	34
1546701588695	33
1546701588700	32
1546701588706	31
1546701658571	31
1546701658591	32
1546701658599	33
1546701658606	35
1546701658613	38
1546701658620	42
1546701718477	47
1546701718486	53
1546701718489	59
1546701718492	65
1546701718495	71
1546701718498	77
1546701789273	82
1546701789294	86
1546701789302	89
1546701789309	92
1546701789315	94
1546701789321	94
1546701789327	94
1546701848270	94
1546701848285	93
1546701848294	91
1546701848302	90
1546701848308	88
1546701848316	86
1546701908213	84
1546701908226	83
1546701908232	81
1546701908236	80
1546701908241	79
1546701908246	78
1546701908250	77
1546701978024	77
1546701978034	77
1546701978037	77
1546701978039	77
1546701978042	78
1546701978045	78
1546702038092	78
1546702038112	79
1546702038120	79
1546702038127	79
1546702038132	79
1546702038139	79
1546702108049	79
1546702108072	78
1546702108082	77
1546702108092	76
1546702108101	75
1546702108111	74
1546702108119	73
1546702167869	71
1546702167883	70
1546702167888	68
1546702167893	67
1546702167898	66
1546702167903	64
1546702228186	63
1546702228210	62
1546702228217	61
1546702228224	60
1546702228231	59
1546702228238	58
1546702228244	57
1546702297730	57
1546702297749	56
1546702297757	55
1546702297763	55
1546702297769	54
1546702297776	54
1546702357774	53
1546702357792	52
1546702357800	52
1546702357807	51
1546702357813	51
1546702357819	50
1546702427724	49
1546702427742	48
1546702427750	47
1546702427756	46
1546702427762	45
1546702427768	44
1546702427774	43
1546702487765	42
1546702487786	41
1546702487794	40
1546702487801	40
1546702487808	40
1546702487814	40
1546702547699	41
1546702547722	43
1546702547731	46
1546702547739	51
1546702547746	56
1546702547753	61
1546702547760	68
1546702617353	74
1546702617372	81
1546702617380	87
1546702617386	93
1546702617392	95
1546702617398	95
1546702677395	95
1546702677413	95
1546702677420	95
1546702677426	95
1546702677433	94
1546702677439	94
1546702747219	93
1546702747240	92
1546702747248	90
1546702747255	89
1546702747262	87
1546702747269	86
1546702747275	85
1546702806847	84
1546702806857	83
1546702806860	82
1546702806863	81
1546702806865	80
1546702806868	79
1546702866915	79
1546702866933	78
1546702866940	78
1546702866946	78
1546702866952	78
1546702866957	77
1546702866962	77
1546702937154	77
1546702937175	76
1546702937183	75
1546702937189	75
1546702937195	74
1546702937201	73
1546702996931	72
1546702996949	71
1546702996957	70
1546702996964	68
1546702996970	67
1546702996976	66
1546703066940	64
1546703066961	63
1546703066969	62
1546703066976	61
1546703066982	59
1546703066989	58
1546703066995	57
1546703126861	56
1546703126882	55
1546703126890	54
1546703126897	53
1546703126904	52
1546703126910	51
1546703186884	50
1546703186905	49
1546703186913	48
1546703186920	47
1546703186926	46
1546703186932	44
1546703186938	43
1546703256894	42
1546703256914	41
1546703256922	40
1546703256929	39
1546703256936	38
1546703256943	37
1546703316226	35
1546703316246	34
1546703316254	33
1546703316260	32
1546703316267	31
1546703316273	30
1546703386456	28
1546703386477	27
1546703386486	26
1546703386493	25
1546703386500	24
1546703386506	23
1546703386512	23
1546703446218	22
1546703446237	23
1546703446245	24
1546703446251	26
1546703446257	29
1546703446263	33
1546703505941	37
1546703505959	43
1546703505967	48
1546703505974	54
1546703505980	60
1546703505986	66
1546703505992	71
1546703576255	76
1546703576276	79
1546703576284	82
1546703576291	84
1546703576297	85
1546703576303	86
1546703636153	86
1546703636173	85
1546703636181	85
1546703636188	83
1546703636195	82
1546703636201	81
1546703706062	79
1546703706084	78
1546703706091	76
1546703706098	75
1546703706104	74
1546703706111	73
1546703706117	72
1546703765628	72
1546703765649	71
1546703765657	70
1546703765664	70
1546703765670	69
1546703765676	69
1546703825498	68
1546703825517	68
1546703825525	68
1546703825534	67
1546703825544	66
1546703825556	65
1546703825562	65
1546703895290	63
1546703895301	62
1546703895304	61
1546703895307	60
1546703895310	58
1546703895313	57
1546703955356	55
1546703955377	54
1546703955385	52
1546703955392	51
1546703955399	50
1546703955405	48
1546704025273	47
1546704025293	46
1546704025301	45
1546704025308	44
1546704025315	43
1546704025321	42
1546704025327	41
1546704085108	41
1546704085121	40
1546704085126	39
1546704085131	38
1546704085135	37
1546704085140	37
1546704145033	36
1546704145048	35
1546704145055	34
1546704145061	34
1546704145066	33
1546704145071	32
1546704145077	32
1546704215040	31
1546704215058	30
1546704215065	29
1546704215071	29
1546704215077	28
1546704215084	27
1546704274830	26
1546704274841	25
1546704274844	24
1546704274847	23
1546704274850	22
1546704274852	21
1546704344999	20
1546704345018	19
1546704345025	18
1546704345031	17
1546704345037	17
1546704345043	17
1546704345049	18
1546704405000	20
1546704405021	23
1546704405029	27
1546704405036	31
1546704405042	37
1546704405049	43
1546704464998	49
1546704465019	56
1546704465028	62
1546704465034	67
1546704465040	72
1546704465047	76
1546704465053	79
1546704534749	80
1546704534768	81
1546704534776	81
1546704534782	81
1546704534789	79
1546704534795	77
1546704594998	75
1546704595023	73
1546704595031	70
1546704595038	68
1546704595045	65
1546704595052	63
1546704664624	61
1546704664643	59
1546704664650	57
1546704664657	56
1546704664663	55
1546704664669	54
1546704664675	54
1546704724534	53
1546704724552	53
1546704724559	52
1546704724566	52
1546704724573	52
1546704724579	51
1546704784083	51
1546704784098	50
1546704784104	50
1546704784109	49
1546704784114	48
1546704784118	47
1546704784123	46
1546704854408	45
1546704854427	43
1546704854434	42
1546704854440	41
1546704854446	39
1546704854452	38
1546704914387	36
1546704914409	35
1546704914417	34
1546704914424	33
1546704914431	32
1546704914437	31
1546704984997	30
1546704985012	29
1546704985016	29
1546704985019	28
1546704985022	28
1546704985024	27
1546704985027	27
1546705044215	27
1546705044237	26
1546705044244	26
1546705044251	25
1546705044257	25
1546705044264	24
1546705103993	24
1546705104012	23
1546705104019	23
1546705104025	22
1546705104031	22
1546705104037	21
1546705104043	20
1546705173802	20
1546705173811	19
1546705173815	19
1546705173818	18
1546705173820	18
1546705173823	18
1546705233468	17
1546705233484	17
1546705233490	17
1546705233496	17
1546705233501	17
1546705233507	18
1546705303695	19
1546705303713	22
1546705303721	25
1546705303727	30
1546705303733	36
1546705303748	43
1546705303753	50
1546705363759	58
1546705363775	67
1546705363781	75
1546705363787	82
1546705363792	89
1546705363797	95
1546705423259	95
1546705423278	95
1546705423286	95
1546705423293	94
1546705423299	94
1546705423306	92
1546705423311	90
1546705493402	88
1546705493420	85
1546705493428	81
1546705493434	78
1546705493440	74
1546705493446	71
1546705553061	68
1546705553079	65
1546705553086	62
1546705553093	60
1546705553099	58
1546705553105	56
1546705623282	55
1546705623304	54
1546705623312	54
1546705623318	53
1546705623325	53
1546705623331	53
1546705623337	53
1546705682845	53
1546705682863	52
1546705682870	52
1546705682877	52
1546705682883	51
1546705682889	50
1546705742753	49
1546705742773	48
1546705742781	46
1546705742787	45
1546705742794	43
1546705742800	42
1546705742805	40
1546705813048	39
1546705813067	37
1546705813074	36
1546705813079	35
1546705813084	33
1546705813089	32
1546705872772	31
1546705872791	30
1546705872798	30
1546705872805	29
1546705872811	29
1546705872817	28
1546705942504	28
1546705942523	28
1546705942531	27
1546705942538	27
1546705942544	27
1546705942551	27
1546705942557	27
1546706002274	27
1546706002290	26
1546706002297	26
1546706002302	26
1546706002308	26
1546706002313	26
1546706062606	26
1546706062615	25
1546706062618	25
1546706062620	25
1546706062623	25
1546706062625	24
1546706062627	24
1546706132622	23
1546706132643	24
1546706132651	24
1546706132657	25
1546706132664	27
1546706132670	30
1546706192319	34
1546706192336	39
1546706192344	45
1546706192351	52
1546706192357	58
1546706192363	65
1546706262204	72
1546706262223	78
1546706262231	84
1546706262237	89
1546706262243	92
1546706262249	94
1546706262255	95
1546706322065	94
1546706322084	93
1546706322091	92
1546706322098	90
1546706322104	87
1546706322110	85
1546706381775	82
1546706381796	79
1546706381803	76
1546706381810	73
1546706381816	70
1546706381831	67
1546706381837	64
1546706451614	62
1546706451626	59
1546706451630	57
1546706451633	56
1546706451636	54
1546706451639	53
1546706511627	52
1546706511643	52
1546706511649	51
1546706511655	52
1546706511660	52
1546706511666	53
1546706581423	54
1546706581441	55
1546706581448	56
1546706581455	58
1546706581461	59
1546706581467	60
1546706581473	62
1546706641602	63
1546706641620	64
1546706641627	65
1546706641633	66
1546706641639	66
1546706641645	67
1546706701181	67
1546706701199	67
1546706701206	67
1546706701213	66
1546706701219	66
1546706701225	65
1546706701252	63
1546706771568	62
1546706771589	61
1546706771597	59
1546706771604	57
1546706771610	56
1546706771617	54
1546706830948	52
1546706830956	51
1546706830959	49
1546706830961	48
1546706830963	47
1546706830965	46
1546706900924	46
1546706900938	45
1546706900944	45
1546706900949	45
1546706900953	45
1546706900957	44
1546706900962	44
1546706960766	44
1546706960783	43
1546706960789	43
1546706960794	43
1546706960799	43
1546706960803	43
1546707020680	45
1546707020695	47
1546707020701	50
1546707020705	55
1546707020710	60
1546707020714	66
1546707020718	74
1546707090530	81
1546707090539	89
1546707090542	95
1546707090544	95
1546707090546	95
1546707090548	95
1546707150539	95
1546707150556	95
1546707150563	94
1546707150570	94
1546707150576	94
1546707150583	93
1546707220823	91
1546707220844	89
1546707220852	87
1546707220859	85
1546707220865	83
1546707220872	81
1546707220878	79
1546707280410	78
1546707280427	76
1546707280435	75
1546707280441	74
1546707280447	73
1546707280453	73
1546707340503	73
1546707340523	73
1546707340532	73
1546707340539	73
1546707340546	73
1546707340553	73
1546707340559	73
1546707410606	73
1546707410627	72
1546707410635	72
1546707410642	71
1546707410649	70
1546707410655	68
1546707470447	67
1546707470468	65
1546707470476	63
1546707470483	62
1546707470489	60
1546707470496	58
1546707540358	56
1546707540383	55
1546707540392	53
1546707540401	52
1546707540409	51
1546707540417	50
1546707540425	49
1546707599846	48
1546707599864	48
1546707599872	48
1546707599879	47
1546707599885	47
1546707599891	47
1546707660074	46
1546707660091	46
1546707660099	46
1546707660105	46
1546707660111	46
1546707660117	45
1546707660123	45
1546707729935	44
1546707729948	43
1546707729951	43
1546707729954	42
1546707729957	41
1546707729960	40
1546707789535	39
1546707789553	38
1546707789561	37
1546707789568	36
1546707789574	36
1546707789580	35
1546707859847	35
1546707859866	35
1546707859873	36
1546707859880	37
1546707859886	39
1546707859892	41
1546707859898	45
1546707919684	49
1546707919702	53
1546707919710	58
1546707919716	63
1546707919722	67
1546707919728	72
1546707979466	76
1546707979476	80
1546707979479	83
1546707979482	86
1546707979485	88
1546707979487	89
1546707979489	90
1546708049147	90
1546708049155	90
1546708049158	90
1546708049160	89
1546708049162	88
1546708049164	88
1546708109081	87
1546708109099	86
1546708109106	86
1546708109113	85
1546708109119	85
1546708109125	85
1546708178901	85
1546708178910	85
1546708178912	86
1546708178915	86
1546708178917	85
1546708178919	85
1546708178921	84
1546708238975	84
1546708238999	82
1546708239008	81
1546708239015	79
1546708239023	78
1546708239030	76
1546708298879	74
1546708298899	72
1546708298907	70
1546708298914	69
1546708298920	67
1546708298926	66
1546708298932	65
1546708368655	64
1546708368664	63
1546708368667	63
1546708368670	62
1546708368673	61
1546708368675	61
1546708428623	60
1546708428641	59
1546708428649	58
1546708428655	57
1546708428661	56
1546708428667	55
1546708498734	54
1546708498753	53
1546708498761	52
1546708498767	51
1546708498774	50
1546708498780	50
1546708498785	49
1546708558369	49
1546708558378	49
1546708558381	49
1546708558384	50
1546708558387	50
1546708558389	52
1546708618350	53
1546708618364	54
1546708618369	56
1546708618374	58
1546708618378	61
1546708618383	64
1546708618387	67
1546708688367	71
1546708688385	76
1546708688392	80
1546708688399	85
1546708688405	89
1546708688411	94
1546708748592	95
1546708748603	95
1546708748607	95
1546708748610	95
1546708748613	95
1546708748616	94
1546708818141	94
1546708818160	93
1546708818166	91
1546708818171	89
1546708818176	87
1546708818181	85
1546708818186	82
1546708878258	80
1546708878277	78
1546708878284	75
1546708878291	73
1546708878297	70
1546708878303	68
1546708938026	66
1546708938051	64
1546708938062	62
1546708938070	60
1546708938078	58
1546708938087	57
1546708938094	55
1546709007785	54
1546709007796	53
1546709007799	52
1546709007802	51
1546709007805	50
1546709007807	50
1546709067705	49
1546709067721	49
1546709067727	48
1546709067733	48
1546709067738	48
1546709067744	48
1546709137909	48
1546709137928	48
1546709137935	47
1546709137942	47
1546709137948	47
1546709137954	47
1546709137960	46
1546709197717	46
1546709197727	45
1546709197730	45
1546709197732	44
1546709197735	43
1546709197738	43
1546709257363	42
1546709257372	41
1546709257375	40
1546709257378	39
1546709257381	37
1546709257383	36
1546709257385	35
1546709327252	33
1546709327272	32
1546709327280	31
1546709327287	30
1546709327293	29
1546709327300	28
1546709387226	28
1546709387240	29
1546709387245	31
1546709387250	33
1546709387255	36
1546709387259	40
1546709457470	44
1546709457487	49
1546709457495	53
1546709457501	58
1546709457507	62
1546709457513	66
1546709457519	70
1546709517085	73
1546709517103	75
1546709517111	77
1546709517117	77
1546709517123	78
1546709517129	77
1546709577354	76
1546709577375	75
1546709577383	74
1546709577390	72
1546709577397	69
1546709577403	67
1546709577409	65
1546709647160	63
1546709647178	60
1546709647186	58
1546709647193	56
1546709647199	53
1546709647205	51
1546709707128	50
1546709707149	48
1546709707156	47
1546709707163	46
1546709707169	45
1546709707175	45
1546709776571	45
1546709776587	45
1546709776593	45
1546709776598	45
1546709776604	46
1546709776611	46
1546709776618	47
1546709836598	47
1546709836616	48
1546709836624	48
1546709836630	48
1546709836636	47
1546709836643	47
1546709896437	46
1546709896450	46
1546709896456	45
1546709896461	43
1546709896465	42
1546709896469	41
1546709896474	39
1546709966593	38
1546709966611	36
1546709966619	35
1546709966625	34
1546709966631	33
1546709966638	32
1546710026359	31
1546710026379	30
1546710026387	29
1546710026394	29
1546710026400	28
1546710026406	28
1546710096084	28
1546710096098	29
1546710096103	30
1546710096108	32
1546710096113	34
1546710096117	37
1546710096121	41
1546710156494	45
1546710156512	49
1546710156519	54
1546710156526	59
1546710156532	64
1546710156538	69
1546710216099	72
1546710216118	76
1546710216126	78
1546710216132	80
1546710216139	81
1546710216145	82
1546710216151	81
1546710285745	81
1546710285755	79
1546710285758	78
1546710285760	76
1546710285763	74
1546710285765	72
1546710345660	70
1546710345668	68
1546710345671	67
1546710345674	65
1546710345677	63
1546710345679	62
1546710415562	60
1546710415580	59
1546710415588	57
1546710415594	56
1546710415601	55
1546710415608	54
1546710415614	53
1546710475819	53
1546710475837	52
1546710475845	51
1546710475851	51
1546710475857	50
1546710475863	50
1546710535770	49
1546710535788	49
1546710535795	48
1546710535802	47
1546710535808	46
1546710535814	46
1546710535820	45
1546710605366	44
1546710605384	43
1546710605392	42
1546710605398	41
1546710605405	40
1546710605411	38
1546710665347	37
1546710665365	36
1546710665372	35
1546710665379	34
1546710665385	32
1546710665391	31
1546710735320	30
1546710735336	29
1546710735343	28
1546710735348	27
1546710735354	26
1546710735359	25
1546710735365	24
1546710795459	23
1546710795480	22
1546710795488	22
1546710795495	21
1546710795501	21
1546710795508	21
1546710855376	22
1546710855399	23
1546710855407	25
1546710855413	28
1546710855419	32
1546710855425	37
1546710855431	42
1546710925300	48
1546710925321	54
1546710925329	60
1546710925337	66
1546710925343	71
1546710925349	76
1546710984753	80
1546710984763	82
1546710984767	84
1546710984769	85
1546710984772	85
1546710984775	84
1546711055062	83
1546711055084	81
1546711055092	79
1546711055099	77
1546711055105	74
1546711055111	72
1546711055117	70
1546711114848	67
1546711114866	66
1546711114873	64
1546711114880	63
1546711114886	62
1546711114892	62
1546711174769	61
1546711174788	61
1546711174795	62
1546711174802	62
1546711174808	62
1546711174814	63
1546711174820	63
1546711244337	63
1546711244350	63
1546711244356	62
1546711244361	62
1546711244365	61
1546711244370	60
1546711304299	58
1546711304308	56
1546711304311	54
1546711304314	52
1546711304317	50
1546711304319	49
1546711374237	47
1546711374246	45
1546711374249	43
1546711374252	42
1546711374255	41
1546711374257	40
1546711374260	39
1546711434374	38
1546711434393	38
1546711434400	37
1546711434407	37
1546711434413	36
1546711434419	35
1546711494341	35
1546711494359	34
1546711494366	33
1546711494373	32
1546711494379	32
1546711494385	31
1546711494391	30
1546711564166	29
1546711564184	29
1546711564192	29
1546711564198	29
1546711564204	30
1546711564210	32
1546711624208	35
1546711624226	39
1546711624233	43
1546711624240	48
1546711624246	54
1546711624253	59
1546711693983	65
1546711694004	70
1546711694012	75
1546711694020	80
1546711694027	83
1546711694033	86
1546711694040	87
1546711754178	89
1546711754200	89
1546711754209	89
1546711754216	88
1546711754223	87
1546711754230	86
1546711813494	85
1546711813515	84
1546711813522	82
1546711813529	81
1546711813535	79
1546711813541	78
1546711813547	76
1546711883267	74
1546711883276	72
1546711883279	71
1546711883281	69
1546711883283	67
1546711883285	65
1546711943264	63
1546711943272	62
1546711943275	60
1546711943277	59
1546711943279	58
1546711943281	57
1546712013166	56
1546712013176	55
1546712013179	55
1546712013182	54
1546712013184	54
1546712013187	53
1546712013189	53
1546712073146	52
1546712073167	52
1546712073176	50
1546712073184	49
1546712073191	48
1546712073198	46
1546712133413	44
1546712133431	42
1546712133438	40
1546712133444	38
1546712133450	35
1546712133457	34
1546712133463	32
1546712202920	30
1546712202939	29
1546712202947	28
1546712202955	27
1546712202962	26
1546712202968	25
1546712262864	25
1546712262883	24
1546712262891	23
1546712262899	23
1546712262905	22
1546712262912	21
1546712332723	20
1546712332741	19
1546712332748	18
1546712332755	18
1546712332761	19
1546712332767	21
1546712332773	24
1546712392761	27
1546712392772	32
1546712392775	38
1546712392777	44
1546712392780	51
1546712392782	58
1546712452939	64
1546712452961	70
1546712452969	75
1546712452976	79
1546712452982	82
1546712452989	84
1546712452995	84
1546712522364	84
1546712522380	83
1546712522387	81
1546712522392	79
1546712522398	76
1546712522403	73
1546712582286	70
1546712582295	67
1546712582298	64
1546712582300	61
1546712582303	58
1546712582305	56
1546712652497	54
1546712652515	53
1546712652523	51
1546712652530	51
1546712652536	50
1546712652542	49
1546712652548	49
1546712712109	49
1546712712123	48
1546712712130	48
1546712712135	47
1546712712140	46
1546712712145	45
1546712772497	44
1546712772515	43
1546712772523	41
1546712772529	40
1546712772535	38
1546712772541	37
1546712772547	35
1546712842349	34
1546712842369	33
1546712842377	31
1546712842384	30
1546712842390	29
1546712842396	28
1546712902243	27
1546712902264	26
1546712902272	25
1546712902279	24
1546712902285	22
1546712902292	20
1546712971845	18
1546712971863	17
1546712971870	14
1546712971877	12
1546712971883	10
1546712971890	8
1546712971895	6
1546713031735	5
1546713031756	5
1546713031764	5
1546713031770	5
1546713031776	5
1546713031782	5
1546713091650	5
1546713091672	6
1546713091681	6
1546713091689	7
1546713091697	7
1546713091705	8
1546713091712	10
1546713161910	12
1546713161927	14
1546713161936	18
1546713161943	22
1546713161949	26
1546713161956	31
1546713221703	36
1546713221722	42
1546713221729	47
1546713221736	52
1546713221742	56
1546713221748	60
1546713291250	63
1546713291259	66
1546713291262	68
1546713291265	70
1546713291267	70
1546713291270	71
1546713291272	71
1546713351192	70
1546713351210	69
1546713351217	68
1546713351224	66
1546713351230	65
1546713351237	62
1546713411523	60
1546713411543	57
1546713411551	54
1546713411558	51
1546713411564	48
1546713411570	45
1546713411576	42
1546713481449	40
1546713481470	37
1546713481479	35
1546713481485	34
1546713481492	33
1546713481498	32
1546713541362	32
1546713541383	32
1546713541391	33
1546713541397	34
1546713541404	35
1546713541411	36
1546713610893	36
1546713610913	37
1546713610921	37
1546713610929	37
1546713610935	36
1546713610942	35
1546713610949	34
1546713671179	32
1546713671196	29
1546713671204	27
1546713671210	24
1546713671216	21
1546713671222	18
1546713731005	15
1546713731023	12
1546713731030	9
1546713731037	7
1546713731043	6
1546713731050	5
1546713731055	5
1546713800754	5
1546713800774	5
1546713800783	5
1546713800790	5
1546713800797	5
1546713800804	5
1546713860917	5
1546713860939	5
1546713860947	5
1546713860954	5
1546713860960	5
1546713860966	5
1546713930696	5
1546713930714	5
1546713930722	5
1546713930728	5
1546713930734	5
1546713930740	5
1546713930746	5
1546713990555	5
1546713990569	6
1546713990575	9
1546713990579	12
1546713990584	16
1546713990588	21
1546714050228	26
1546714050248	32
1546714050256	38
1546714050263	44
1546714050270	49
1546714050277	54
1546714050283	58
1546714120551	61
1546714120570	63
1546714120577	64
1546714120583	64
1546714120590	64
1546714120596	62
1546714180335	61
1546714180354	59
1546714180361	57
1546714180368	55
1546714180374	53
1546714180380	52
1546714250285	50
1546714250307	49
1546714250315	48
1546714250322	47
1546714250329	46
1546714250336	45
1546714250342	44
1546714310113	43
1546714310131	42
1546714310139	41
1546714310145	40
1546714310151	38
1546714310157	37
1546714369927	36
1546714369948	35
1546714369956	34
1546714369963	33
1546714369970	31
1546714369977	30
1546714369984	29
1546714439922	28
1546714439942	27
1546714439951	26
1546714439958	25
1546714439965	24
1546714439972	23
1546714499514	22
1546714499531	21
1546714499539	20
1546714499546	18
1546714499552	17
1546714499558	16
1546714569762	15
1546714569781	13
1546714569789	12
1546714569795	10
1546714569801	9
1546714569807	7
1546714569813	6
1546714629491	5
1546714629510	5
1546714629517	5
1546714629523	5
1546714629529	5
1546714629535	5
1546714689268	5
1546714689286	5
1546714689294	5
1546714689300	5
1546714689306	5
1546714689312	5
1546714689318	5
1546714759074	5
1546714759091	5
1546714759099	5
1546714759105	5
1546714759111	5
1546714759117	5
1546714818967	5
1546714818985	5
1546714818993	5
1546714818999	5
1546714819005	7
1546714819011	9
1546714889150	12
1546714889169	15
1546714889176	19
1546714889183	24
1546714889189	29
1546714889195	34
1546714889201	38
1546714948753	43
1546714948767	47
1546714948773	50
1546714948778	53
1546714948783	55
1546714948787	56
1546715009048	56
1546715009067	55
1546715009075	54
1546715009081	53
1546715009088	51
1546715009094	49
1546715009100	47
1546715078882	44
1546715078901	42
1546715078909	40
1546715078916	38
1546715078922	37
1546715078929	36
1546715138816	35
1546715138834	34
1546715138862	33
1546715138869	33
1546715138875	33
1546715138881	33
1546715208868	34
1546715208890	34
1546715208898	34
1546715208904	35
1546715208911	35
1546715208917	35
1546715208923	35
1546715268363	35
1546715268381	35
1546715268389	35
1546715268395	34
1546715268401	34
1546715268407	33
1546715328297	32
1546715328311	31
1546715328316	30
1546715328321	29
1546715328325	28
1546715328329	27
1546715328333	26
1546715398307	25
1546715398326	24
1546715398334	23
1546715398341	22
1546715398347	22
1546715398354	21
1546715458434	21
1546715458455	20
1546715458462	20
1546715458469	20
1546715458475	19
1546715458481	19
1546715528333	19
1546715528354	19
1546715528362	18
1546715528368	18
1546715528375	18
1546715528381	17
1546715528387	17
1546715587837	16
1546715587847	16
1546715587850	15
1546715587853	15
1546715587855	15
1546715587858	15
1546715648197	16
1546715648218	17
1546715648226	19
1546715648233	22
1546715648239	26
1546715648245	30
1546715648251	35
1546715717651	41
1546715717667	46
1546715717674	51
1546715717679	56
1546715717684	61
1546715717690	65
1546715777548	68
1546715777567	70
1546715777575	72
1546715777583	72
1546715777590	72
1546715777597	72
1546715847875	70
1546715847893	69
1546715847901	67
1546715847907	65
1546715847913	63
1546715847919	61
1546715847925	59
1546715907522	58
1546715907541	56
1546715907549	55
1546715907555	54
1546715907562	54
1546715907568	53
1546715967591	53
1546715967610	52
1546715967617	52
1546715967623	52
1546715967629	52
1546715967635	51
1546715967641	51
1546716037207	50
1546716037225	49
1546716037233	49
1546716037240	48
1546716037246	47
1546716037252	46
1546716097435	45
1546716097456	44
1546716097464	43
1546716097471	42
1546716097477	41
1546716097484	40
1546716167061	38
1546716167080	37
1546716167088	36
1546716167096	35
1546716167103	33
1546716167110	32
1546716167116	31
1546716226997	30
1546716227015	28
1546716227022	27
1546716227027	26
1546716227033	25
1546716227038	24
1546716286901	23
1546716286910	22
1546716286913	21
1546716286916	20
1546716286918	19
1546716286921	18
1546716286923	17
1546716356709	16
1546716356728	16
1546716356736	15
1546716356742	15
1546716356748	16
1546716356754	16
1546716416934	17
1546716416953	19
1546716416961	21
1546716416967	24
1546716416973	28
1546716416979	33
1546716486925	38
1546716486947	44
1546716486955	50
1546716486962	56
1546716486968	62
1546716486974	68
1546716486980	73
1546716546828	78
1546716546846	82
1546716546853	85
1546716546860	87
1546716546866	88
1546716546872	89
1546716606414	88
1546716606426	88
1546716606430	87
1546716606432	85
1546716606435	83
1546716606438	81
1546716606441	79
1546716676272	77
1546716676291	76
1546716676299	74
1546716676305	72
1546716676331	70
1546716676338	68
1546716736271	67
1546716736289	66
1546716736296	65
1546716736303	64
1546716736309	63
1546716736315	62
1546716806465	62
1546716806486	61
1546716806494	61
1546716806501	61
1546716806507	61
1546716806514	60
1546716806521	60
1546716865949	59
1546716865963	59
1546716865969	58
1546716865973	57
1546716865978	56
1546716865983	55
1546716925834	54
1546716925848	53
1546716925853	52
1546716925858	51
1546716925863	49
1546716925867	48
1546716925871	46
1546716995763	45
1546716995777	43
1546716995783	41
1546716995788	40
1546716995793	38
1546716995797	37
1546717055720	35
1546717055733	33
1546717055736	32
1546717055739	31
1546717055742	29
1546717055745	28
1546717126000	27
1546717126019	26
1546717126026	26
1546717126033	25
1546717126039	25
1546717126045	25
1546717126051	25
1546717185853	25
1546717185871	25
1546717185878	26
1546717185885	28
1546717185891	30
1546717185897	32
1546717245725	36
1546717245735	40
1546717245738	45
1546717245741	50
1546717245743	56
1546717245746	63
1546717245748	69
1546717315590	75
1546717315609	81
1546717315616	86
1546717315623	90
1546717315629	92
1546717315635	94
1546717375560	95
1546717375579	94
1546717375586	93
1546717375593	91
1546717375599	89
1546717375605	86
1546717445152	82
1546717445170	79
1546717445178	75
1546717445185	72
1546717445191	69
1546717445197	66
1546717445203	63
1546717505135	60
1546717505155	58
1546717505163	57
1546717505170	55
1546717505176	54
1546717505182	54
1546717565099	54
1546717565117	54
1546717565124	54
1546717565131	54
1546717565137	54
1546717565143	54
1546717565149	54
1546717635002	54
1546717635012	53
1546717635015	52
1546717635018	51
1546717635020	49
1546717635023	48
1546717694874	45
1546717694895	43
1546717694903	41
1546717694911	39
1546717694917	37
1546717694923	35
1546717764839	33
1546717764857	31
1546717764865	29
1546717764871	27
1546717764877	26
1546717764883	24
1546717764889	23
1546717824854	22
1546717824873	21
1546717824881	20
1546717824887	20
1546717824893	19
1546717824899	19
1546717884701	19
1546717884720	19
1546717884727	19
1546717884733	19
1546717884739	20
1546717884745	20
1546717884751	20
1546717954405	20
1546717954420	19
1546717954425	19
1546717954430	18
1546717954435	18
1546717954440	17
1546718014138	17
1546718014147	17
1546718014150	18
1546718014152	20
1546718014154	22
1546718014156	26
1546718084127	30
1546718084148	35
1546718084156	40
1546718084163	46
1546718084170	52
1546718084177	57
1546718084184	62
1546718144103	66
1546718144121	69
1546718144128	71
1546718144134	73
1546718144140	73
1546718144146	73
1546718204287	72
1546718204309	70
1546718204317	68
1546718204324	66
1546718204331	63
1546718204338	61
1546718204344	58
1546718274160	56
1546718274178	53
1546718274186	51
1546718274192	49
1546718274198	48
1546718274205	47
1546718334171	46
1546718334180	45
1546718334183	45
1546718334186	45
1546718334189	45
1546718334191	45
1546718403990	45
1546718404012	46
1546718404020	46
1546718404026	46
1546718404032	46
1546718404039	46
1546718404044	45
1546718463893	45
1546718463912	44
1546718463919	43
1546718463926	42
1546718463932	41
1546718463938	39
1546718523609	38
1546718523625	36
1546718523632	35
1546718523637	34
1546718523643	32
1546718523648	31
1546718523654	30
1546718593691	29
1546718593711	28
1546718593719	27
1546718593726	26
1546718593732	26
1546718593738	26
1546718653604	26
1546718653626	26
1546718653634	26
1546718653641	27
1546718653647	27
1546718653653	28
1546718723389	28
1546718723407	29
1546718723415	29
1546718723421	30
1546718723428	31
1546718723434	32
1546718723440	34
1546718783186	36
1546718783205	40
1546718783213	44
1546718783219	50
1546718783225	56
1546718783232	62
1546718843393	69
1546718843414	77
1546718843422	83
1546718843430	90
1546718843437	95
1546718843443	95
1546718843449	95
1546718912813	95
1546718912831	94
1546718912838	94
1546718912845	93
1546718912851	92
1546718912857	90
1546718972734	88
1546718972747	86
1546718972750	84
1546718972754	82
1546718972757	79
1546718972760	77
1546719043009	76
1546719043029	74
1546719043037	73
1546719043043	71
1546719043050	70
1546719043056	70
1546719043063	69
1546719102442	69
1546719102455	68
1546719102461	68
1546719102466	68
1546719102470	68
1546719102475	68
1546719162659	68
1546719162677	68
1546719162685	67
1546719162691	67
1546719162698	66
1546719162704	65
1546719162710	64
1546719232201	63
1546719232212	61
1546719232215	60
1546719232218	58
1546719232221	56
1546719232223	54
1546719292467	52
1546719292485	50
1546719292492	49
1546719292499	47
1546719292505	46
1546719292511	44
1546719362051	43
1546719362065	42
1546719362070	41
1546719362075	40
1546719362079	39
1546719362084	39
1546719362088	38
1546719422340	37
1546719422362	37
1546719422370	36
1546719422377	36
1546719422383	35
1546719422389	35
1546719482062	34
1546719482071	34
1546719482074	33
1546719482077	34
1546719482080	35
1546719482082	36
1546719482084	39
1546719551946	42
1546719551968	46
1546719551976	51
1546719551983	56
1546719551989	62
1546719551995	68
1546719611757	73
1546719611771	79
1546719611775	83
1546719611778	87
1546719611781	90
1546719611784	92
1546719682073	93
1546719682094	94
1546719682102	93
1546719682109	92
1546719682115	91
1546719682121	89
1546719682127	87
1546719741734	85
1546719741752	83
1546719741760	81
1546719741767	79
1546719741773	77
1546719741779	76
1546719801431	74
1546719801451	73
1546719801460	72
1546719801467	71
1546719801474	71
1546719801480	70
1546719801487	70
1546719871462	69
1546719871484	69
1546719871492	69
1546719871500	69
1546719871506	68
1546719871512	68
1546719931462	67
1546719931481	66
1546719931488	66
1546719931495	65
1546719931501	64
1546719931507	62
1546720001045	61
1546720001055	60
1546720001058	58
1546720001061	57
1546720001063	55
1546720001066	54
1546720001068	52
1546720061029	51
1546720061048	49
1546720061056	48
1546720061064	47
1546720061071	45
1546720061078	44
1546720120854	43
1546720120863	42
1546720120867	41
1546720120870	40
1546720120873	39
1546720120876	38
1546720120878	37
1546720190840	36
1546720190858	35
1546720190866	34
1546720190872	33
1546720190878	31
1546720190884	30
1546720251052	29
1546720251070	28
1546720251078	28
1546720251085	29
1546720251091	30
1546720251097	32
1546720320777	35
1546720320799	39
1546720320809	45
1546720320817	50
1546720320824	57
1546720320832	63
1546720320839	70
1546720380824	76
1546720380845	81
1546720380853	86
1546720380860	90
1546720380866	92
1546720380872	94
1546720440464	95
1546720440475	94
1546720440480	94
1546720440484	92
1546720440487	91
1546720440492	89
1546720440495	86
1546720510361	84
1546720510381	82
1546720510390	79
1546720510397	77
1546720510404	75
1546720510411	73
1546720570594	71
1546720570615	70
1546720570622	68
1546720570629	67
1546720570635	66
1546720570641	65
1546720640467	65
1546720640485	64
1546720640492	63
1546720640498	63
1546720640504	62
1546720640510	62
1546720640516	61
1546720700434	60
1546720700453	60
1546720700460	59
1546720700467	57
1546720700473	56
1546720700480	55
1546720760278	54
1546720760297	52
1546720760304	51
1546720760311	49
1546720760317	47
1546720760323	46
1546720760329	44
1546720830295	43
1546720830317	41
1546720830324	40
1546720830331	39
1546720830338	37
1546720830344	36
1546720890213	35
1546720890235	34
1546720890242	33
1546720890249	32
1546720890256	31
1546720890262	30
1546720959967	29
1546720959985	28
1546720959992	27
1546720959999	26
1546720960005	25
1546720960011	24
1546720960017	22
1546721019617	21
1546721019629	19
1546721019632	18
1546721019634	16
1546721019636	14
1546721019639	13
1546721079508	11
1546721079527	11
1546721079536	11
1546721079543	12
1546721079550	14
1546721079557	17
1546721079564	22
1546721149451	27
1546721149470	34
1546721149477	41
1546721149484	48
1546721149490	55
1546721149496	61
1546721209284	67
1546721209294	72
1546721209297	76
1546721209300	79
1546721209303	81
1546721209306	81
1546721279200	81
1546721279208	80
1546721279211	78
1546721279214	76
1546721279216	74
1546721279218	71
1546721279220	68
1546721339545	65
1546721339567	63
1546721339575	60
1546721339581	58
1546721339587	56
1546721339594	54
1546721399148	53
1546721399166	52
1546721399173	51
1546721399180	50
1546721399186	49
1546721399192	48
1546721399198	48
1546721469049	48
1546721469067	47
1546721469075	47
1546721469081	46
1546721469087	46
1546721469094	45
1546721529281	44
1546721529304	43
1546721529312	42
1546721529319	41
1546721529326	39
1546721529332	38
1546721599015	36
1546721599030	35
1546721599036	33
1546721599041	31
1546721599046	29
1546721599051	28
1546721599055	26
1546721659556	24
1546721659578	23
1546721659586	21
1546721659593	20
1546721659600	19
1546721659607	18
1546721718987	17
1546721719005	16
1546721719012	15
1546721719018	14
1546721719024	13
1546721719030	12
1546721719036	12
1546721788780	11
1546721788797	10
1546721788804	9
1546721788811	9
1546721788817	8
1546721788823	7
1546721848382	6
1546721848395	5
1546721848401	5
1546721848406	5
1546721848410	5
1546721848415	5
1546721918269	6
1546721918283	7
1546721918288	9
1546721918302	13
1546721918307	17
1546721918311	23
1546721918315	29
1546721978171	36
1546721978180	44
1546721978183	51
1546721978185	59
1546721978187	65
1546721978189	71
1546722038133	76
1546722038146	80
1546722038151	82
1546722038156	83
1546722038161	84
1546722038166	83
1546722038171	81
1546722108492	79
1546722108514	76
1546722108522	74
1546722108528	71
1546722108534	68
1546722108541	65
1546722168276	63
1546722168294	61
1546722168302	59
1546722168309	58
1546722168315	57
1546722168321	57
1546722237853	56
1546722237863	56
1546722237866	57
1546722237869	57
1546722237871	57
1546722237874	57
1546722237876	58
1546722297829	58
1546722297841	58
1546722297845	57
1546722297848	57
1546722297851	56
1546722297854	55
1546722357768	54
1546722357787	52
1546722357794	51
1546722357800	49
1546722357806	47
1546722357812	45
1546722357818	44
1546722427979	42
1546722427997	40
1546722428005	39
1546722428012	37
1546722428017	36
1546722428024	35
1546722487871	34
1546722487889	33
1546722487896	32
1546722487903	31
1546722487909	31
1546722487915	30
1546722557556	29
1546722557576	29
1546722557584	28
1546722557591	27
1546722557597	27
1546722557604	26
1546722557610	25
1546722617593	24
1546722617612	23
1546722617619	22
1546722617625	20
1546722617631	19
1546722617637	18
1546722677379	18
1546722677397	18
1546722677404	18
1546722677411	20
1546722677417	23
1546722677423	27
1546722677429	33
1546722747513	39
1546722747536	46
1546722747545	54
1546722747552	62
1546722747559	70
1546722747565	77
1546722807911	83
1546722807933	89
1546722807941	93
1546722807948	95
1546722807955	95
1546722807962	95
1546722876924	94
1546722876933	93
1546722876936	91
1546722876939	88
1546722876941	85
1546722876944	82
1546722876946	79
1546722936895	76
1546722936910	73
1546722936916	70
1546722936921	67
1546722936926	65
1546722936930	63
1546722996888	62
1546722996907	60
1546722996914	60
1546722996921	59
1546722996927	59
1546722996933	58
1546722996939	58
1546723066898	58
1546723066906	58
1546723066909	58
1546723066912	58
1546723066914	58
1546723066916	57
1546723127068	56
1546723127088	56
1546723127096	55
1546723127103	53
1546723127109	52
1546723127116	51
1546723196954	49
1546723196976	48
1546723196985	46
1546723196992	44
1546723196998	43
1546723197005	41
1546723197010	39
1546723256591	38
1546723256611	37
1546723256620	35
1546723256627	34
1546723256633	33
1546723256640	31
1546723316879	30
1546723316901	30
1546723316909	29
1546723316916	28
1546723316922	27
1546723316928	26
1546723316934	25
1546723386252	24
1546723386267	23
1546723386273	22
1546723386278	21
1546723386283	20
1546723386287	18
1546723446182	17
1546723446191	16
1546723446194	14
1546723446196	13
1546723446198	11
1546723446200	9
1546723516524	8
1546723516546	7
1546723516553	7
1546723516560	7
1546723516567	9
1546723516573	12
1546723516579	16
1546723576492	22
1546723576510	29
1546723576517	37
1546723576524	45
1546723576530	53
1546723576536	61
1546723635957	69
1546723635970	75
1546723635973	81
1546723635976	85
1546723635979	88
1546723635982	89
1546723635984	90
1546723706236	89
1546723706257	88
1546723706265	86
1546723706273	83
1546723706279	80
1546723706286	77
1546723766061	74
1546723766079	71
1546723766086	68
1546723766093	65
1546723766099	63
1546723766105	60
1546723835935	59
1546723835952	57
1546723835960	56
1546723835967	55
1546723835973	54
1546723835979	54
1546723835985	53
1546723895995	53
1546723896015	53
1546723896023	53
1546723896030	52
1546723896036	52
1546723896043	52
1546723955519	51
1546723955528	50
1546723955531	49
1546723955534	48
1546723955537	47
1546723955540	45
1546723955542	44
1546724025323	42
1546724025332	41
1546724025335	39
1546724025338	37
1546724025340	35
1546724025343	33
1546724085726	31
1546724085747	30
1546724085755	28
1546724085762	27
1546724085768	26
1546724085774	25
1546724155469	24
1546724155488	24
1546724155497	23
1546724155504	23
1546724155511	22
1546724155517	22
1546724155524	22
1546724215604	22
1546724215630	22
1546724215640	22
1546724215649	22
1546724215657	22
1546724215666	22
1546724275098	22
1546724275117	21
1546724275125	20
1546724275131	20
1546724275137	19
1546724275143	18
1546724275149	17
1546724345047	16
1546724345065	15
1546724345072	15
1546724345079	15
1546724345085	16
1546724345091	17
1546724405059	21
1546724405068	25
1546724405071	31
1546724405074	38
1546724405076	47
1546724405079	56
1546724474752	65
1546724474770	75
1546724474777	84
1546724474783	92
1546724474789	95
1546724474795	95
1546724474801	95
1546724534715	95
1546724534733	95
1546724534741	95
1546724534747	94
1546724534753	93
1546724534759	91
1546724594742	89
1546724594752	87
1546724594755	85
1546724594759	83
1546724594761	81
1546724594764	79
1546724594766	77
1546724664909	75
1546724664930	73
1546724664938	72
1546724664945	71
1546724664952	69
1546724664958	68
1546724724868	67
1546724724889	66
1546724724897	65
1546724724904	64
1546724724910	62
1546724724917	61
1546724794516	60
1546724794541	58
1546724794550	56
1546724794558	55
1546724794565	53
1546724794572	51
1546724794579	49
1546724854526	47
1546724854544	45
1546724854551	43
1546724854558	41
1546724854564	39
1546724854570	38
1546724914431	36
1546724914449	34
1546724914457	32
1546724914463	31
1546724914469	29
1546724914475	28
1546724914481	26
1546724984359	25
1546724984378	23
1546724984385	22
1546724984392	20
1546724984398	18
1546724984404	17
1546725044009	15
1546725044030	14
1546725044037	12
1546725044044	11
1546725044050	9
1546725044057	8
1546725114282	6
1546725114304	5
1546725114312	5
1546725114319	5
1546725114326	5
1546725114332	5
1546725114338	5
1546725173850	5
1546725173871	5
1546725173879	5
1546725173885	5
1546725173892	5
1546725173899	5
1546725233982	5
1546725234029	6
1546725234037	8
1546725234044	10
1546725234050	14
1546725234056	18
1546725234062	23
1546725303758	28
1546725303779	33
1546725303786	39
1546725303793	44
1546725303799	48
1546725303805	52
1546725363515	55
1546725363533	57
1546725363540	58
1546725363547	59
1546725363553	58
1546725363560	57
1546725433502	56
1546725433521	54
1546725433529	52
1546725433536	50
1546725433542	48
1546725433548	45
1546725433554	43
1546725493358	41
1546725493378	40
1546725493386	38
1546725493393	37
1546725493400	36
1546725493406	36
1546725553692	35
1546725553714	35
1546725553722	35
1546725553728	35
1546725553734	36
1546725553741	36
1546725553748	36
1546725623137	36
1546725623155	36
1546725623163	36
1546725623170	36
1546725623178	36
1546725623186	35
1546725683130	35
1546725683150	34
1546725683158	34
1546725683165	33
1546725683171	32
1546725683177	31
1546725753324	30
1546725753345	29
1546725753353	28
1546725753360	28
1546725753366	27
1546725753373	26
1546725753379	25
1546725812931	24
1546725812949	24
1546725812957	23
1546725812963	22
1546725812969	22
1546725812975	21
1546725873141	20
1546725873162	20
1546725873170	19
1546725873177	18
1546725873183	18
1546725873189	17
1546725873195	16
1546725943229	16
1546725943250	15
1546725943258	15
1546725943264	14
1546725943270	14
1546725943277	13
1546726002786	13
1546726002796	12
1546726002799	12
1546726002802	13
1546726002805	14
1546726002808	15
1546726072917	18
1546726072939	21
1546726072947	25
1546726072953	29
1546726072960	35
1546726072966	40
1546726072972	46
1546726132535	51
1546726132554	56
1546726132561	61
1546726132568	64
1546726132574	67
1546726132580	69
1546726192912	70
1546726192931	70
1546726192939	70
1546726192945	69
1546726192951	67
1546726192957	65
1546726192963	63
1546726262296	60
1546726262318	58
1546726262326	56
1546726262333	54
1546726262339	52
1546726262345	51
1546726322275	50
1546726322293	49
1546726322300	49
1546726322307	49
1546726322313	49
1546726322319	50
1546726392478	50
1546726392500	51
1546726392507	52
1546726392514	52
1546726392520	53
1546726392526	53
1546726392532	53
1546726452029	53
1546726452047	52
1546726452055	52
1546726452061	51
1546726452068	50
1546726452074	49
1546726512191	47
1546726512210	46
1546726512218	45
1546726512224	43
1546726512231	42
1546726512237	41
1546726512243	40
1546726582129	39
1546726582147	38
1546726582155	37
1546726582161	36
1546726582167	36
1546726582174	36
1546726642037	36
1546726642055	35
1546726642063	35
1546726642069	35
1546726642076	35
1546726642082	35
1546726711676	35
1546726711696	35
1546726711703	35
1546726711709	35
1546726711715	34
1546726711721	34
1546726711727	34
1546726771862	33
1546726771880	33
1546726771900	32
1546726771907	32
1546726771914	32
1546726771920	33
1546726831820	35
1546726831839	38
1546726831847	41
1546726831853	46
1546726831859	52
1546726831865	58
1546726831871	65
1546726901298	72
1546726901309	78
1546726901312	85
1546726901315	91
1546726901318	95
1546726901321	95
1546726961261	95
1546726961281	95
1546726961289	94
1546726961296	94
1546726961303	93
1546726961310	92
1546727031240	91
1546727031261	89
1546727031268	88
1546727031276	86
1546727031282	84
1546727031289	83
1546727031295	82
1546727091368	80
1546727091387	79
1546727091395	79
1546727091401	78
1546727091407	78
1546727091414	77
1546727151291	77
1546727151308	77
1546727151316	77
1546727151323	77
1546727151329	76
1546727151335	76
1546727151341	76
1546727221214	76
1546727221233	75
1546727221240	74
1546727221247	74
1546727221253	73
1546727221260	71
1546727280939	70
1546727280961	69
1546727280968	67
1546727280975	66
1546727280981	64
1546727280988	63
1546727350774	61
1546727350792	60
1546727350799	58
1546727350806	57
1546727350812	55
1546727350818	54
1546727350825	53
1546727410966	52
1546727410984	51
1546727410992	50
1546727410999	49
1546727411005	48
1546727411011	47
1546727470733	46
1546727470754	45
1546727470762	44
1546727470768	43
1546727470775	42
1546727470781	41
1546727470787	40
1546727540427	39
1546727540441	37
1546727540446	36
1546727540451	35
1546727540455	34
1546727540460	33
1546727600622	32
1546727600634	32
1546727600638	32
1546727600641	33
1546727600644	35
1546727600647	37
1546727670439	41
1546727670457	45
1546727670464	50
1546727670471	56
1546727670477	62
1546727670483	67
1546727670489	72
1546727730790	77
1546727730811	81
1546727730819	85
1546727730826	87
1546727730832	89
1546727730839	89
1546727790014	89
1546727790023	89
1546727790027	88
1546727790029	86
1546727790032	84
1546727790035	83
1546727790037	81
1546727860094	79
1546727860114	77
1546727860122	75
1546727860128	74
1546727860134	72
1546727860141	71
1546727920338	70
1546727920359	69
1546727920367	68
1546727920373	68
1546727920380	67
1546727920386	67
1546727989991	67
1546727990000	66
1546727990003	66
1546727990006	65
1546727990009	65
1546727990012	64
1546727990014	63
1546728049692	62
1546728049701	61
1546728049704	60
1546728049707	59
1546728049710	57
1546728049712	56
1546728110077	54
1546728110098	53
1546728110106	52
1546728110113	50
1546728110119	49
1546728110125	47
1546728110131	46
1546728179641	45
1546728179662	44
1546728179669	43
1546728179677	42
1546728179683	41
1546728179689	40
1546728240159	39
1546728240179	38
1546728240187	37
1546728240194	37
1546728240201	36
1546728240208	35
1546728309734	34
1546728309753	33
1546728309760	33
1546728309767	32
1546728309773	31
1546728309779	31
1546728309785	30
1546728369371	29
1546728369390	29
1546728369398	28
1546728369404	27
1546728369410	26
1546728369416	25
1546728429392	24
1546728429409	24
1546728429417	23
1546728429424	23
1546728429430	25
1546728429436	26
1546728429442	29
1546728499233	33
1546728499251	38
1546728499259	43
1546728499265	48
1546728499271	54
1546728499278	60
1546728559316	65
1546728559335	70
1546728559342	73
1546728559349	77
1546728559355	79
1546728559361	80
1546728629018	81
1546728629036	81
1546728629044	80
1546728629050	79
1546728629056	78
1546728629062	76
1546728629068	74
1546728688990	72
1546728689008	71
1546728689016	69
1546728689023	67
1546728689029	66
1546728689035	65
1546728749140	63
1546728749161	62
1546728749170	61
1546728749177	60
1546728749183	59
1546728749189	59
1546728749195	58
1546728819004	57
1546728819026	56
1546728819034	55
1546728819041	53
1546728819048	52
1546728819055	50
1546728878590	48
1546728878609	46
1546728878616	44
1546728878622	41
1546728878628	39
1546728878635	37
1546728948732	34
1546728948750	31
1546728948757	29
1546728948764	26
1546728948770	24
1546728948776	22
1546728948782	20
1546729008439	18
1546729008460	16
1546729008468	15
1546729008475	13
1546729008481	12
1546729008487	11
1546729068315	10
1546729068334	10
1546729068341	9
1546729068348	9
1546729068354	9
1546729068360	8
1546729068366	8
1546729138584	8
1546729138606	8
1546729138614	8
1546729138621	7
1546729138627	7
1546729138633	7
1546729198597	7
1546729198618	6
1546729198626	6
1546729198633	6
1546729198640	5
1546729198646	5
1546729268234	6
1546729268252	7
1546729268260	8
1546729268266	11
1546729268272	14
1546729268278	19
1546729268284	24
1546729328018	30
1546729328027	37
1546729328030	44
1546729328033	50
1546729328036	56
1546729328038	62
1546729388174	67
1546729388193	71
1546729388202	74
1546729388209	77
1546729388215	78
1546729388222	78
1546729388229	78
1546729458062	77
1546729458081	75
1546729458089	73
1546729458095	71
1546729458102	69
1546729458108	67
1546729517589	65
1546729517599	63
1546729517602	62
1546729517604	61
1546729517607	60
1546729517609	60
1546729587833	60
1546729587855	61
1546729587863	62
1546729587870	63
1546729587876	64
1546729587883	65
1546729587888	66
1546729647373	67
1546729647393	68
1546729647401	69
1546729647408	69
1546729647414	69
1546729647421	69
1546729707537	68
1546729707555	67
1546729707563	66
1546729707569	65
1546729707576	64
1546729707582	62
1546729707588	61
1546729777439	59
1546729777470	58
1546729777478	57
1546729777484	55
1546729777491	54
1546729777497	53
1546729837410	52
1546729837433	50
1546729837442	49
1546729837449	48
1546729837457	47
1546729837464	46
1546729907185	45
1546729907194	44
1546729907198	42
1546729907200	41
1546729907203	40
1546729907205	39
1546729907207	38
1546729967229	36
1546729967250	35
1546729967258	33
1546729967265	32
1546729967271	31
1546729967277	30
1546730026651	30
1546730026661	30
1546730026664	32
1546730026666	34
1546730026668	37
1546730026670	41
1546730026672	46
1546730097035	52
1546730097056	58
1546730097064	65
1546730097071	71
1546730097078	77
1546730097085	82
1546730156493	87
1546730156507	90
1546730156512	93
1546730156517	94
1546730156521	95
1546730156526	94
1546730226467	93
1546730226486	92
1546730226494	90
1546730226500	88
1546730226506	86
1546730226513	84
1546730226519	82
1546730286732	80
1546730286750	78
1546730286758	76
1546730286764	74
1546730286770	72
1546730286776	71
1546730346939	70
1546730346960	69
1546730346968	68
1546730346976	67
1546730346982	67
1546730346989	66
1546730346995	65
1546730416537	65
1546730416557	65
1546730416565	64
1546730416571	64
1546730416577	63
1546730416584	62
1546730476457	62
1546730476479	61
1546730476487	60
1546730476494	59
1546730476501	58
1546730476507	57
1546730546392	56
1546730546413	55
1546730546421	54
1546730546427	53
1546730546434	51
1546730546440	50
1546730546446	49
1546730606247	48
1546730606269	46
1546730606276	45
1546730606283	44
1546730606289	43
1546730606295	41
1546730665835	40
1546730665856	39
1546730665863	38
1546730665870	37
1546730665877	36
1546730665883	35
1546730665889	34
1546730735695	33
1546730735705	32
1546730735708	31
1546730735711	31
1546730735714	30
1546730735716	30
1546730795639	29
1546730795657	29
1546730795663	28
1546730795668	28
1546730795673	28
1546730795679	28
1546730865942	29
1546730865963	31
1546730865971	33
1546730865978	37
1546730865985	43
1546730865992	49
1546730865998	56
1546730925503	65
1546730925521	73
1546730925529	81
1546730925536	90
1546730925542	95
1546730925548	95
1546730985641	95
1546730985660	95
1546730985667	95
1546730985674	95
1546730985680	94
1546730985686	94
1546730985692	93
1546731055265	93
1546731055286	91
1546731055294	90
1546731055300	89
1546731055306	88
1546731055313	87
1546731115151	86
1546731115169	85
1546731115176	85
1546731115183	85
1546731115189	85
1546731115195	85
1546731184957	86
1546731184974	86
1546731184982	86
1546731184988	87
1546731184994	87
1546731185000	87
1546731185006	86
1546731244859	85
1546731244869	84
1546731244872	83
1546731244875	82
1546731244877	80
1546731244880	78
1546731305134	76
1546731305155	73
1546731305162	71
1546731305169	69
1546731305175	67
1546731305181	65
1546731305187	64
1546731374712	62
1546731374730	61
1546731374738	60
1546731374744	60
1546731374751	59
1546731374757	59
1546731434613	59
1546731434626	58
1546731434629	58
1546731434632	57
1546731434635	57
1546731434638	56
1546731504715	54
1546731504729	53
1546731504736	51
1546731504741	49
1546731504746	47
1546731504751	45
1546731504756	43
1546731564812	41
1546731564833	39
1546731564841	37
1546731564847	35
1546731564853	33
1546731564860	32
1546731624714	31
1546731624735	30
1546731624743	29
1546731624750	28
1546731624756	28
1546731624762	27
1546731624768	26
1546731694751	26
1546731694768	25
1546731694776	25
1546731694782	25
1546731694788	25
1546731694794	26
1546731754407	28
1546731754425	30
1546731754433	34
1546731754439	38
1546731754445	42
1546731754451	47
1546731824057	52
1546731824075	57
1546731824083	62
1546731824089	66
1546731824095	70
1546731824102	73
1546731824107	76
1546731883861	77
1546731883870	78
1546731883872	78
1546731883875	77
1546731883877	76
1546731883879	75
1546731943806	73
1546731943820	71
1546731943826	69
1546731943830	67
1546731943835	65
1546731943839	63
1546731943843	62
1546732013702	61
1546732013721	60
1546732013727	60
1546732013733	60
1546732013738	60
1546732013743	61
1546732074074	61
1546732074092	62
1546732074100	64
1546732074106	65
1546732074112	66
1546732074118	67
1546732143707	68
1546732143725	69
1546732143733	69
1546732143740	70
1546732143746	70
1546732143752	69
1546732143758	68
1546732203465	67
1546732203472	66
1546732203475	64
1546732203477	62
1546732203480	60
1546732203482	57
1546732263279	55
1546732263298	52
1546732263306	49
1546732263314	47
1546732263321	44
1546732263328	41
1546732263335	39
1546732333616	37
1546732333635	34
1546732333643	32
1546732333649	30
1546732333655	28
1546732333662	26
1546732393248	25
1546732393270	23
1546732393278	22
1546732393285	20
1546732393291	19
1546732393298	18
1546732463131	17
1546732463151	16
1546732463159	15
1546732463165	14
1546732463171	13
1546732463177	12
1546732463183	11
1546732522932	11
1546732522950	12
1546732522957	13
1546732522964	15
1546732522970	19
1546732522976	23
1546732583133	29
1546732583151	35
1546732583159	42
1546732583165	50
1546732583171	58
1546732583177	65
1546732583183	72
1546732652678	79
1546732652691	84
1546732652697	89
1546732652702	92
1546732652707	94
1546732652711	95
1546732712650	95
1546732712671	94
1546732712679	92
1546732712685	90
1546732712691	88
1546732712698	86
1546732782577	83
1546732782593	81
1546732782599	78
1546732782604	76
1546732782609	75
1546732782614	73
1546732782618	73
1546732842448	72
1546732842471	73
1546732842480	74
1546732842486	75
1546732842492	78
1546732842498	80
1546732902389	83
1546732902407	87
1546732902415	90
1546732902421	94
1546732902427	95
1546732902433	95
1546732902439	95
1546732972269	95
1546732972287	95
1546732972294	95
1546732972301	94
1546732972307	94
1546732972313	93
1546733032217	91
1546733032235	89
1546733032243	87
1546733032249	84
1546733032255	81
1546733032261	78
1546733102096	75
1546733102113	72
1546733102120	69
1546733102126	66
1546733102132	63
1546733102139	61
1546733102145	59
1546733162443	56
1546733162464	54
1546733162472	51
1546733162479	49
1546733162485	47
1546733162492	44
1546733221895	42
1546733221904	39
1546733221907	37
1546733221909	35
1546733221912	33
1546733221915	31
1546733221917	29
1546733291931	28
1546733291952	28
1546733291960	29
1546733291967	31
1546733291973	34
1546733291979	38
1546733352128	44
1546733352150	50
1546733352158	58
1546733352165	66
1546733352171	75
1546733352177	83
1546733422403	91
1546733422421	95
1546733422429	95
1546733422435	95
1546733422441	95
1546733422447	95
1546733422453	94
1546733481555	93
1546733481576	92
1546733481583	91
1546733481587	89
1546733481593	87
1546733481597	86
1546733541733	85
1546733541751	84
1546733541758	84
1546733541764	84
1546733541771	85
1546733541777	86
1546733541783	87
1546733611420	88
1546733611511	89
1546733611519	91
1546733611526	91
1546733611532	92
1546733611539	92
1546733671225	91
1546733671234	91
1546733671238	89
1546733671241	88
1546733671244	86
1546733671246	83
1546733741170	81
1546733741188	78
1546733741196	75
1546733741202	71
1546733741208	68
1546733741214	64
1546733741219	61
1546733801071	57
1546733801090	54
1546733801098	50
1546733801105	47
1546733801112	45
1546733801119	42
1546733861405	41
1546733861426	39
1546733861434	38
1546733861440	37
1546733861447	37
1546733861453	37
1546733861459	37
1546733930983	37
1546733931001	37
1546733931009	38
1546733931016	38
1546733931023	38
1546733931029	37
1546733991110	37
1546733991128	36
1546733991136	35
1546733991142	33
1546733991148	31
1546733991154	29
1546734060718	27
1546734060735	25
1546734060743	22
1546734060749	20
1546734060755	17
1546734060761	15
1546734060767	14
1546734120573	13
1546734120587	13
1546734120592	14
1546734120597	16
1546734120601	19
1546734120606	23
1546734180535	28
1546734180553	33
1546734180560	38
1546734180567	43
1546734180573	47
1546734180579	51
1546734180585	55
1546734250445	57
1546734250464	59
1546734250472	60
1546734250478	60
1546734250485	59
1546734250492	58
1546734310348	56
1546734310357	53
1546734310361	51
1546734310364	48
1546734310367	45
1546734310369	43
1546734380259	41
1546734380272	40
1546734380278	39
1546734380282	39
1546734380287	39
1546734380292	40
1546734380296	42
1546734440197	44
1546734440219	47
1546734440228	49
1546734440235	52
1546734440243	55
1546734440250	58
1546734500188	60
1546734500206	61
1546734500213	62
1546734500220	62
1546734500226	61
1546734500233	59
1546734500239	56
1546734570364	53
1546734570386	50
1546734570394	46
1546734570401	42
1546734570408	38
1546734570414	34
1546734630223	31
1546734630241	28
1546734630249	25
1546734630256	23
1546734630262	21
1546734630268	20
1546734700160	19
1546734700178	18
1546734700186	17
1546734700193	17
1546734700199	17
1546734700205	16
1546734700211	16
1546734759714	17
1546734759736	17
1546734759744	17
1546734759752	17
1546734759758	17
1546734759766	17
1546734819992	17
1546734820013	17
1546734820021	17
1546734820028	17
1546734820034	17
1546734820040	17
1546734820046	17
1546734889739	17
1546734889757	17
1546734889765	17
1546734889771	18
1546734889777	19
1546734889783	20
1546734949645	23
1546734949663	25
1546734949670	29
1546734949677	32
1546734949683	37
1546734949689	41
1546735019390	45
1546735019405	49
1546735019411	53
1546735019415	56
1546735019420	59
1546735019425	61
1546735019429	63
1546735079465	64
1546735079484	64
1546735079491	63
1546735079498	63
1546735079504	62
1546735079510	60
1546735139020	59
1546735139029	57
1546735139032	55
1546735139035	53
1546735139038	52
1546735139040	50
1546735139043	49
1546735209217	48
1546735209235	47
1546735209243	46
1546735209250	45
1546735209256	45
1546735209262	44
1546735268918	44
1546735268937	44
1546735268945	44
1546735268951	44
1546735268958	44
1546735268964	44
1546735339055	43
1546735339068	43
1546735339071	43
1546735339075	42
1546735339078	42
1546735339081	41
1546735339083	40
1546735399212	39
1546735399233	38
1546735399241	37
1546735399248	36
1546735399255	35
1546735399262	34
1546735458999	32
1546735459016	31
1546735459024	30
1546735459030	28
1546735459036	27
1546735459042	26
1546735459048	25
1546735528777	24
1546735528796	23
1546735528803	22
1546735528809	21
1546735528815	20
1546735528821	20
1546735588446	19
1546735588459	18
1546735588462	18
1546735588465	18
1546735588468	17
1546735588471	17
1546735658239	17
1546735658249	16
1546735658252	16
1546735658255	15
1546735658257	15
1546735658260	14
1546735658262	14
1546735718605	13
1546735718619	14
1546735718624	14
1546735718629	16
1546735718633	17
1546735718638	20
1546735778112	24
1546735778130	28
1546735778137	32
1546735778143	37
1546735778149	42
1546735778156	47
1546735778162	51
1546735848507	55
1546735848526	58
1546735848533	61
1546735848540	62
1546735848547	63
1546735848553	64
1546735907896	63
1546735907915	62
1546735907924	61
1546735907931	59
1546735907937	57
1546735907944	55
1546735977738	53
1546735977748	51
1546735977751	49
1546735977754	47
1546735977756	45
1546735977759	44
1546735977761	42
1546736037929	41
1546736037949	40
1546736037957	39
1546736037963	38
1546736037969	37
1546736037976	36
1546736098022	36
1546736098043	35
1546736098050	34
1546736098057	34
1546736098063	33
1546736098070	33
1546736098076	32
1546736167380	31
1546736167390	31
1546736167393	30
1546736167396	29
1546736167399	28
1546736167401	27
1546736227494	26
1546736227515	25
1546736227523	24
1546736227530	23
1546736227536	22
1546736227557	21
1546736297722	20
1546736297740	19
1546736297747	18
1546736297753	18
1546736297759	17
1546736297766	16
1546736297771	16
1546736357326	15
1546736357347	15
1546736357355	14
1546736357362	14
1546736357368	13
1546736357375	13
1546736417324	12
1546736417343	12
1546736417350	11
1546736417356	11
1546736417362	10
1546736417369	10
1546736417374	10
1546736487411	11
1546736487434	12
1546736487443	15
1546736487451	18
1546736487458	21
1546736487465	25
1546736546797	30
1546736546811	35
1546736546816	41
1546736546821	46
1546736546825	51
1546736546830	55
1546736617022	59
1546736617040	62
1546736617048	64
1546736617055	66
1546736617061	67
1546736617067	67
1546736617073	67
1546736676610	66
1546736676628	64
1546736676635	63
1546736676640	60
1546736676646	58
1546736676651	56
1546736736500	53
1546736736517	50
1546736736523	47
1546736736529	45
1546736736534	42
1546736736540	40
1546736736545	38
1546736806681	37
1546736806699	35
1546736806707	34
1546736806713	34
1546736806719	34
1546736806725	34
1546736866201	34
1546736866211	35
1546736866214	35
1546736866217	36
1546736866219	37
1546736866222	39
1546736936185	40
1546736936203	41
1546736936210	42
1546736936218	43
1546736936225	44
1546736936232	45
1546736936238	46
1546736995985	47
1546736995999	48
1546736996004	48
1546736996009	48
1546736996013	48
1546736996018	48
1546737056025	47
1546737056045	46
1546737056053	45
1546737056059	44
1546737056066	42
1546737056072	40
1546737056078	38
1546737126254	36
1546737126275	33
1546737126283	31
1546737126290	29
1546737126297	26
1546737126303	24
1546737186173	22
1546737186194	21
1546737186202	21
1546737186208	21
1546737186215	23
1546737186221	25
1546737255826	29
1546737255836	34
1546737255839	39
1546737255842	45
1546737255845	51
1546737255847	57
1546737255850	63
1546737315829	68
1546737315848	72
1546737315857	76
1546737315864	78
1546737315872	80
1546737315879	81
1546737375870	81
1546737375892	80
1546737375899	79
1546737375906	77
1546737375912	75
1546737375918	72
1546737375924	70
1546737445625	67
1546737445643	65
1546737445651	62
1546737445657	60
1546737445663	58
1546737445670	56
1546737505270	55
1546737505285	53
1546737505292	52
1546737505298	51
1546737505303	50
1546737505309	50
1546737575054	50
1546737575064	49
1546737575067	49
1546737575069	49
1546737575072	49
1546737575074	49
1546737575077	49
1546737635032	48
1546737635050	48
1546737635057	47
1546737635064	46
1546737635070	45
1546737635076	44
1546737695191	42
1546737695209	40
1546737695217	39
1546737695223	37
1546737695229	35
1546737695235	33
1546737695241	31
1546737765288	29
1546737765309	28
1546737765317	26
1546737765324	24
1546737765330	22
1546737765337	21
1546737825053	19
1546737825074	18
1546737825082	16
1546737825088	15
1546737825095	14
1546737825101	13
1546737894843	12
1546737894861	11
1546737894868	11
1546737894875	10
1546737894881	11
1546737894887	12
1546737894893	14
1546737954467	17
1546737954485	22
1546737954492	27
1546737954498	33
1546737954503	39
1546737954509	46
1546738014479	53
1546738014505	59
1546738014515	65
1546738014524	70
1546738014533	75
1546738014543	78
1546738014552	80
1546738084331	81
1546738084350	81
1546738084357	80
1546738084363	79
1546738084369	77
1546738084376	75
1546738144164	72
1546738144182	70
1546738144189	68
1546738144196	65
1546738144202	63
1546738144208	61
1546738214303	60
1546738214321	58
1546738214329	57
1546738214335	56
1546738214341	56
1546738214347	55
1546738214353	54
1546738274200	54
1546738274219	53
1546738274226	53
1546738274232	52
1546738274239	51
1546738274245	50
1546738334261	49
1546738334279	48
1546738334286	46
1546738334293	45
1546738334299	43
1546738334305	42
1546738334311	40
1546738403643	38
1546738403663	37
1546738403672	35
1546738403680	34
1546738403687	33
1546738403694	32
1546738463633	31
1546738463654	30
1546738463661	29
1546738463667	28
1546738463673	27
1546738463680	27
1546738533562	26
1546738533580	25
1546738533588	24
1546738533594	23
1546738533601	21
1546738533607	20
1546738533613	19
1546738593754	17
1546738593772	16
1546738593780	14
1546738593786	13
1546738593792	11
1546738593799	10
1546738653279	9
1546738653297	9
1546738653306	9
1546738653312	10
1546738653318	13
1546738653324	16
1546738653330	21
1546738723079	27
1546738723093	33
1546738723098	40
1546738723102	47
1546738723107	54
1546738723112	60
1546738783059	66
1546738783081	71
1546738783089	75
1546738783096	78
1546738783103	80
1546738783110	80
1546738852867	80
1546738852878	79
1546738852881	77
1546738852884	75
1546738852887	72
1546738852890	70
1546738852893	67
1546738912993	64
1546738913012	61
1546738913020	59
1546738913027	56
1546738913033	54
1546738913039	52
1546738972785	51
1546738972803	49
1546738972811	48
1546738972817	47
1546738972823	46
1546738972829	45
1546738972835	44
1546739042581	44
1546739042595	43
1546739042601	42
1546739042606	42
1546739042610	41
1546739042614	40
1546739102600	39
1546739102617	38
1546739102622	37
1546739102627	36
1546739102632	34
1546739102636	32
1546739172688	30
1546739172706	29
1546739172713	26
1546739172720	24
1546739172726	22
1546739172732	20
1546739172738	18
1546739232273	16
1546739232282	14
1546739232285	13
1546739232288	11
1546739232290	10
1546739232293	9
1546739292204	9
1546739292213	8
1546739292216	8
1546739292219	8
1546739292222	8
1546739292224	8
1546739292227	8
1546739362365	9
1546739362383	9
1546739362391	9
1546739362397	9
1546739362403	9
1546739362410	10
1546739422386	11
1546739422405	13
1546739422412	16
1546739422418	19
1546739422424	24
1546739422430	30
1546739492395	36
1546739492418	43
1546739492426	50
1546739492433	57
1546739492439	65
1546739492446	71
1546739492452	77
1546739551939	81
1546739551961	85
1546739551968	87
1546739551975	89
1546739551982	89
1546739551988	88
1546739611982	87
1546739612000	85
1546739612008	82
1546739612014	79
1546739612020	77
1546739612026	74
1546739612032	71
1546739681609	68
1546739681631	66
1546739681639	63
1546739681647	61
1546739681653	60
1546739681661	59
1546739741747	58
1546739741765	57
1546739741772	57
1546739741779	57
1546739741785	57
1546739741791	58
1546739811529	58
1546739811547	58
1546739811554	58
1546739811561	58
1546739811567	58
1546739811573	57
1546739811579	56
1546739871545	55
1546739871563	53
1546739871571	51
1546739871577	49
1546739871583	47
1546739871590	45
1546739931241	42
1546739931253	39
1546739931257	37
1546739931260	34
1546739931263	32
1546739931266	30
1546739931269	28
1546740001170	26
1546740001191	25
1546740001199	23
1546740001205	22
1546740001212	22
1546740001219	21
1546740060901	21
1546740060911	21
1546740060914	21
1546740060916	20
1546740060919	20
1546740060921	20
1546740131403	20
1546740131425	20
1546740131433	20
1546740131440	19
1546740131447	19
1546740131453	19
1546740131459	20
1546740191111	22
1546740191132	24
1546740191140	28
1546740191147	33
1546740191154	39
1546740191161	46
1546740250999	53
1546740251017	61
1546740251025	69
1546740251031	76
1546740251037	83
1546740251043	89
1546740251049	94
1546740320768	95
1546740320786	95
1546740320794	95
1546740320801	94
1546740320807	94
1546740320814	93
1546740380733	92
1546740380752	90
1546740380760	88
1546740380766	85
1546740380772	83
1546740380779	80
1546740450686	78
1546740450704	75
1546740450711	73
1546740450719	70
1546740450725	68
1546740450731	66
1546740450736	64
1546740510269	62
1546740510286	60
1546740510292	59
1546740510297	58
1546740510302	57
1546740510307	56
1546740570587	55
1546740570610	55
1546740570618	54
1546740570625	54
1546740570631	53
1546740570637	52
1546740570643	51
1546740640268	50
1546740640277	49
1546740640280	48
1546740640283	46
1546740640285	44
1546740640288	43
1546740700291	41
1546740700310	39
1546740700317	37
1546740700324	35
1546740700330	34
1546740700336	32
1546740769939	30
1546740769965	29
1546740769976	27
1546740769986	26
1546740769995	25
1546740770005	24
1546740770014	23
1546740830009	22
1546740830023	21
1546740830029	20
1546740830034	19
1546740830039	18
1546740830044	17
1546740889701	16
1546740889715	15
1546740889720	14
1546740889725	13
1546740889729	12
1546740889733	11
1546740889738	10
1546740959699	9
1546740959717	8
1546740959725	8
1546740959732	8
1546740959738	9
1546740959744	12
1546741019943	15
1546741019961	20
1546741019969	26
1546741019975	32
1546741019981	40
1546741019988	47
1546741089393	55
1546741089406	62
1546741089411	69
1546741089416	74
1546741089421	79
1546741089425	82
1546741089430	85
1546741149337	86
1546741149351	86
1546741149356	86
1546741149361	84
1546741149365	82
1546741149370	80
1546741209227	77
1546741209247	74
1546741209257	72
1546741209263	69
1546741209269	66
1546741209274	64
1546741209279	62
1546741279173	59
1546741279189	58
1546741279196	56
1546741279201	54
1546741279206	53
1546741279212	52
1546741339405	51
1546741339424	50
1546741339431	49
1546741339438	49
1546741339444	48
1546741339450	48
1546741409385	48
1546741409403	47
1546741409410	47
1546741409416	46
1546741409422	45
1546741409428	44
1546741409434	43
1546741468831	42
1546741468840	40
1546741468843	39
1546741468846	37
1546741468849	36
1546741468851	34
1546741529106	32
1546741529124	31
1546741529132	29
1546741529138	27
1546741529144	26
1546741529150	24
1546741529156	23
1546741598712	21
1546741598726	20
1546741598732	19
1546741598736	18
1546741598741	16
1546741598746	15
1546741658637	14
1546741658652	13
1546741658659	12
1546741658664	11
1546741658669	10
1546741658675	9
1546741728882	8
1546741728900	7
1546741728908	6
1546741728915	5
1546741728922	5
1546741728928	5
1546741728934	5
1546741788430	5
1546741788441	5
1546741788444	5
1546741788446	5
1546741788449	5
1546741788451	5
1546741848418	5
1546741848437	5
1546741848444	7
1546741848450	9
1546741848456	12
1546741848462	16
1546741848468	22
1546741918253	28
1546741918271	35
1546741918280	42
1546741918287	49
1546741918294	56
1546741918301	62
1546741978126	68
1546741978139	73
1546741978145	77
1546741978149	79
1546741978154	81
1546741978158	82
1546742048044	81
1546742048059	80
1546742048064	79
1546742048069	77
1546742048073	75
1546742048078	72
1546742048082	70
1546742108185	67
1546742108207	65
1546742108215	63
1546742108222	61
1546742108229	59
1546742108236	58
1546742167921	57
1546742167958	55
1546742167966	54
1546742167972	54
1546742167978	53
1546742167984	52
1546742167990	52
1546742238179	52
1546742238201	52
1546742238210	51
1546742238217	51
1546742238224	51
1546742238231	50
1546742297698	50
1546742297713	49
1546742297720	48
1546742297725	47
1546742297730	46
1546742297736	45
1546742367696	43
1546742367717	42
1546742367725	40
1546742367732	39
1546742367739	37
1546742367746	36
1546742367751	34
1546742427952	33
1546742427974	31
1546742427981	30
1546742427988	28
1546742427994	27
1546742428000	26
1546742487559	25
1546742487577	24
1546742487584	23
1546742487591	22
1546742487597	21
1546742487603	20
1546742487609	19
1546742557561	18
1546742557579	17
1546742557587	16
1546742557593	15
1546742557599	14
1546742557605	13
1546742617616	12
1546742617634	11
1546742617641	10
1546742617648	9
1546742617654	9
1546742617660	8
1546742687608	7
1546742687629	6
1546742687637	5
1546742687643	5
1546742687649	5
1546742687655	5
1546742687661	5
1546742747529	5
1546742747550	5
1546742747558	5
1546742747565	7
1546742747571	9
1546742747578	13
1546742807506	17
1546742807527	23
1546742807535	29
1546742807542	37
1546742807548	44
1546742807555	51
1546742807561	58
1546742877405	64
1546742877420	69
1546742877427	72
1546742877432	75
1546742877437	77
1546742877442	77
1546742936814	77
1546742936828	75
1546742936833	73
1546742936838	70
1546742936842	67
1546742936847	63
1546743007053	59
1546743007072	56
1546743007080	52
1546743007086	48
1546743007092	45
1546743007099	42
1546743007105	39
1546743066610	36
1546743066621	33
1546743066624	31
1546743066627	29
1546743066629	27
1546743066632	26
1546743126874	25
1546743126892	24
1546743126900	23
1546743126906	22
1546743126913	22
1546743126919	22
1546743126925	22
1546743196919	21
1546743196939	21
1546743196947	20
1546743196953	20
1546743196959	19
1546743196966	18
1546743257131	17
1546743257152	16
1546743257159	14
1546743257166	12
1546743257172	11
1546743257178	9
1546743326280	7
1546743326300	5
1546743326308	5
1546743326315	5
1546743326322	5
1546743326329	5
1546743326335	5
1546743386322	5
1546743386341	5
1546743386348	5
1546743386355	5
1546743386361	5
1546743386367	5
1546743446123	5
1546743446136	5
1546743446142	5
1546743446147	5
1546743446151	5
1546743446156	5
1546743446160	5
1546743516355	5
1546743516375	5
1546743516384	5
1546743516391	5
1546743516398	5
1546743516405	5
1546743575899	5
1546743575909	5
1546743575912	5
1546743575915	5
1546743575917	5
1546743575920	5
1546743646149	5
1546743646171	5
1546743646181	5
1546743646190	7
1546743646198	9
1546743646208	12
1546743646216	16
1546743706183	21
1546743706205	26
1546743706213	31
1546743706219	37
1546743706225	43
1546743706231	48
1546743765828	53
1546743765846	57
1546743765853	60
1546743765860	62
1546743765866	64
1546743765872	64
1546743765878	64
1546743835669	63
1546743835687	62
1546743835695	60
1546743835701	57
1546743835707	55
1546743835713	52
1546743895921	49
1546743895942	46
1546743895949	44
1546743895956	41
1546743895963	39
1546743895969	37
1546743965636	35
1546743965650	34
1546743965656	33
1546743965662	32
1546743965666	32
1546743965671	32
1546743965676	33
1546744025363	34
1546744025382	34
1546744025389	35
1546744025396	36
1546744025402	37
1546744025408	38
1546744085630	39
1546744085648	39
1546744085655	39
1546744085662	39
1546744085667	39
1546744085674	39
1546744085680	38
1546744155413	38
1546744155431	37
1546744155439	36
1546744155446	36
1546744155452	35
1546744155458	34
1546744214975	34
1546744214985	33
1546744214988	33
1546744214991	33
1546744214993	32
1546744214996	32
1546744285252	32
1546744285271	32
1546744285278	33
1546744285285	33
1546744285291	33
1546744285297	34
1546744285303	34
1546744344912	34
1546744344930	35
1546744344938	35
1546744344944	35
1546744344951	36
1546744344957	37
1546744404733	38
1546744404746	40
1546744404752	43
1546744404758	47
1546744404763	51
1546744404768	56
1546744404772	62
1546744474782	68
1546744474798	74
1546744474805	81
1546744474810	87
1546744474816	92
1546744474821	95
1546744534524	95
1546744534538	95
1546744534544	95
1546744534548	95
1546744534553	95
1546744534557	95
1546744604500	94
1546744604517	94
1546744604525	93
1546744604531	92
1546744604537	91
1546744604543	90
1546744604549	89
1546744664475	87
1546744664498	86
1546744664507	85
1546744664514	84
1546744664522	83
1546744664529	83
1546744724439	82
1546744724458	81
1546744724466	81
1546744724473	81
1546744724479	80
1546744724485	80
1546744724491	79
1546744794516	78
1546744794535	78
1546744794542	77
1546744794549	76
1546744794555	75
1546744794561	74
1546744854292	73
1546744854301	71
1546744854304	70
1546744854307	69
1546744854310	67
1546744854312	66
1546744924452	65
1546744924473	63
1546744924481	62
1546744924489	61
1546744924495	60
1546744924501	59
1546744924507	59
1546744984052	58
1546744984070	57
1546744984078	57
1546744984084	56
1546744984090	56
1546744984096	55
1546745044201	55
1546745044220	54
1546745044227	54
1546745044234	53
1546745044240	53
1546745044246	52
1546745044252	52
1546745114023	52
1546745114041	52
1546745114048	53
1546745114054	54
1546745114061	56
1546745114067	59
1546745174009	62
1546745174027	65
1546745174035	68
1546745174041	72
1546745174047	75
1546745174053	79
1546745243603	81
1546745243621	84
1546745243630	85
1546745243637	87
1546745243644	87
1546745243651	87
1546745243657	87
1546745303769	86
1546745303778	85
1546745303781	84
1546745303784	82
1546745303786	80
1546745303788	79
1546745363492	77
1546745363510	75
1546745363519	74
1546745363525	72
1546745363531	71
1546745363537	70
1546745363543	69
1546745433650	68
1546745433668	67
1546745433676	67
1546745433683	67
1546745433689	66
1546745433695	66
1546745493937	66
1546745493959	66
1546745493968	66
1546745493975	66
1546745493982	66
1546745493989	65
1546745563391	65
1546745563410	64
1546745563417	63
1546745563424	62
1546745563430	61
1546745563436	60
1546745563442	59
1546745623615	58
1546745623635	57
1546745623643	56
1546745623650	55
1546745623656	53
1546745623663	52
1546745683302	51
1546745683321	50
1546745683328	49
1546745683335	48
1546745683341	47
1546745683347	47
1546745683353	46
1546745752999	45
1546745753045	44
1546745753052	44
1546745753058	43
1546745753064	42
1546745753071	42
1546745813256	41
1546745813277	40
1546745813285	40
1546745813293	39
1546745813299	38
1546745813306	38
1546745883089	37
1546745883107	37
1546745883114	38
1546745883120	38
1546745883126	40
1546745883132	42
1546745883138	45
1546745942934	48
1546745942952	52
1546745942960	57
1546745942966	62
1546745942973	66
1546745942979	71
1546746002559	75
1546746002578	78
1546746002586	81
1546746002593	83
1546746002600	85
1546746002607	86
1546746002613	86
1546746072553	85
1546746072571	84
1546746072579	83
1546746072585	81
1546746072592	80
1546746072598	78
1546746132389	76
1546746132407	74
1546746132415	72
1546746132421	71
1546746132427	69
1546746132433	68
1546746202599	67
1546746202617	66
1546746202625	66
1546746202632	66
1546746202638	66
1546746202644	66
1546746202649	66
1546746262264	66
1546746262282	66
1546746262289	67
1546746262296	67
1546746262302	67
1546746262308	66
1546746322127	66
1546746322144	65
1546746322152	64
1546746322158	63
1546746322164	62
1546746322170	61
1546746322176	60
1546746392387	58
1546746392408	57
1546746392416	56
1546746392422	54
1546746392429	53
1546746392436	52
1546746451881	51
1546746451890	50
1546746451893	48
1546746451896	47
1546746451898	46
1546746451901	46
1546746521889	45
1546746521910	44
1546746521918	43
1546746521924	42
1546746521930	42
1546746521936	41
1546746521942	40
1546746581656	40
1546746581669	39
1546746581674	38
1546746581679	38
1546746581684	37
1546746581689	36
1546746641558	35
1546746641567	35
1546746641570	34
1546746641573	33
1546746641575	33
1546746641578	32
1546746641580	31
1546746711508	30
1546746711526	29
1546746711533	29
1546746711540	28
1546746711546	29
1546746711552	30
1546746771735	31
1546746771754	34
1546746771761	37
1546746771768	41
1546746771774	46
1546746771780	51
1546746841875	56
1546746841897	61
1546746841905	66
1546746841913	70
1546746841920	74
1546746841927	77
1546746841933	79
1546746901187	80
1546746901196	80
1546746901199	80
1546746901201	78
1546746901204	77
1546746901206	74
1546746961350	72
1546746961364	69
1546746961369	67
1546746961374	64
1546746961378	62
1546746961383	59
1546746961387	57
1546747031015	56
1546747031031	54
1546747031038	54
1546747031043	53
1546747031048	53
1546747031054	53
1546747090948	53
1546747090966	53
1546747090974	54
1546747090980	54
1546747090986	55
1546747090992	55
1546747161252	55
1546747161270	55
1546747161277	55
1546747161283	54
1546747161290	53
1546747161296	52
1546747161302	51
1546747220729	49
1546747220740	48
1546747220743	46
1546747220746	45
1546747220749	43
1546747220751	41
1546747280730	40
1546747280747	39
1546747280755	37
1546747280761	36
1546747280767	35
1546747280773	34
1546747280779	34
1546747351000	33
1546747351021	32
1546747351029	31
1546747351037	31
1546747351043	30
1546747351050	30
1546747410404	29
1546747410414	28
1546747410417	28
1546747410420	27
1546747410423	27
1546747410425	26
1546747480685	25
1546747480705	25
1546747480713	24
1546747480720	23
1546747480727	23
1546747480733	22
1546747480738	21
1546747540651	20
1546747540672	19
1546747540680	18
1546747540686	17
1546747540692	17
1546747540698	16
1546747600562	15
1546747600583	14
1546747600590	13
1546747600597	13
1546747600603	14
1546747600610	15
1546747600616	17
1546747670391	20
1546747670409	24
1546747670417	29
1546747670423	34
1546747670429	40
1546747670435	45
1546747730324	51
1546747730346	56
1546747730354	60
1546747730362	63
1546747730369	66
1546747730376	67
1546747800208	67
1546747800228	67
1546747800237	65
1546747800243	63
1546747800250	60
1546747800257	57
1546747800264	54
1546747860170	51
1546747860191	47
1546747860198	44
1546747860206	41
1546747860212	39
1546747860218	37
1546747919720	36
1546747919741	35
1546747919749	35
1546747919755	35
1546747919762	36
1546747919768	37
1546747919772	38
1546747989866	39
1546747989887	40
1546747989895	41
1546747989903	43
1546747989909	43
1546747989916	44
1546748049549	44
1546748049570	44
1546748049578	43
1546748049584	42
1546748049591	41
1546748049597	39
1546748119781	38
1546748119803	35
1546748119810	33
1546748119818	31
1546748119824	28
1546748119831	26
1546748119836	24
1546748179253	21
1546748179283	19
1546748179291	17
1546748179297	15
1546748179303	12
1546748179309	10
1546748239592	8
1546748239610	7
1546748239618	5
1546748239625	5
1546748239631	5
1546748239637	5
1546748239643	5
1546748309150	5
1546748309170	5
1546748309178	5
1546748309185	5
1546748309191	5
1546748309197	5
1546748369438	5
1546748369461	5
1546748369468	5
1546748369475	5
1546748369481	5
1546748369487	5
1546748438853	5
1546748438862	5
1546748438865	5
1546748438868	5
1546748438870	5
1546748438873	5
1546748438875	5
1546748498949	5
1546748498963	5
1546748498968	5
1546748498973	6
1546748498978	8
1546748498982	10
1546748559091	12
1546748559109	15
1546748559117	19
1546748559123	23
1546748559129	27
1546748559135	31
1546748559141	34
1546748628938	38
1546748628956	40
1546748628964	43
1546748628971	44
1546748628977	45
1546748628983	46
1546748688931	45
1546748688953	44
1546748688961	43
1546748688968	42
1546748688974	40
1546748688980	38
1546748758428	36
1546748758444	34
1546748758451	33
1546748758457	32
1546748758462	31
1546748758467	31
1546748758472	31
1546748818324	32
1546748818342	33
1546748818349	34
1546748818355	36
1546748818361	38
1546748818367	39
1546748878279	41
1546748878298	42
1546748878305	43
1546748878311	44
1546748878317	44
1546748878323	45
1546748878329	44
1546748948500	44
1546748948519	43
1546748948526	42
1546748948532	41
1546748948538	40
1546748948544	38
1546749008364	37
1546749008383	35
1546749008390	34
1546749008397	32
1546749008403	31
1546749008409	30
1546749078300	29
1546749078313	28
1546749078317	27
1546749078320	26
1546749078322	26
1546749078325	25
1546749078327	25
1546749137843	24
1546749137852	24
1546749137856	23
1546749137858	23
1546749137861	23
1546749137864	22
1546749198043	22
1546749198064	22
1546749198072	21
1546749198079	21
1546749198085	20
1546749198092	20
1546749198098	20
1546749267706	19
1546749267722	19
1546749267728	18
1546749267734	18
1546749267739	18
1546749267745	17
1546749327601	17
1546749327609	16
1546749327611	16
1546749327613	16
1546749327615	17
1546749327617	18
1546749397509	20
1546749397528	22
1546749397536	25
1546749397543	29
1546749397549	32
1546749397556	36
1546749397561	40
1546749457422	44
1546749457440	47
1546749457447	49
1546749457454	51
1546749457460	52
1546749457466	53
1546749517361	53
1546749517379	52
1546749517386	50
1546749517392	48
1546749517399	46
1546749517405	43
1546749517411	40
1546749587304	37
1546749587325	35
1546749587334	32
1546749587341	30
1546749587348	28
1546749587355	27
1546749647082	27
1546749647091	26
1546749647093	27
1546749647095	27
1546749647098	28
1546749647099	30
1546749717349	31
1546749717368	32
1546749717375	34
1546749717381	35
1546749717387	36
1546749717394	36
1546749717400	36
1546749776918	36
1546749776927	36
1546749776930	35
1546749776932	34
1546749776934	33
1546749776936	32
1546749836937	30
1546749836961	29
1546749836968	27
1546749836975	26
1546749836981	24
1546749836988	23
1546749836994	22
1546749907188	21
1546749907209	20
1546749907217	19
1546749907225	19
1546749907231	18
1546749907237	18
1546749966692	18
1546749966701	17
1546749966705	17
1546749966707	17
1546749966709	17
1546749966712	17
1546750036632	17
1546750036652	17
1546750036660	17
1546750036667	17
1546750036673	16
1546750036680	16
1546750036685	16
1546750096916	15
1546750096934	15
1546750096941	14
1546750096947	14
1546750096953	13
1546750096960	13
1546750156804	13
1546750156826	13
1546750156833	13
1546750156840	15
1546750156847	16
1546750156853	19
1546750156859	22
1546750226269	25
1546750226279	29
1546750226282	33
1546750226284	37
1546750226287	40
1546750226289	43
1546750286575	46
1546750286593	47
1546750286601	49
1546750286607	49
1546750286614	48
1546750286620	47
1546750356423	45
1546750356441	43
1546750356449	40
1546750356455	37
1546750356461	34
1546750356467	31
1546750356473	28
1546750416365	26
1546750416374	23
1546750416377	22
1546750416380	21
1546750416383	20
1546750416385	20
1546750476272	20
1546750476293	21
1546750476300	22
1546750476306	24
1546750476313	26
1546750476319	27
1546750476325	29
1546750546010	30
1546750546029	31
1546750546037	32
1546750546044	32
1546750546050	32
1546750546056	32
1546750605835	32
1546750605853	31
1546750605861	30
1546750605867	28
1546750605873	27
1546750605879	25
1546750676116	24
1546750676137	22
1546750676145	21
1546750676152	20
1546750676159	19
1546750676165	18
1546750676171	17
1546750735875	16
1546750735894	15
1546750735901	14
1546750735907	14
1546750735913	13
1546750735919	13
1546750795911	12
1546750795933	11
1546750795941	11
1546750795948	10
1546750795954	10
1546750795961	9
1546750795967	8
1546750865874	8
1546750865895	7
1546750865903	7
1546750865909	6
1546750865916	6
1546750865923	5
1546750925417	5
1546750925439	5
1546750925446	5
1546750925453	5
1546750925460	6
1546750925467	8
1546750995574	10
1546750995596	13
1546750995603	17
1546750995610	21
1546750995616	25
1546750995622	29
1546750995628	34
1546751055558	38
1546751055576	41
1546751055584	44
1546751055590	46
1546751055596	47
1546751055602	47
1546751115626	46
1546751115644	45
1546751115652	43
1546751115658	41
1546751115664	38
1546751115670	34
1546751115676	31
1546751185269	28
1546751185290	25
1546751185298	22
1546751185305	20
1546751185311	18
1546751185317	17
1546751245138	17
1546751245159	17
1546751245167	18
1546751245174	19
1546751245180	21
1546751245186	23
1546751314685	25
1546751314703	28
1546751314710	30
1546751314717	31
1546751314723	33
1546751314729	34
1546751314735	34
1546751374917	34
1546751374936	34
1546751374944	33
1546751374951	32
1546751374958	31
1546751374965	29
1546751434756	27
1546751434774	25
1546751434782	23
1546751434788	21
1546751434794	19
1546751434800	18
1546751434806	17
1546751504355	16
1546751504368	15
1546751504374	14
1546751504378	14
1546751504383	13
1546751504387	13
1546751564282	13
1546751564296	13
1546751564302	14
1546751564307	14
1546751564312	14
1546751564317	14
1546751634264	14
1546751634282	14
1546751634289	14
1546751634295	14
1546751634301	13
1546751634307	13
1546751634313	12
1546751694158	12
1546751694180	11
1546751694187	10
1546751694194	10
1546751694200	10
1546751694207	10
1546751754450	11
1546751754468	12
1546751754476	14
1546751754482	16
1546751754488	19
1546751754494	22
1546751754500	25
1546751823892	28
1546751823905	32
1546751823911	34
1546751823916	37
1546751823920	39
1546751823925	40
1546751883784	40
1546751883802	40
1546751883809	39
1546751883816	37
1546751883822	35
1546751883828	33
1546751953650	30
1546751953659	27
1546751953662	24
1546751953664	22
1546751953666	19
1546751953668	17
1546751953671	15
1546752013507	14
1546752013516	13
1546752013519	13
1546752013521	13
1546752013523	14
1546752013525	15
1546752073555	16
1546752073575	17
1546752073582	19
1546752073589	20
1546752073595	21
1546752073601	22
1546752073607	22
1546752143508	23
1546752143526	23
1546752143534	22
1546752143540	22
1546752143546	21
1546752143552	20
1546752203922	19
1546752203941	18
1546752203948	16
1546752203955	15
1546752203961	14
1546752203967	13
1546752273331	12
1546752273349	11
1546752273356	10
1546752273362	10
1546752273368	10
1546752273374	9
1546752273380	10
1546752333169	10
1546752333188	10
1546752333196	11
1546752333203	11
1546752333210	12
1546752333217	13
1546752393362	14
1546752393379	14
1546752393387	15
1546752393393	16
1546752393399	17
1546752393405	17
1546752393411	18
1546752463238	18
1546752463257	19
1546752463264	19
1546752463271	20
1546752463277	20
1546752463283	22
1546752523267	23
1546752523287	25
1546752523295	27
1546752523301	30
1546752523307	33
1546752523314	36
1546752592783	40
1546752592797	43
1546752592803	46
1546752592808	49
1546752592813	51
1546752592818	52
1546752592822	53
1546752652726	53
1546752652751	53
1546752652758	52
1546752652766	50
1546752652773	48
1546752652781	46
1546752712896	43
1546752712915	41
1546752712922	38
1546752712929	36
1546752712935	34
1546752712941	33
1546752712947	32
1546752782891	31
1546752782913	31
1546752782920	32
1546752782926	32
1546752782932	34
1546752782939	35
1546752842417	36
1546752842427	38
1546752842430	39
1546752842433	41
1546752842436	42
1546752842439	42
1546752912452	43
1546752912470	43
1546752912478	42
1546752912484	42
1546752912490	41
1546752912496	39
1546752912502	38
1546752972409	37
1546752972430	35
1546752972438	34
1546752972445	32
1546752972452	31
1546752972458	30
1546753032148	28
1546753032166	28
1546753032173	27
1546753032179	26
1546753032185	26
1546753032191	26
1546753032198	26
1546753102014	25
1546753102029	25
1546753102035	26
1546753102040	26
1546753102045	26
1546753102050	26
1546753162003	26
1546753162023	26
1546753162031	26
1546753162038	26
1546753162044	25
1546753162050	25
1546753232121	25
1546753232140	24
1546753232147	24
1546753232153	24
1546753232159	24
1546753232165	25
1546753232171	26
1546753292106	28
1546753292125	31
1546753292132	34
1546753292139	37
1546753292145	41
1546753292151	44
1546753352412	47
1546753352429	50
1546753352436	52
1546753352441	54
1546753352446	55
1546753352451	55
1546753352456	54
1546753421889	53
1546753421907	51
1546753421915	49
1546753421921	46
1546753421927	43
1546753421933	41
1546753481940	38
1546753481959	35
1546753481966	33
1546753481973	32
1546753481979	31
1546753481985	30
1546753551442	30
1546753551461	31
1546753551469	32
1546753551475	33
1546753551482	35
1546753551489	36
1546753551495	38
1546753611527	39
1546753611546	41
1546753611553	42
1546753611560	43
1546753611566	43
1546753611572	43
1546753671615	43
1546753671636	42
1546753671644	41
1546753671651	40
1546753671657	39
1546753671664	37
1546753671670	35
1546753741176	34
1546753741194	32
1546753741202	31
1546753741208	30
1546753741214	29
1546753741220	28
1546753801424	27
1546753801443	27
1546753801450	26
1546753801457	26
1546753801463	26
1546753801469	26
1546753871231	26
1546753871249	26
1546753871256	26
1546753871263	26
1546753871269	26
1546753871276	26
1546753871281	26
1546753931140	26
1546753931159	25
1546753931166	25
1546753931173	24
1546753931179	24
1546753931185	24
1546753990797	23
1546753990812	23
1546753990817	23
1546753990822	24
1546753990826	26
1546753990830	28
1546753990835	31
1546754060745	34
1546754060762	38
1546754060770	42
1546754060776	46
1546754060782	50
1546754060788	54
1546754120617	57
1546754120637	60
1546754120645	62
1546754120652	63
1546754120659	63
1546754120667	62
1546754190429	61
1546754190439	59
1546754190443	57
1546754190446	54
1546754190449	51
1546754190452	49
1546754190454	46
1546754250730	44
1546754250752	41
1546754250760	40
1546754250767	39
1546754250773	38
1546754250779	38
1546754310708	38
1546754310729	39
1546754310737	40
1546754310743	41
1546754310749	43
1546754310755	44
1546754310761	45
1546754380636	46
1546754380654	47
1546754380662	48
1546754380669	48
1546754380675	48
1546754380681	47
1546754440413	47
1546754440432	46
1546754440441	45
1546754440448	43
1546754440454	42
1546754440461	41
1546754510024	39
1546754510039	38
1546754510044	37
1546754510050	36
1546754510054	35
1546754510059	34
1546754510063	33
1546754570262	33
1546754570283	32
1546754570291	32
1546754570297	31
1546754570303	31
1546754570309	31
1546754629864	30
1546754629882	30
1546754629889	30
1546754629896	30
1546754629902	30
1546754629908	30
1546754629914	29
1546754699870	29
1546754699887	29
1546754699894	28
1546754699901	28
1546754699907	27
1546754699913	27
1546754759593	27
1546754759601	27
1546754759605	27
1546754759607	29
1546754759610	31
1546754759613	33
1546754829934	37
1546754829953	41
1546754829962	45
1546754829969	49
1546754829976	54
1546754829983	58
1546754829989	62
1546754889550	65
1546754889570	67
1546754889578	68
1546754889585	69
1546754889592	69
1546754889599	68
1546754949910	66
1546754949933	64
1546754949941	61
1546754949948	59
1546754949955	56
1546754949963	53
1546754949970	51
1546755019624	49
1546755019642	47
1546755019649	46
1546755019656	45
1546755019662	45
1546755019668	45
1546755079547	45
1546755079565	46
1546755079573	48
1546755079579	49
1546755079586	50
1546755079591	51
1546755149239	52
1546755149257	53
1546755149264	53
1546755149271	53
1546755149277	53
1546755149283	52
1546755149289	51
1546755209361	50
1546755209379	48
1546755209386	47
1546755209393	45
1546755209399	44
1546755209405	42
1546755269362	40
1546755269380	39
1546755269387	38
1546755269394	37
1546755269400	36
1546755269406	35
1546755269412	35
1546755339054	35
1546755339068	35
1546755339074	35
1546755339079	35
1546755339084	35
1546755339088	35
1546755398943	35
1546755398961	35
1546755398968	35
1546755398975	35
1546755398981	35
1546755398987	35
1546755469101	35
1546755469122	35
1546755469129	35
1546755469136	35
1546755469143	34
1546755469149	34
1546755469155	33
1546755528990	33
1546755529009	32
1546755529016	32
1546755529023	32
1546755529029	32
1546755529035	34
1546755588443	35
1546755588452	38
1546755588456	42
1546755588459	46
1546755588461	50
1546755588464	55
1546755588466	60
1546755658397	65
1546755658411	69
1546755658416	73
1546755658421	75
1546755658426	77
1546755658430	78
1546755718736	78
1546755718758	77
1546755718766	75
1546755718773	73
1546755718779	70
1546755718785	67
1546755788226	64
1546755788250	61
1546755788260	58
1546755788267	55
1546755788275	53
1546755788282	51
1546755788289	50
1546755848550	49
1546755848569	49
1546755848577	49
1546755848583	50
1546755848589	51
1546755848595	52
1546755908303	53
1546755908321	54
1546755908328	56
1546755908335	57
1546755908341	57
1546755908347	58
1546755908353	58
1546755978252	57
1546755978270	56
1546755978278	55
1546755978284	54
1546755978290	53
1546755978297	51
1546756038005	50
1546756038026	48
1546756038033	47
1546756038040	45
1546756038046	44
1546756038053	44
1546756107825	43
1546756107843	42
1546756107850	42
1546756107857	43
1546756107863	43
1546756107869	43
1546756107875	44
1546756167598	44
1546756167612	45
1546756167617	46
1546756167622	46
1546756167627	47
1546756167631	47
1546756227552	47
1546756227568	47
1546756227575	47
1546756227580	47
1546756227585	47
1546756227591	46
1546756227596	46
1546756297675	45
1546756297693	44
1546756297701	43
1546756297708	41
1546756297714	40
1546756297720	39
1546756357892	37
1546756357910	36
1546756357917	35
1546756357924	34
1546756357930	33
1546756357936	33
1546756427269	34
1546756427288	36
1546756427293	39
1546756427297	43
1546756427301	48
1546756427303	53
1546756427306	59
1546756487330	65
1546756487349	70
1546756487356	75
1546756487363	80
1546756487369	83
1546756487375	85
1546756547488	87
1546756547509	87
1546756547517	86
1546756547524	84
1546756547530	81
1546756547537	78
1546756547543	75
1546756617226	72
1546756617244	68
1546756617251	65
1546756617258	62
1546756617264	60
1546756617270	58
1546756677579	57
1546756677598	56
1546756677604	56
1546756677610	56
1546756677615	57
1546756677621	58
1546756747396	59
1546756747417	61
1546756747424	62
1546756747431	63
1546756747437	64
1546756747443	64
1546756747449	64
1546756807002	64
1546756807020	63
1546756807027	62
1546756807034	61
1546756807040	59
1546756807046	58
1546756866689	56
1546756866708	54
1546756866715	52
1546756866722	51
1546756866728	49
1546756866734	48
1546756866740	47
1546756936474	46
1546756936488	45
1546756936493	45
1546756936498	45
1546756936503	44
1546756936507	44
1546756996371	44
1546756996385	44
1546756996391	44
1546756996395	44
1546756996400	43
1546756996404	43
1546757066250	43
1546757066264	43
1546757066269	43
1546757066274	42
1546757066278	42
1546757066283	41
1546757066287	41
1546757126169	40
1546757126182	40
1546757126185	39
1546757126188	38
1546757126190	37
1546757126193	37
1546757186190	36
1546757186208	35
1546757186216	34
1546757186222	33
1546757186228	33
1546757186234	32
1546757186240	31
1546757256356	31
1546757256374	32
1546757256382	33
1546757256388	35
1546757256394	38
1546757256400	42
1546757316210	47
1546757316228	53
1546757316235	60
1546757316242	66
1546757316248	73
1546757316255	79
1546757386075	85
1546757386093	89
1546757386100	92
1546757386107	94
1546757386113	94
1546757386119	93
1546757386125	92
1546757445758	90
1546757445776	87
1546757445783	84
1546757445790	80
1546757445796	77
1546757445802	73
1546757505895	69
1546757505913	66
1546757505921	64
1546757505927	61
1546757505933	60
1546757505940	59
1546757505946	58
1546757575531	58
1546757575552	58
1546757575559	58
1546757575566	59
1546757575572	60
1546757575578	60
1546757635478	61
1546757635497	62
1546757635505	62
1546757635511	62
1546757635517	62
1546757635523	61
1546757705259	60
1546757705272	59
1546757705277	58
1546757705282	56
1546757705286	54
1546757705291	52
1546757705295	50
1546757765221	48
1546757765240	46
1546757765248	44
1546757765255	42
1546757765262	40
1546757765269	39
1546757825177	38
1546757825196	37
1546757825203	36
1546757825210	35
1546757825216	35
1546757825222	35
1546757825228	35
1546757895279	34
1546757895298	35
1546757895305	35
1546757895311	35
1546757895317	35
1546757895323	35
1546757954937	35
1546757954956	35
1546757954963	35
1546757954970	35
1546757954976	35
1546757954982	35
1546758024815	35
1546758024833	34
1546758024840	34
1546758024846	34
1546758024852	33
1546758024858	33
1546758024864	32
1546758084831	31
1546758084851	30
1546758084859	29
1546758084866	29
1546758084872	28
1546758084879	29
1546758144893	30
1546758144911	33
1546758144918	36
1546758144924	41
1546758144931	47
1546758144937	53
1546758144943	60
1546758214569	68
1546758214587	75
1546758214595	81
1546758214602	87
1546758214608	91
1546758214614	94
1546758274463	95
1546758274478	95
1546758274484	94
1546758274490	92
1546758274495	90
1546758274500	87
1546758344237	83
1546758344246	80
1546758344248	76
1546758344250	72
1546758344253	69
1546758344255	66
1546758344257	63
1546758404214	61
1546758404231	60
1546758404236	59
1546758404239	59
1546758404242	59
1546758404244	60
1546758464445	61
1546758464467	62
1546758464474	63
1546758464481	65
1546758464488	66
1546758464494	66
1546758464500	67
1546758534123	67
1546758534133	66
1546758534136	66
1546758534139	64
1546758534142	63
1546758534144	61
1546758593859	59
1546758593878	57
1546758593885	54
1546758593891	52
1546758593898	49
1546758593904	47
1546758663995	45
1546758664013	43
1546758664021	41
1546758664027	39
1546758664033	38
1546758664040	37
1546758664045	36
1546758724145	36
1546758724167	35
1546758724174	35
1546758724182	35
1546758724188	35
1546758724194	35
1546758783529	34
1546758783548	34
1546758783556	33
1546758783563	33
1546758783570	32
1546758783577	31
1546758783584	30
1546758853445	29
1546758853464	28
1546758853472	27
1546758853479	26
1546758853485	24
1546758853491	23
1546758913742	22
1546758913763	21
1546758913771	20
1546758913777	19
1546758913783	17
1546758913789	17
1546758983200	16
1546758983214	15
1546758983220	15
1546758983225	16
1546758983230	17
1546758983235	20
1546758983239	24
1546759043158	29
1546759043177	36
1546759043185	43
1546759043191	51
1546759043197	60
1546759043204	68
1546759103361	76
1546759103380	83
1546759103388	90
1546759103394	94
1546759103400	95
1546759103406	95
1546759103412	95
1546759173423	94
1546759173441	93
1546759173449	91
1546759173456	88
1546759173462	85
1546759173468	82
1546759232798	79
1546759232807	76
1546759232810	73
1546759232812	71
1546759232815	69
1546759232817	68
1546759302804	67
1546759302821	67
1546759302829	67
1546759302835	67
1546759302841	67
1546759302847	68
1546759302867	68
1546759363008	69
1546759363026	69
1546759363034	69
1546759363040	69
1546759363047	68
1546759363053	67
1546759422816	66
1546759422834	65
1546759422842	63
1546759422848	62
1546759422854	60
1546759422860	58
1546759422867	56
1546759492995	54
1546759493013	53
1546759493020	51
1546759493027	50
1546759493033	49
1546759493039	48
1546759552611	48
1546759552629	48
1546759552637	48
1546759552643	48
1546759552649	48
1546759552655	48
1546759622356	48
1546759622379	48
1546759622389	48
1546759622397	48
1546759622404	47
1546759622412	47
1546759622419	46
1546759682532	45
1546759682556	44
1546759682566	44
1546759682573	42
1546759682579	41
1546759682585	40
1546759742644	40
1546759742665	39
1546759742673	38
1546759742680	37
1546759742687	36
1546759742693	35
1546759742699	34
1546759812197	33
1546759812216	32
1546759812224	31
1546759812231	30
1546759812237	29
1546759812243	29
1546759871989	29
1546759872008	29
1546759872016	31
1546759872023	34
1546759872030	38
1546759872037	43
1546759941937	49
1546759941957	56
1546759941965	63
1546759941971	71
1546759941977	78
1546759941984	85
1546759941990	91
1546760001753	95
1546760001771	95
1546760001780	95
1546760001787	95
1546760001794	95
1546760001801	94
1546760062044	93
1546760062064	91
1546760062072	90
1546760062078	88
1546760062085	85
1546760062091	84
1546760062097	82
1546760131523	80
1546760131538	78
1546760131545	77
1546760131551	77
1546760131556	76
1546760131561	76
1546760191836	77
1546760191857	77
1546760191865	77
1546760191871	78
1546760191878	79
1546760191884	79
1546760261641	80
1546760261660	80
1546760261667	80
1546760261674	79
1546760261680	79
1546760261686	78
1546760261692	77
1546760321401	75
1546760321410	73
1546760321414	72
1546760321416	70
1546760321419	68
1546760321421	66
1546760381212	64
1546760381232	62
1546760381241	60
1546760381248	58
1546760381254	57
1546760381261	55
1546760381267	54
1546760451007	53
1546760451025	52
1546760451030	51
1546760451035	50
1546760451040	50
1546760451045	49
1546760510921	49
1546760510940	49
1546760510949	48
1546760510956	48
1546760510963	48
1546760510970	48
1546760580956	48
1546760580977	48
1546760580984	48
1546760580990	48
1546760580996	49
1546760581003	49
1546760581008	49
1546760641166	50
1546760641187	50
1546760641195	51
1546760641202	52
1546760641209	52
1546760641215	53
1546760700905	53
1546760700924	53
1546760700931	53
1546760700938	53
1546760700944	52
1546760700950	51
1546760700956	51
1546760770588	50
1546760770607	50
1546760770615	51
1546760770621	52
1546760770627	55
1546760770634	58
1546760830708	62
1546760830727	67
1546760830734	72
1546760830740	77
1546760830746	82
1546760830752	86
1546760900629	89
1546760900647	92
1546760900655	93
1546760900662	93
1546760900668	93
1546760900675	91
1546760900681	89
1546760960191	87
1546760960200	84
1546760960203	81
1546760960206	78
1546760960209	75
1546760960211	72
1546761020201	70
1546761020220	68
1546761020227	67
1546761020234	67
1546761020240	66
1546761020246	67
1546761020252	68
1546761090325	69
1546761090344	71
1546761090351	72
1546761090357	74
1546761090363	75
1546761090370	77
1546761149875	77
1546761149889	78
1546761149895	78
1546761149900	77
1546761149905	76
1546761149909	75
1546761219817	73
1546761219836	71
1546761219843	68
1546761219849	65
1546761219855	63
1546761219861	60
1546761219867	58
1546761280109	56
1546761280131	54
1546761280139	52
1546761280146	51
1546761280152	50
1546761280158	49
1546761339925	49
1546761339940	49
1546761339943	49
1546761339947	49
1546761339950	49
1546761339954	49
1546761339957	49
1546761409668	49
1546761409689	49
1546761409698	49
1546761409705	48
1546761409713	48
1546761409720	47
1546761469447	47
1546761469465	46
1546761469473	45
1546761469479	45
1546761469485	44
1546761469492	44
1546761539555	43
1546761539574	43
1546761539581	43
1546761539588	42
1546761539594	42
1546761539600	42
1546761539606	41
1546761599157	41
1546761599171	40
1546761599176	39
1546761599181	38
1546761599186	37
1546761599190	36
1546761659451	34
1546761659470	33
1546761659477	32
1546761659484	32
1546761659490	33
1546761659496	35
1546761659502	38
1546761728961	42
1546761728982	47
1546761728989	53
1546761728996	60
1546761729002	66
1546761729009	72
1546761788883	77
1546761788901	82
1546761788908	86
1546761788915	89
1546761788921	91
1546761788927	92
1546761858798	93
1546761858818	92
1546761858826	92
1546761858832	90
1546761858839	89
1546761858845	88
1546761858851	86
1546761918611	85
1546761918621	84
1546761918624	82
1546761918626	82
1546761918628	81
1546761918638	80
1546761978487	79
1546761978500	79
1546761978506	78
1546761978510	77
1546761978515	77
1546761978519	76
1546761978523	75
1546762048350	74
1546762048360	72
1546762048363	71
1546762048366	69
1546762048368	67
1546762048371	64
1546762108622	62
1546762108640	59
1546762108648	57
1546762108655	54
1546762108661	52
1546762108667	50
1546762178489	48
1546762178507	47
1546762178514	45
1546762178521	45
1546762178527	44
1546762178533	44
1546762178539	44
1546762238279	44
1546762238297	44
1546762238304	45
1546762238311	46
1546762238317	46
1546762238323	47
1546762298409	47
1546762298431	47
1546762298438	47
1546762298445	46
1546762298451	46
1546762298457	45
1546762298463	44
1546762368319	43
1546762368340	41
1546762368348	40
1546762368354	38
1546762368360	36
1546762368367	34
1546762428468	33
1546762428490	31
1546762428497	30
1546762428504	28
1546762428511	27
1546762428517	26
1546762497996	25
1546762498017	24
1546762498025	23
1546762498032	22
1546762498038	21
1546762498046	20
1546762498053	19
1546762557905	18
1546762557923	18
1546762557930	18
1546762557936	19
1546762557943	22
1546762557949	25
1546762617607	30
1546762617622	37
1546762617629	45
1546762617634	54
1546762617640	64
1546762617645	74
1546762617650	84
1546762687338	93
1546762687346	95
1546762687349	95
1546762687352	95
1546762687354	95
1546762687356	95
1546762747309	94
1546762747330	93
1546762747338	91
1546762747345	89
1546762747351	86
1546762747358	83
1546762817474	79
1546762817497	76
1546762817506	73
1546762817514	70
1546762817522	68
1546762817529	65
1546762817536	64
1546762877303	62
1546762877321	61
1546762877329	61
1546762877335	61
1546762877341	61
1546762877347	62
1546762937081	62
1546762937090	63
1546762937093	64
1546762937096	64
1546762937099	65
1546762937101	65
1546762937104	64
1546763007097	64
1546763007116	62
1546763007123	61
1546763007130	59
1546763007136	57
1546763007142	55
1546763067028	53
1546763067046	51
1546763067054	49
1546763067061	47
1546763067067	45
1546763067073	44
1546763136766	42
1546763136787	41
1546763136795	40
1546763136801	40
1546763136808	40
1546763136814	40
1546763136820	40
1546763196675	40
1546763196695	40
1546763196703	40
1546763196710	40
1546763196717	40
1546763196723	40
1546763257030	40
1546763257051	40
1546763257059	40
1546763257065	39
1546763257072	39
1546763257078	38
1546763257084	38
1546763326704	37
1546763326722	37
1546763326729	36
1546763326736	35
1546763326742	34
1546763326748	33
1546763386270	32
1546763386280	31
1546763386283	30
1546763386285	28
1546763386288	27
1546763386291	25
1546763456274	23
1546763456293	22
1546763456300	20
1546763456307	18
1546763456313	18
1546763456319	17
1546763456325	18
1546763516610	20
1546763516631	24
1546763516639	29
1546763516646	34
1546763516652	41
1546763516658	48
1546763576019	56
1546763576037	63
1546763576044	69
1546763576051	75
1546763576057	80
1546763576063	83
1546763576069	85
1546763646328	86
1546763646349	86
1546763646357	84
1546763646363	82
1546763646370	80
1546763646376	76
1546763705959	73
1546763705975	69
1546763705981	66
1546763705987	63
1546763705993	60
1546763705998	58
1546763775759	57
1546763775778	56
1546763775786	55
1546763775793	55
1546763775800	56
1546763775807	57
1546763775813	58
1546763836112	59
1546763836134	60
1546763836141	61
1546763836149	62
1546763836155	63
1546763836162	63
1546763895996	63
1546763896017	62
1546763896024	61
1546763896031	60
1546763896038	58
1546763896044	56
1546763896050	53
1546763965559	51
1546763965577	49
1546763965585	46
1546763965592	45
1546763965598	43
1546763965604	42
1546764025381	41
1546764025389	40
1546764025392	39
1546764025394	39
1546764025396	39
1546764025398	38
1546764095576	38
1546764095594	38
1546764095601	38
1546764095608	37
1546764095614	36
1546764095620	36
1546764095626	34
1546764155732	33
1546764155754	32
1546764155761	30
1546764155768	29
1546764155774	27
1546764155780	26
1546764215202	25
1546764215238	24
1546764215244	23
1546764215250	22
1546764215255	22
1546764215261	21
1546764215266	21
1546764284990	21
1546764285005	21
1546764285012	22
1546764285017	22
1546764285023	22
1546764285028	21
1546764344933	21
1546764344951	20
1546764344958	19
1546764344965	18
1546764344971	17
1546764344977	16
1546764414793	15
1546764414814	15
1546764414822	16
1546764414829	18
1546764414835	21
1546764414841	25
1546764414847	30
1546764474930	36
1546764474948	43
1546764474956	50
1546764474962	57
1546764474968	64
1546764474974	69
1546764535026	74
1546764535047	78
1546764535054	81
1546764535061	83
1546764535067	83
1546764535074	83
1546764535080	82
1546764604787	80
1546764604806	77
1546764604813	75
1546764604819	72
1546764604826	69
1546764604832	67
1546764664631	65
1546764664644	63
1546764664648	61
1546764664651	60
1546764664655	59
1546764664657	58
1546764734595	57
1546764734623	57
1546764734631	57
1546764734638	57
1546764734645	57
1546764734651	57
1546764734657	56
1546764794395	56
1546764794404	55
1546764794407	54
1546764794410	53
1546764794412	51
1546764794415	49
1546764854064	46
1546764854073	44
1546764854076	41
1546764854079	38
1546764854081	35
1546764854084	32
1546764854086	29
1546764924414	27
1546764924435	24
1546764924442	22
1546764924449	20
1546764924455	18
1546764924461	16
1546764984164	15
1546764984183	14
1546764984190	13
1546764984197	12
1546764984203	11
1546764984209	10
1546765054012	10
1546765054021	9
1546765054024	9
1546765054027	8
1546765054030	7
1546765054032	6
1546765054035	5
1546765113590	5
1546765113600	5
1546765113604	5
1546765113607	5
1546765113610	5
1546765113613	5
1546765173780	5
1546765173795	5
1546765173801	5
1546765173806	5
1546765173811	5
1546765173816	5
1546765173820	5
1546765243716	6
1546765243735	6
1546765243742	6
1546765243749	6
1546765243755	6
1546765243761	6
1546765303479	6
1546765303488	6
1546765303491	7
1546765303494	8
1546765303497	10
1546765303499	13
1546765373643	16
1546765373664	20
1546765373672	25
1546765373679	30
1546765373686	35
1546765373692	41
1546765373698	47
1546765433570	52
1546765433589	57
1546765433597	61
1546765433603	63
1546765433609	65
1546765433615	66
1546765493396	66
1546765493417	65
1546765493425	64
1546765493432	62
1546765493439	59
1546765493445	57
1546765493451	54
1546765563150	52
1546765563168	50
1546765563175	48
1546765563181	46
1546765563187	45
1546765563193	44
1546765623212	44
1546765623234	43
1546765623241	43
1546765623248	44
1546765623255	44
1546765623261	45
1546765692635	45
1546765692644	46
1546765692647	47
1546765692649	48
1546765692652	48
1546765692654	48
1546765692657	49
1546765752588	49
1546765752600	48
1546765752604	48
1546765752607	47
1546765752610	46
1546765752613	46
1546765812799	44
1546765812817	43
1546765812824	42
1546765812830	41
1546765812836	40
1546765812843	39
1546765812849	38
1546765882641	36
1546765882659	35
1546765882667	34
1546765882673	33
1546765882680	33
1546765882686	32
1546765942690	31
1546765942709	30
1546765942717	30
1546765942723	29
1546765942729	28
1546765942736	28
1546766012170	27
1546766012189	27
1546766012197	26
1546766012205	25
1546766012212	25
1546766012218	24
1546766012225	23
1546766072317	22
1546766072335	22
1546766072342	21
1546766072348	20
1546766072355	19
1546766072361	18
1546766132255	17
1546766132273	16
1546766132281	15
1546766132287	14
1546766132294	13
1546766132300	12
1546766132306	11
1546766201888	11
1546766201908	10
1546766201916	9
1546766201922	8
1546766201929	9
1546766201935	9
1546766262152	11
1546766262174	14
1546766262183	17
1546766262190	22
1546766262196	28
1546766262203	34
1546766331796	41
1546766331806	47
1546766331809	54
1546766331812	60
1546766331814	65
1546766331817	70
1546766331819	73
1546766391510	75
1546766391529	76
1546766391535	76
1546766391540	75
1546766391545	74
1546766391549	72
1546766451481	69
1546766451500	66
1546766451507	63
1546766451513	60
1546766451519	58
1546766451525	55
1546766451531	53
1546766521350	52
1546766521360	50
1546766521363	50
1546766521366	49
1546766521369	49
1546766521371	50
1546766581282	50
1546766581302	51
1546766581310	52
1546766581316	53
1546766581323	54
1546766581329	55
1546766651126	55
1546766651143	55
1546766651151	55
1546766651157	55
1546766651163	54
1546766651169	54
1546766651175	52
1546766710905	51
1546766710914	49
1546766710917	47
1546766710920	45
1546766710923	43
1546766710925	41
1546766770950	39
1546766770968	37
1546766770975	36
1546766770982	34
1546766770988	33
1546766770994	32
1546766771000	32
1546766840877	31
1546766840896	30
1546766840904	30
1546766840911	29
1546766840918	29
1546766840925	29
1546766900673	28
1546766900689	28
1546766900695	27
1546766900702	27
1546766900707	26
1546766900712	26
1546766970508	25
1546766970522	25
1546766970527	24
1546766970532	23
1546766970536	23
1546766970540	22
1546766970544	22
1546767030407	21
1546767030417	20
1546767030420	20
1546767030423	19
1546767030425	18
1546767030427	18
1546767090417	17
1546767090435	17
1546767090443	17
1546767090449	17
1546767090455	18
1546767090461	20
1546767090467	23
1546767160680	27
1546767160702	32
1546767160709	38
1546767160716	46
1546767160723	53
1546767160729	62
1546767220344	70
1546767220364	78
1546767220372	85
1546767220378	92
1546767220384	95
1546767220390	95
1546767290325	95
1546767290343	95
1546767290350	95
1546767290357	94
1546767290363	93
1546767290369	91
1546767290375	89
1546767350267	86
1546767350286	83
1546767350293	81
1546767350299	78
1546767350305	76
1546767350312	74
1546767410129	72
1546767410148	70
1546767410155	69
1546767410162	68
1546767410168	67
1546767410174	66
1546767410180	66
1546767479807	65
1546767479829	65
1546767479837	65
1546767479844	64
1546767479852	63
1546767479861	62
1546767539928	61
1546767539947	60
1546767539954	58
1546767539961	56
1546767539968	54
1546767539974	52
1546767609564	50
1546767609581	48
1546767609589	46
1546767609595	44
1546767609601	42
1546767609607	41
1546767609613	39
1546767669412	38
1546767669425	38
1546767669429	37
1546767669432	37
1546767669435	36
1546767669438	36
1546767729764	36
1546767729785	36
1546767729793	36
1546767729799	36
1546767729806	36
1546767729812	36
1546767729818	36
1546767799750	36
1546767799771	36
1546767799778	36
1546767799786	36
1546767799793	36
1546767799800	36
1546767859153	36
1546767859174	36
1546767859181	36
1546767859188	36
1546767859194	36
1546767859201	36
1546767929001	36
1546767929023	36
1546767929031	35
1546767929038	35
1546767929045	34
1546767929051	33
1546767929057	32
1546767989322	31
1546767989344	30
1546767989351	29
1546767989358	29
1546767989364	30
1546767989370	31
1546768048782	34
1546768048803	38
1546768048811	42
1546768048817	48
1546768048824	54
1546768048830	60
1546768048836	66
1546768118707	71
1546768118730	76
1546768118740	80
1546768118749	84
1546768118757	86
1546768118764	88
1546768178930	89
1546768178951	89
1546768178959	89
1546768178966	88
1546768178972	86
1546768178978	85
1546768248791	83
1546768248809	81
1546768248817	80
1546768248823	78
1546768248829	77
1546768248835	76
1546768248841	75
1546768308384	75
1546768308402	74
1546768308410	74
1546768308416	74
1546768308422	74
1546768308428	73
1546768368148	73
1546768368157	72
1546768368160	71
1546768368163	70
1546768368166	68
1546768368168	67
1546768368171	64
1546768438088	62
1546768438108	59
1546768438117	57
1546768438124	54
1546768438131	51
1546768438138	48
1546768498318	45
1546768498336	42
1546768498344	40
1546768498350	38
1546768498356	37
1546768498362	35
1546768567968	35
1546768567985	34
1546768567991	34
1546768567997	34
1546768568002	34
1546768568007	35
1546768568011	35
1546768628132	36
1546768628145	37
1546768628148	37
1546768628151	38
1546768628153	38
1546768628156	38
1546768687908	38
1546768687922	38
1546768687928	37
1546768687933	37
1546768687938	36
1546768687943	35
1546768687947	34
1546768757600	33
1546768757609	32
1546768757612	31
1546768757615	29
1546768757617	28
1546768757620	26
1546768817533	25
1546768817552	23
1546768817559	22
1546768817565	20
1546768817571	19
1546768817577	19
1546768887834	19
1546768887853	20
1546768887861	23
1546768887867	27
1546768887873	32
1546768887879	38
1546768887885	45
1546768947260	53
1546768947269	61
1546768947273	69
1546768947276	77
1546768947278	84
1546768947281	90
1546769007151	95
1546769007160	95
1546769007163	95
1546769007166	95
1546769007168	95
1546769007170	94
1546769007173	93
1546769077430	92
1546769077452	90
1546769077460	88
1546769077467	86
1546769077474	84
1546769077481	83
1546769137025	81
1546769137046	80
1546769137054	79
1546769137060	78
1546769137067	77
1546769137073	76
1546769206841	76
1546769206859	75
1546769206867	75
1546769206873	75
1546769206879	74
1546769206885	74
1546769206891	73
1546769266818	72
1546769266837	71
1546769266845	70
1546769266851	68
1546769266858	67
1546769266865	66
1546769326741	64
1546769326759	62
1546769326767	61
1546769326773	59
1546769326779	58
1546769326785	57
1546769326791	56
1546769396544	55
1546769396562	55
1546769396570	54
1546769396576	54
1546769396582	53
1546769396588	53
1546769456408	52
1546769456425	52
1546769456433	51
1546769456439	51
1546769456445	50
1546769456451	49
1546769526304	48
1546769526322	46
1546769526330	44
1546769526336	43
1546769526342	41
1546769526348	39
1546769526354	37
1546769586500	35
1546769586518	33
1546769586526	31
1546769586532	29
1546769586539	28
1546769586545	27
1546769646097	26
1546769646117	25
1546769646125	25
1546769646131	25
1546769646137	25
1546769646143	25
1546769646149	26
1546769716369	27
1546769716390	29
1546769716398	31
1546769716404	34
1546769716411	38
1546769716417	43
1546769775966	49
1546769775984	56
1546769775992	63
1546769775999	70
1546769776005	76
1546769776011	83
1546769846011	88
1546769846025	93
1546769846031	95
1546769846052	95
1546769846057	95
1546769846062	94
1546769846067	93
1546769905629	91
1546769905638	89
1546769905641	86
1546769905644	83
1546769905646	81
1546769905649	78
1546769965593	75
1546769965610	73
1546769965618	71
1546769965625	70
1546769965631	69
1546769965637	69
1546769965643	69
1546770035444	70
1546770035458	71
1546770035463	72
1546770035467	74
1546770035472	75
1546770035476	76
1546770095440	78
1546770095463	78
1546770095471	79
1546770095478	78
1546770095484	78
1546770095491	76
1546770165649	74
1546770165670	72
1546770165677	69
1546770165684	66
1546770165690	63
1546770165697	59
1546770165703	56
1546770225500	52
1546770225518	49
1546770225526	46
1546770225533	44
1546770225539	42
1546770225546	41
1546770285292	40
1546770285310	40
1546770285318	40
1546770285325	41
1546770285331	43
1546770285337	44
1546770285343	46
1546770354918	49
1546770354936	51
1546770354943	54
1546770354950	56
1546770354957	59
1546770354963	61
1546770414873	63
1546770414891	65
1546770414898	66
1546770414905	67
1546770414910	67
1546770414917	67
1546770485188	66
1546770485210	65
1546770485218	63
1546770485224	60
1546770485231	57
1546770485237	53
1546770485243	49
1546770544694	44
1546770544711	39
1546770544717	34
1546770544721	29
1546770544726	24
1546770544730	21
1546770604576	18
1546770604595	17
1546770604602	17
1546770604608	18
1546770604613	21
1546770604618	26
1546770604623	31
1546770674762	37
1546770674781	43
1546770674788	50
1546770674794	56
1546770674801	61
1546770674807	66
1546770734490	70
1546770734508	73
1546770734516	75
1546770734522	76
1546770734528	76
1546770734535	76
1546770804269	75
1546770804288	73
1546770804295	71
1546770804302	69
1546770804308	67
1546770804314	64
1546770804320	61
1546770864492	58
1546770864514	56
1546770864523	53
1546770864530	51
1546770864537	49
1546770864544	47
1546770924351	46
1546770924370	45
1546770924377	44
1546770924384	44
1546770924390	44
1546770924396	45
1546770924402	45
1546770993974	46
1546770993991	47
1546770993999	49
1546770994005	50
1546770994012	52
1546770994018	53
1546771053806	54
1546771053819	56
1546771053824	57
1546771053829	58
1546771053833	58
1546771053838	59
1546771123736	59
1546771123755	59
1546771123762	58
1546771123769	58
1546771123775	57
1546771123782	55
1546771123788	54
1546771183924	52
1546771183942	50
1546771183950	48
1546771183956	45
1546771183962	43
1546771183968	40
1546771243727	38
1546771243745	36
1546771243753	34
1546771243760	32
1546771243766	30
1546771243772	29
1546771243778	28
1546771313549	26
1546771313567	25
1546771313575	24
1546771313581	23
1546771313587	22
1546771313594	21
1546771373351	20
1546771373361	19
1546771373364	18
1546771373367	17
1546771373370	16
1546771373372	15
1546771443281	15
1546771443299	15
1546771443306	17
1546771443313	19
1546771443319	24
1546771443325	29
1546771443331	35
1546771503237	43
1546771503247	51
1546771503250	60
1546771503253	69
1546771503256	77
1546771503258	85
1546771563069	91
1546771563078	95
1546771563081	95
1546771563084	95
1546771563087	95
1546771563090	94
1546771563092	92
1546771633050	89
1546771633068	85
1546771633076	81
1546771633082	77
1546771633089	73
1546771633095	68
1546771693263	64
1546771693284	61
1546771693292	59
1546771693299	57
1546771693305	56
1546771693312	55
1546771763063	56
1546771763082	57
1546771763089	59
1546771763096	61
1546771763102	64
1546771763108	67
1546771763114	69
1546771823097	72
1546771823119	74
1546771823127	76
1546771823133	77
1546771823139	77
1546771823145	77
1546771883005	76
1546771883027	74
1546771883035	72
1546771883042	68
1546771883048	65
1546771883055	61
1546771883061	56
1546771952409	52
1546771952418	47
1546771952421	43
1546771952423	39
1546771952425	35
1546771952427	32
1546772012365	29
1546772012374	27
1546772012377	25
1546772012380	24
1546772012382	24
1546772012384	25
1546772082314	26
1546772082332	27
1546772082340	28
1546772082346	30
1546772082352	31
1546772082358	33
1546772082364	34
1546772142297	35
1546772142316	36
1546772142323	37
1546772142329	37
1546772142336	37
1546772142341	36
1546772202536	35
1546772202557	34
1546772202565	32
1546772202571	30
1546772202578	28
1546772202584	25
1546772202590	23
1546772272420	21
1546772272439	20
1546772272447	19
1546772272453	19
1546772272459	21
1546772272466	24
1546772331814	28
1546772331824	34
1546772331827	41
1546772331830	49
1546772331832	58
1546772331835	67
1546772402178	76
1546772402200	84
1546772402208	91
1546772402215	95
1546772402222	95
1546772402228	95
1546772402233	94
1546772461784	94
1546772461802	93
1546772461810	92
1546772461816	90
1546772461822	88
1546772461828	85
1546772521994	83
1546772522015	81
1546772522024	79
1546772522031	77
1546772522037	76
1546772522045	74
1546772522051	74
1546772591830	73
1546772591847	73
1546772591853	73
1546772591857	73
1546772591862	73
1546772591867	73
1546772651550	73
1546772651568	74
1546772651575	74
1546772651582	73
1546772651588	73
1546772651594	72
1546772721567	71
1546772721581	70
1546772721586	69
1546772721591	68
1546772721595	67
1546772721599	65
1546772721603	64
1546772781254	62
1546772781267	61
1546772781270	59
1546772781273	58
1546772781277	56
1546772781279	55
1546772841536	54
1546772841554	53
1546772841562	51
1546772841568	50
1546772841574	49
1546772841580	48
1546772841586	47
1546772911110	45
1546772911131	44
1546772911139	43
1546772911147	42
1546772911154	41
1546772911160	40
1546772971007	40
1546772971025	39
1546772971033	39
1546772971039	38
1546772971045	38
1546772971051	38
1546773040820	37
1546773040838	37
1546773040845	37
1546773040852	36
1546773040858	36
1546773040864	35
1546773040870	34
1546773101178	33
1546773101200	32
1546773101208	31
1546773101214	30
1546773101221	29
1546773101227	29
1546773160702	30
1546773160720	31
1546773160727	34
1546773160734	38
1546773160740	43
1546773160746	49
1546773160752	56
1546773230757	64
1546773230775	71
1546773230783	79
1546773230789	85
1546773230795	91
1546773230802	95
1546773290926	95
1546773290944	94
1546773290951	94
1546773290958	93
1546773290964	92
1546773290970	90
1546773360283	87
1546773360300	84
1546773360308	81
1546773360314	77
1546773360320	74
1546773360326	71
1546773360332	68
1546773420158	66
1546773420176	65
1546773420183	64
1546773420190	63
1546773420196	63
1546773420202	63
1546773480037	64
1546773480051	65
1546773480056	66
1546773480061	67
1546773480066	68
1546773480071	69
1546773480076	69
1546773549882	69
1546773549891	69
1546773549894	68
1546773549897	67
1546773549900	65
1546773549902	63
1546773610016	62
1546773610036	60
1546773610044	57
1546773610050	55
1546773610057	54
1546773610063	52
1546773679807	51
1546773679829	50
1546773679838	49
1546773679846	48
1546773679853	48
1546773679860	47
1546773679866	47
1546773739954	46
1546773739972	46
1546773739980	45
1546773739986	44
1546773739992	43
1546773739998	42
1546773799907	41
1546773799928	39
1546773799936	38
1546773799943	36
1546773799950	35
1546773799957	33
1546773799963	32
1546773869517	31
1546773869533	31
1546773869540	30
1546773869545	30
1546773869550	30
1546773869556	30
1546773929388	30
1546773929406	29
1546773929414	29
1546773929420	28
1546773929427	27
1546773929433	26
1546773999391	24
1546773999409	22
1546773999417	20
1546773999423	18
1546773999430	17
1546773999436	17
1546773999442	18
1546774059075	20
1546774059090	23
1546774059096	28
1546774059101	33
1546774059106	40
1546774059111	47
1546774118980	55
1546774118989	62
1546774118992	69
1546774118994	75
1546774118997	80
1546774118999	84
1546774119001	87
1546774189345	88
1546774189366	88
1546774189374	88
1546774189381	86
1546774189387	83
1546774189393	81
1546774249123	77
1546774249142	74
1546774249150	71
1546774249157	68
1546774249164	65
1546774249171	63
1546774318795	61
1546774318816	60
1546774318823	60
1546774318831	60
1546774318837	60
1546774318843	61
1546774318849	62
1546774378972	63
1546774378990	64
1546774378998	64
1546774379004	64
1546774379010	64
1546774379016	63
1546774438989	61
1546774439010	60
1546774439018	57
1546774439025	55
1546774439032	52
1546774439038	50
1546774439044	47
1546774508520	45
1546774508544	43
1546774508552	42
1546774508559	40
1546774508566	40
1546774508574	39
1546774568409	39
1546774568429	39
1546774568437	39
1546774568444	39
1546774568450	38
1546774568457	38
1546774638549	37
1546774638567	36
1546774638575	35
1546774638581	33
1546774638587	31
1546774638593	29
1546774638599	26
1546774698215	24
1546774698252	22
1546774698260	21
1546774698266	19
1546774698272	18
1546774698278	18
1546774758576	18
1546774758595	18
1546774758603	19
1546774758610	20
1546774758617	21
1546774758624	22
1546774758631	22
1546774827994	23
1546774828008	23
1546774828012	23
1546774828015	23
1546774828018	22
1546774828021	20
1546774887991	19
1546774888005	17
1546774888010	16
1546774888015	15
1546774888019	16
1546774888024	17
1546774958079	20
1546774958097	25
1546774958105	31
1546774958112	38
1546774958118	46
1546774958124	54
1546774958130	62
1546775017809	71
1546775017830	78
1546775017839	84
1546775017845	88
1546775017851	91
1546775017858	93
1546775077631	94
1546775077647	92
1546775077653	90
1546775077659	87
1546775077664	84
1546775077670	80
1546775077675	77
1546775147913	73
1546775147931	70
1546775147939	67
1546775147945	65
1546775147951	64
1546775147957	63
1546775207331	62
1546775207341	62
1546775207344	62
1546775207346	62
1546775207349	62
1546775207351	62
1546775277638	61
1546775277656	60
1546775277664	59
1546775277671	56
1546775277677	54
1546775277683	50
1546775277689	47
1546775337643	43
1546775337665	38
1546775337673	34
1546775337680	30
1546775337686	26
1546775337693	23
1546775397364	20
1546775397378	18
1546775397384	16
1546775397388	16
1546775397392	16
1546775397397	17
1546775397401	19
1546775467303	21
1546775467321	25
1546775467329	28
1546775467335	31
1546775467341	35
1546775467347	39
1546775526817	42
1546775526826	45
1546775526843	47
1546775526845	49
1546775526848	51
1546775526850	51
1546775596811	52
1546775596829	52
1546775596836	51
1546775596843	50
1546775596849	49
1546775596855	48
1546775596861	47
1546775656740	46
1546775656761	46
1546775656769	46
1546775656775	47
1546775656781	47
1546775656787	49
1546775716621	51
1546775716639	53
1546775716647	55
1546775716654	57
1546775716660	59
1546775716667	61
1546775716672	62
1546775786572	63
1546775786579	64
1546775786582	64
1546775786584	63
1546775786586	63
1546775786588	63
1546775846373	63
1546775846387	65
1546775846390	66
1546775846393	69
1546775846396	73
1546775846399	76
1546775916696	81
1546775916717	85
1546775916724	89
1546775916731	93
1546775916737	95
1546775916743	95
1546775916749	95
1546775976495	95
1546775976514	95
1546775976522	94
1546775976528	92
1546775976535	90
1546775976541	87
1546776036118	84
1546776036135	81
1546776036143	78
1546776036149	75
1546776036155	71
1546776036161	68
1546776036167	65
1546776106391	63
1546776106412	61
1546776106419	59
1546776106427	57
1546776106433	56
1546776106439	56
1546776166297	56
1546776166319	56
1546776166327	56
1546776166333	57
1546776166340	57
1546776166346	58
1546776235818	58
1546776235832	59
1546776235838	59
1546776235842	59
1546776235847	59
1546776235866	59
1546776235870	58
1546776295720	57
1546776295738	56
1546776295746	54
1546776295752	53
1546776295758	51
1546776295764	48
1546776355543	46
1546776355552	44
1546776355556	41
1546776355559	38
1546776355562	36
1546776355565	33
1546776355567	30
1546776425813	27
1546776425830	25
1546776425838	22
1546776425845	20
1546776425851	18
1546776425857	16
1546776485404	15
1546776485416	13
1546776485419	12
1546776485422	11
1546776485424	11
1546776485427	10
1546776555380	10
1546776555398	10
1546776555406	10
1546776555412	10
1546776555418	10
1546776555424	10
1546776555430	10
1546776615285	9
1546776615305	9
1546776615313	8
1546776615320	7
1546776615327	6
1546776615333	5
1546776675087	5
1546776675096	5
1546776675099	5
1546776675102	5
1546776675105	6
1546776675107	6
1546776675110	8
1546776745052	10
1546776745072	14
1546776745080	18
1546776745088	23
1546776745097	29
1546776745107	35
1546776805407	40
1546776805429	46
1546776805437	51
1546776805444	55
1546776805451	59
1546776805458	62
1546776874877	64
1546776874899	65
1546776874907	66
1546776874914	66
1546776874921	66
1546776874928	65
1546776874935	64
1546776934658	63
1546776934672	62
1546776934678	60
1546776934682	59
1546776934687	57
1546776934691	55
1546776994606	54
1546776994620	52
1546776994626	51
1546776994631	50
1546776994635	49
1546776994640	48
1546776994644	48
1546777064565	48
1546777064581	48
1546777064586	48
1546777064591	48
1546777064596	48
1546777064601	48
1546777124467	49
1546777124493	49
1546777124504	49
1546777124515	48
1546777124525	48
1546777124533	48
1546777194314	47
1546777194332	46
1546777194339	45
1546777194346	43
1546777194352	42
1546777194359	40
1546777194365	38
1546777254618	37
1546777254639	35
1546777254647	34
1546777254654	32
1546777254661	31
1546777254667	31
1546777314437	30
1546777314455	30
1546777314462	30
1546777314469	30
1546777314475	30
1546777314481	31
1546777314487	31
1546777384628	32
1546777384649	32
1546777384656	32
1546777384663	32
1546777384669	32
1546777384675	32
1546777444258	31
1546777444277	30
1546777444284	29
1546777444291	28
1546777444296	26
1546777444303	25
1546777514098	23
1546777514114	21
1546777514120	20
1546777514126	20
1546777514131	21
1546777514137	22
1546777514142	25
1546777574181	30
1546777574203	35
1546777574211	42
1546777574218	49
1546777574224	57
1546777574230	64
1546777633722	71
1546777633735	78
1546777633738	84
1546777633742	89
1546777633745	92
1546777633748	95
1546777633750	95
1546777703922	95
1546777703940	94
1546777703947	92
1546777703954	90
1546777703960	87
1546777703966	84
1546777763789	81
1546777763799	78
1546777763802	75
1546777763805	72
1546777763808	68
1546777763810	65
1546777833810	62
1546777833830	59
1546777833838	57
1546777833845	54
1546777833851	52
1546777833857	50
1546777833863	49
1546777893628	47
1546777893647	46
1546777893654	44
1546777893661	43
1546777893667	42
1546777893673	40
1546777953213	39
1546777953221	37
1546777953224	35
1546777953226	33
1546777953228	31
1546777953230	29
1546777953232	26
1546778023110	24
1546778023126	22
1546778023132	20
1546778023138	18
1546778023143	16
1546778023149	15
1546778083459	14
1546778083481	13
1546778083490	13
1546778083497	13
1546778083504	12
1546778083511	12
1546778153132	13
1546778153150	13
1546778153158	13
1546778153165	14
1546778153171	14
1546778153177	15
1546778153183	15
1546778212834	16
1546778212846	17
1546778212857	17
1546778212860	18
1546778212862	18
1546778212865	19
1546778273148	19
1546778273179	19
1546778273186	19
1546778273193	18
1546778273199	18
1546778273205	19
1546778273211	19
1546778342996	21
1546778343015	23
1546778343023	27
1546778343030	31
1546778343037	36
1546778343044	41
1546778402865	47
1546778402884	54
1546778402891	60
1546778402898	65
1546778402903	70
1546778402909	74
1546778472861	77
1546778472882	79
1546778472889	80
1546778472896	80
1546778472903	80
1546778472909	78
1546778472915	77
1546778532781	75
1546778532802	73
1546778532810	70
1546778532817	68
1546778532823	66
1546778532829	64
1546778592373	62
1546778592391	61
1546778592399	59
1546778592405	58
1546778592411	57
1546778592417	56
1546778592424	55
1546778662577	55
1546778662597	54
1546778662605	54
1546778662612	53
1546778662619	53
1546778662625	53
1546778722176	52
1546778722196	51
1546778722204	50
1546778722211	49
1546778722217	48
1546778722223	47
1546778792001	45
1546778792020	44
1546778792028	42
1546778792036	41
1546778792043	39
1546778792050	38
1546778792056	36
1546778851962	35
1546778851984	34
1546778851993	33
1546778852000	32
1546778852006	31
1546778852013	30
1546778912206	30
1546778912228	29
1546778912235	29
1546778912242	29
1546778912248	28
1546778912254	28
1546778912260	27
1546778982088	27
1546778982109	27
1546778982117	26
1546778982124	25
1546778982130	24
1546778982136	23
1546779041697	23
1546779041715	22
1546779041723	21
1546779041729	21
1546779041735	23
1546779041741	25
1546779111761	28
1546779111779	32
1546779111786	37
1546779111793	44
1546779111798	51
1546779111805	58
1546779111811	65
1546779171827	71
1546779171845	77
1546779171853	82
1546779171860	86
1546779171866	89
1546779171872	91
1546779231452	92
1546779231472	92
1546779231480	91
1546779231487	89
1546779231493	88
1546779231499	86
1546779231505	83
1546779301182	81
1546779301198	78
1546779301204	76
1546779301210	74
1546779301215	72
1546779301221	70
1546779361381	68
1546779361399	67
1546779361407	66
1546779361413	65
1546779361419	65
1546779361425	64
1546779431628	64
1546779431648	64
1546779431656	65
1546779431663	65
1546779431669	64
1546779431675	64
1546779431681	64
1546779491117	64
1546779491136	63
1546779491144	62
1546779491150	61
1546779491156	60
1546779491162	58
1546779550949	57
1546779550968	55
1546779550976	53
1546779550983	52
1546779550991	50
1546779550999	48
1546779551005	46
1546779621129	44
1546779621150	43
1546779621158	41
1546779621164	40
1546779621171	38
1546779621177	37
1546779681110	36
1546779681131	35
1546779681139	34
1546779681145	33
1546779681152	32
1546779681158	32
1546779750537	31
1546779750556	30
1546779750564	28
1546779750571	27
1546779750578	26
1546779750584	25
1546779750591	24
1546779810440	24
1546779810461	25
1546779810469	27
1546779810475	31
1546779810482	36
1546779810489	42
1546779870691	48
1546779870709	56
1546779870717	64
1546779870723	71
1546779870729	79
1546779870735	85
1546779870741	91
1546779940648	95
1546779940669	95
1546779940677	95
1546779940684	95
1546779940690	95
1546779940697	94
1546780000131	92
1546780000150	91
1546780000157	89
1546780000163	87
1546780000169	85
1546780000175	83
1546780070171	80
1546780070193	78
1546780070201	76
1546780070209	73
1546780070216	71
1546780070222	69
1546780070228	67
1546780129851	65
1546780129864	64
1546780129870	63
1546780129875	62
1546780129880	61
1546780129884	60
1546780189840	60
1546780189861	60
1546780189869	60
1546780189876	60
1546780189882	60
1546780189888	60
1546780189894	60
1546780260127	59
1546780260147	58
1546780260155	57
1546780260161	55
1546780260168	54
1546780260174	51
1546780319779	49
1546780319800	47
1546780319808	44
1546780319815	41
1546780319821	39
1546780319827	36
1546780389547	33
1546780389567	31
1546780389576	28
1546780389582	26
1546780389588	24
1546780389595	22
1546780389601	21
1546780449621	19
1546780449642	18
1546780449650	17
1546780449657	17
1546780449664	16
1546780449670	16
1546780509729	15
1546780509751	15
1546780509758	14
1546780509765	14
1546780509771	13
1546780509777	13
1546780509783	13
1546780579323	13
1546780579344	14
1546780579352	16
1546780579359	20
1546780579365	24
1546780579372	30
1546780639551	37
1546780639573	44
1546780639581	52
1546780639588	60
1546780639594	68
1546780639601	75
1546780709311	82
1546780709330	87
1546780709337	92
1546780709344	95
1546780709350	95
1546780709356	95
1546780709362	95
1546780769030	95
1546780769044	94
1546780769048	93
1546780769051	92
1546780769055	91
1546780769058	90
1546780829279	89
1546780829301	87
1546780829308	85
1546780829316	84
1546780829322	82
1546780829329	80
1546780829335	79
1546780899040	77
1546780899058	76
1546780899066	75
1546780899072	74
1546780899078	73
1546780899084	73
1546780958970	72
1546780958988	72
1546780958995	71
1546780959002	71
1546780959008	71
1546780959015	70
1546781028603	70
1546781028624	69
1546781028632	68
1546781028638	67
1546781028645	65
1546781028651	64
1546781028657	62
1546781088761	61
1546781088780	59
1546781088787	57
1546781088794	55
1546781088800	53
1546781088807	50
1546781148677	48
1546781148696	46
1546781148703	45
1546781148709	43
1546781148715	42
1546781148721	40
1546781148727	39
1546781218268	38
1546781218285	37
1546781218293	36
1546781218300	35
1546781218306	34
1546781218312	33
1546781278477	32
1546781278495	31
1546781278502	30
1546781278509	29
1546781278515	27
1546781278521	26
1546781348102	24
1546781348118	23
1546781348124	21
1546781348130	20
1546781348135	20
1546781348140	20
1546781348145	22
1546781408302	25
1546781408320	29
1546781408328	34
1546781408334	40
1546781408341	47
1546781408347	55
1546781468113	63
1546781468122	71
1546781468126	78
1546781468128	85
1546781468131	91
1546781468133	95
1546781468136	95
1546781537860	95
1546781537881	95
1546781537889	94
1546781537895	94
1546781537901	94
1546781537908	93
1546781597819	92
1546781597839	91
1546781597847	89
1546781597854	87
1546781597860	86
1546781597866	84
1546781667640	82
1546781667658	80
1546781667666	78
1546781667672	76
1546781667679	75
1546781667685	73
1546781667691	72
1546781728002	70
1546781728023	69
1546781728030	68
1546781728038	67
1546781728044	66
1546781728050	65
1546781787472	64
1546781787491	63
1546781787500	62
1546781787507	61
1546781787514	60
1546781787521	59
1546781787527	58
1546781857458	57
1546781857476	56
1546781857484	55
1546781857491	54
1546781857497	53
1546781857503	52
1546781917207	51
1546781917216	50
1546781917220	49
1546781917222	48
1546781917225	48
1546781917227	47
1546781987114	47
1546781987123	47
1546781987125	47
1546781987128	47
1546781987130	47
1546781987132	47
1546781987134	47
1546782047010	48
1546782047020	48
1546782047024	48
1546782047026	48
1546782047028	48
1546782047030	48
1546782106979	48
1546782106996	48
1546782107003	49
1546782107010	49
1546782107016	51
1546782107022	53
1546782107028	56
1546782176898	60
1546782176915	65
1546782176923	70
1546782176929	76
1546782176935	83
1546782176942	89
1546782236751	95
1546782236759	95
1546782236762	95
1546782236765	95
1546782236767	95
1546782236769	95
1546782306757	95
1546782306770	94
1546782306776	94
1546782306781	94
1546782306785	94
1546782306790	93
1546782306794	92
1546782367074	92
1546782367094	91
1546782367102	90
1546782367109	89
1546782367115	89
1546782367121	88
1546782426571	87
1546782426589	87
1546782426597	86
1546782426603	85
1546782426610	85
1546782426616	84
1546782426621	83
1546782496552	83
1546782496570	82
1546782496578	82
1546782496585	81
1546782496591	80
1546782496597	79
1546782556400	79
1546782556421	78
1546782556428	77
1546782556435	76
1546782556442	76
1546782556448	75
1546782626320	74
1546782626338	73
1546782626346	72
1546782626353	71
1546782626359	70
1546782626365	70
1546782626371	69
1546782686336	68
1546782686350	68
1546782686355	67
1546782686360	66
1546782686364	65
1546782686368	65
1546782746123	64
1546782746135	63
1546782746139	62
1546782746142	61
1546782746145	61
1546782746147	60
1546782746150	59
1546782816280	58
1546782816298	57
1546782816306	56
1546782816312	55
1546782816319	53
1546782816325	52
1546782875889	51
1546782875907	49
1546782875914	48
1546782875921	47
1546782875926	45
1546782875933	44
1546782945930	43
1546782945948	42
1546782945956	43
1546782945962	44
1546782945968	45
1546782945974	48
1546782945980	51
1546783005913	55
1546783005931	60
1546783005939	65
1546783005945	70
1546783005952	75
1546783005958	79
1546783065801	84
1546783065823	87
1546783065831	90
1546783065837	93
1546783065844	94
1546783065850	95
1546783065856	94
1546783135655	94
1546783135676	94
1546783135684	93
1546783135691	93
1546783135697	92
1546783135704	91
1546783195447	90
1546783195466	89
1546783195474	87
1546783195480	86
1546783195487	85
1546783195493	84
1546783265736	83
1546783265757	81
1546783265766	80
1546783265773	79
1546783265779	78
1546783265786	78
1546783265792	77
1546783325429	76
1546783325447	76
1546783325455	75
1546783325461	74
1546783325468	74
1546783325474	73
1546783385586	72
1546783385606	71
1546783385614	70
1546783385622	69
1546783385628	67
1546783385635	66
1546783385641	64
1546783455232	63
1546783455253	61
1546783455261	60
1546783455267	58
1546783455274	57
1546783455281	55
1546783515275	54
1546783515293	52
1546783515300	51
1546783515306	50
1546783515312	48
1546783515318	47
1546783585113	46
1546783585134	45
1546783585142	43
1546783585149	42
1546783585155	41
1546783585162	40
1546783585168	39
1546783645116	38
1546783645135	37
1546783645142	36
1546783645149	35
1546783645155	33
1546783645161	32
1546783704999	31
1546783705017	30
1546783705025	29
1546783705031	28
1546783705037	27
1546783705043	25
1546783705049	24
1546783774799	23
1546783774814	22
1546783774820	21
1546783774825	20
1546783774830	20
1546783774835	20
1546783834955	22
1546783834979	24
1546783834986	28
1546783834993	32
1546783835000	37
1546783835006	42
1546783904805	48
1546783904826	54
1546783904834	60
1546783904841	66
1546783904848	71
1546783904854	75
1546783904860	78
1546783964569	81
1546783964583	83
1546783964589	84
1546783964593	85
1546783964598	85
1546783964602	84
1546784024135	84
1546784024143	83
1546784024146	82
1546784024149	81
1546784024151	80
1546784024153	79
1546784024155	78
1546784094620	77
1546784094640	75
1546784094648	74
1546784094654	73
1546784094661	72
1546784094667	71
1546784154408	70
1546784154429	69
1546784154437	68
1546784154444	68
1546784154450	67
1546784154456	67
1546784223979	67
1546784223997	66
1546784224004	66
1546784224011	65
1546784224017	65
1546784224023	64
1546784224029	64
1546784284263	63
1546784284284	62
1546784284292	61
1546784284299	60
1546784284305	59
1546784284312	57
1546784344167	56
1546784344188	55
1546784344197	54
1546784344203	52
1546784344209	51
1546784344215	50
1546784344221	48
1546784413938	47
1546784413956	46
1546784413964	45
1546784413970	44
1546784413976	43
1546784413992	42
1546784473430	41
1546784473439	40
1546784473441	39
1546784473443	38
1546784473446	38
1546784473448	37
1546784543423	36
1546784543441	35
1546784543448	34
1546784543455	33
1546784543461	32
1546784543467	30
1546784543473	29
1546784603351	28
1546784603372	26
1546784603380	25
1546784603386	23
1546784603392	22
1546784603398	21
1546784663630	20
1546784663648	20
1546784663656	21
1546784663662	22
1546784663669	25
1546784663675	28
1546784663681	32
1546784733106	38
1546784733116	43
1546784733119	49
1546784733122	55
1546784733125	61
1546784733127	67
1546784793900	71
1546784793918	75
1546784793925	78
1546784793932	80
1546784793939	81
1546784793945	81
1546784863169	80
1546784863188	79
1546784863195	77
1546784863202	76
1546784863208	74
1546784863214	72
1546784863220	70
1546784923059	68
1546784923081	66
1546784923089	64
1546784923097	62
1546784923104	61
1546784923111	60
1546784983115	59
1546784983137	58
1546784983144	58
1546784983151	57
1546784983157	57
1546784983199	57
1546784983205	58
1546785052664	58
1546785052684	59
1546785052692	59
1546785052699	60
1546785052705	60
1546785052711	60
1546785112897	60
1546785112918	60
1546785112926	60
1546785112932	59
1546785112938	58
1546785112944	57
1546785182825	55
1546785182846	54
1546785182854	52
1546785182861	50
1546785182868	49
1546785182875	47
1546785182880	45
1546785242649	44
1546785242668	42
1546785242676	41
1546785242682	40
1546785242688	39
1546785242694	39
1546785302564	39
1546785302582	38
1546785302590	38
1546785302597	38
1546785302603	38
1546785302609	38
1546785302615	38
1546785372406	38
1546785372424	38
1546785372431	37
1546785372437	37
1546785372443	36
1546785372449	35
1546785432452	35
1546785432473	34
1546785432481	34
1546785432488	34
1546785432495	35
1546785432501	37
1546785502225	40
1546785502242	45
1546785502250	50
1546785502256	56
1546785502263	62
1546785502269	69
1546785502275	76
1546785562346	83
1546785562365	89
1546785562372	95
1546785562379	95
1546785562385	95
1546785562392	95
1546785622074	95
1546785622093	95
1546785622101	94
1546785622107	94
1546785622113	93
1546785622119	92
1546785622125	90
1546785692097	89
1546785692118	87
1546785692126	85
1546785692133	84
1546785692139	82
1546785692145	81
1546785751856	79
1546785751872	78
1546785751879	77
1546785751884	75
1546785751889	74
1546785751895	74
1546785821541	73
1546785821559	72
1546785821567	71
1546785821573	71
1546785821579	70
1546785821586	69
1546785821591	68
1546785881345	67
1546785881364	66
1546785881372	65
1546785881379	63
1546785881386	62
1546785881393	60
1546785941359	58
1546785941377	56
1546785941385	54
1546785941392	52
1546785941398	50
1546785941404	48
1546785941410	46
1546786011166	45
1546786011184	43
1546786011191	42
1546786011196	41
1546786011202	40
1546786011208	39
1546786071143	39
1546786071163	38
1546786071171	38
1546786071178	38
1546786071184	38
1546786071190	37
1546786141396	37
1546786141414	37
1546786141422	36
1546786141428	36
1546786141434	36
1546786141440	35
1546786141446	34
1546786201232	33
1546786201250	32
1546786201258	31
1546786201265	30
1546786201271	29
1546786201277	28
1546786260996	27
1546786261006	26
1546786261009	25
1546786261012	26
1546786261014	27
1546786261017	29
1546786261019	32
1546786331083	36
1546786331103	41
1546786331112	46
1546786331119	53
1546786331126	59
1546786331132	66
1546786391145	72
1546786391164	78
1546786391171	83
1546786391178	87
1546786391184	90
1546786391190	93
1546786460744	94
1546786460763	95
1546786460770	95
1546786460777	94
1546786460783	93
1546786460789	92
1546786460795	91
1546786520904	90
1546786520922	88
1546786520930	87
1546786520936	85
1546786520942	84
1546786520948	82
1546786580578	81
1546786580595	80
1546786580603	78
1546786580610	77
1546786580616	76
1546786580622	76
1546786580628	75
1546786650219	74
1546786650232	74
1546786650238	73
1546786650242	73
1546786650247	72
1546786650252	72
1546786710105	72
1546786710123	71
1546786710130	70
1546786710137	70
1546786710143	69
1546786710149	68
1546786780343	67
1546786780361	65
1546786780368	64
1546786780375	62
1546786780381	61
1546786780387	59
1546786780393	57
1546786839981	56
1546786839999	54
1546786840006	52
1546786840013	51
1546786840019	49
1546786840025	48
1546786899817	47
1546786899826	45
1546786899829	44
1546786899832	43
1546786899835	42
1546786899837	41
1546786899840	40
1546786969722	38
1546786969736	37
1546786969741	36
1546786969746	35
1546786969750	34
1546786969755	33
1546787029563	31
1546787029576	30
1546787029582	29
1546787029586	27
1546787029591	26
1546787029595	24
1546787099572	23
1546787099590	21
1546787099598	20
1546787099604	19
1546787099611	18
1546787099617	18
1546787099623	19
1546787159732	20
1546787159750	23
1546787159758	27
1546787159764	32
1546787159770	38
1546787159776	45
1546787219837	52
1546787219855	59
1546787219862	66
1546787219869	72
1546787219875	78
1546787219881	83
1546787219887	87
1546787289931	90
1546787289953	92
1546787289961	93
1546787289967	93
1546787289974	92
1546787289980	91
1546787349380	90
1546787349390	88
1546787349393	86
1546787349396	84
1546787349398	83
1546787349401	81
1546787419527	79
1546787419549	77
1546787419556	76
1546787419563	75
1546787419569	74
1546787419575	73
1546787419582	72
1546787479049	72
1546787479068	71
1546787479075	71
1546787479082	71
1546787479088	71
1546787479094	71
1546787539382	71
1546787539403	71
1546787539411	71
1546787539417	70
1546787539423	70
1546787539430	69
1546787539437	68
1546787609224	67
1546787609245	66
1546787609253	65
1546787609260	63
1546787609266	61
1546787609273	59
1546787668763	57
1546787668784	55
1546787668791	53
1546787668798	51
1546787668804	49
1546787668811	47
1546787738899	45
1546787738919	43
1546787738926	41
1546787738932	39
1546787738939	37
1546787738945	36
1546787738951	34
1546787798624	33
1546787798633	32
1546787798648	30
1546787798651	29
1546787798653	28
1546787798656	27
1546787858482	26
1546787858503	25
1546787858511	24
1546787858519	23
1546787858525	22
1546787858532	21
1546787858539	20
1546787928535	19
1546787928553	18
1546787928561	17
1546787928567	17
1546787928573	17
1546787928579	19
1546787988451	21
1546787988469	24
1546787988476	28
1546787988483	34
1546787988489	40
1546787988495	47
1546788058148	54
1546788058168	61
1546788058176	68
1546788058183	75
1546788058190	80
1546788058196	85
1546788058202	89
1546788118539	91
1546788118559	93
1546788118567	93
1546788118574	93
1546788118580	92
1546788118587	91
1546788177974	89
1546788177992	87
1546788178000	85
1546788178007	84
1546788178013	82
1546788178019	80
1546788178026	79
1546788248086	78
1546788248105	77
1546788248113	76
1546788248119	76
1546788248125	75
1546788248131	75
1546788307588	75
1546788307597	75
1546788307600	75
1546788307603	75
1546788307605	75
1546788307608	74
1546788377889	73
1546788377907	72
1546788377915	71
1546788377922	69
1546788377928	67
1546788377934	64
1546788377940	61
1546788437572	58
1546788437592	54
1546788437600	51
1546788437607	47
1546788437613	44
1546788437620	41
1546788497506	38
1546788497523	36
1546788497531	33
1546788497538	31
1546788497544	30
1546788497550	29
1546788497556	28
1546788567621	27
1546788567639	27
1546788567646	27
1546788567653	27
1546788567659	27
1546788567665	27
1546788627579	27
1546788627591	26
1546788627594	26
1546788627598	26
1546788627601	25
1546788627603	25
1546788697458	25
1546788697477	25
1546788697484	26
1546788697490	27
1546788697496	30
1546788697502	34
1546788697508	39
1546788757383	45
1546788757403	51
1546788757410	59
1546788757417	66
1546788757423	74
1546788757429	81
1546788817061	88
1546788817080	94
1546788817089	95
1546788817096	95
1546788817103	95
1546788817110	95
1546788817117	95
1546788886870	94
1546788886889	93
1546788886896	92
1546788886903	90
1546788886909	89
1546788886916	87
1546788946792	85
1546788946811	83
1546788946819	81
1546788946827	79
1546788946833	77
1546788946840	75
1546789016665	74
1546789016678	73
1546789016684	72
1546789016689	71
1546789016694	70
1546789016698	70
1546789016702	70
1546789076525	70
1546789076535	70
1546789076538	70
1546789076541	70
1546789076543	70
1546789076546	69
1546789136583	69
1546789136601	68
1546789136609	67
1546789136615	66
1546789136622	65
1546789136628	63
1546789136634	62
1546789206700	60
1546789206718	58
1546789206725	56
1546789206732	54
1546789206738	52
1546789206744	50
1546789266355	49
1546789266369	47
1546789266374	45
1546789266379	44
1546789266383	43
1546789266387	41
1546789336194	40
1546789336203	39
1546789336207	38
1546789336209	37
1546789336212	35
1546789336214	34
1546789336217	33
1546789396220	32
1546789396238	32
1546789396245	32
1546789396252	32
1546789396258	34
1546789396264	36
1546789456351	40
1546789456369	44
1546789456377	48
1546789456384	53
1546789456390	59
1546789456396	64
1546789456402	69
1546789526209	74
1546789526230	78
1546789526238	82
1546789526245	84
1546789526252	86
1546789526258	87
1546789585855	88
1546789585873	87
1546789585880	86
1546789585886	85
1546789585893	84
1546789585899	82
1546789655758	80
1546789655776	78
1546789655784	76
1546789655791	74
1546789655798	72
1546789655804	70
1546789655810	68
1546789715688	67
1546789715707	65
1546789715715	64
1546789715722	62
1546789715729	61
1546789715736	61
1546789775529	60
1546789775539	59
1546789775542	58
1546789775545	58
1546789775548	57
1546789775550	56
1546789775553	55
1546789845573	54
1546789845591	53
1546789845598	52
1546789845605	51
1546789845611	50
1546789845617	49
1546789905380	48
1546789905398	48
1546789905405	47
1546789905411	46
1546789905418	45
1546789905424	44
1546789975567	42
1546789975589	41
1546789975596	40
1546789975603	38
1546789975609	37
1546789975615	35
1546789975621	33
1546790035101	31
1546790035110	29
1546790035113	27
1546790035115	25
1546790035118	23
1546790035120	22
1546790095086	20
1546790095105	20
1546790095113	20
1546790095120	22
1546790095126	24
1546790095133	28
1546790095140	33
1546790165031	39
1546790165049	46
1546790165056	53
1546790165063	60
1546790165069	68
1546790165075	75
1546790225031	82
1546790225049	88
1546790225056	92
1546790225062	95
1546790225068	95
1546790225074	94
1546790294839	94
1546790294857	94
1546790294864	94
1546790294871	93
1546790294877	92
1546790294883	90
1546790294889	89
1546790355031	87
1546790355050	85
1546790355058	83
1546790355064	80
1546790355070	78
1546790355076	76
1546790414586	73
1546790414594	71
1546790414597	69
1546790414600	68
1546790414603	66
1546790414605	64
1546790414608	63
1546790484576	62
1546790484594	61
1546790484602	60
1546790484608	59
1546790484614	58
1546790484621	57
1546790544778	56
1546790544796	55
1546790544804	54
1546790544811	52
1546790544817	51
1546790544823	49
1546790614574	47
1546790614592	45
1546790614600	43
1546790614606	42
1546790614612	40
1546790614618	38
1546790614624	36
1546790674320	34
1546790674333	32
1546790674338	31
1546790674343	29
1546790674348	27
1546790674352	26
1546790734259	24
1546790734274	23
1546790734280	21
1546790734285	20
1546790734290	18
1546790734295	17
1546790734300	15
1546790804076	13
1546790804094	11
1546790804101	10
1546790804108	8
1546790804114	7
1546790804121	6
1546790864275	6
1546790864294	7
1546790864302	9
1546790864308	13
1546790864314	17
1546790864320	23
1546790934093	29
1546790934112	36
1546790934120	43
1546790934126	50
1546790934132	57
1546790934138	63
1546790934144	69
1546790993694	73
1546790993703	77
1546790993706	80
1546790993709	81
1546790993711	82
1546790993714	82
1546791053578	81
1546791053597	79
1546791053606	77
1546791053613	75
1546791053620	72
1546791053627	70
1546791053634	67
1546791123513	64
1546791123526	61
1546791123531	58
1546791123536	56
1546791123540	54
1546791123545	52
1546791183381	50
1546791183395	49
1546791183400	48
1546791183405	47
1546791183409	47
1546791183414	47
1546791253307	46
1546791253325	46
1546791253333	46
1546791253339	45
1546791253345	45
1546791253351	44
1546791253357	44
1546791313121	43
1546791313129	42
1546791313133	41
1546791313136	40
1546791313138	39
1546791313141	37
1546791373070	36
1546791373088	35
1546791373095	33
1546791373102	31
1546791373108	30
1546791373114	28
1546791373120	26
1546791443324	24
1546791443343	22
1546791443350	19
1546791443357	17
1546791443363	15
1546791443369	13
1546791503209	11
1546791503227	9
1546791503235	7
1546791503241	5
1546791503247	5
1546791503253	5
1546791573255	5
1546791573277	5
1546791573285	6
1546791573292	7
1546791573299	9
1546791573306	12
1546791573312	16
1546791632994	22
1546791633012	28
1546791633020	35
1546791633026	42
1546791633032	49
1546791633038	55
1546791692604	61
1546791692613	67
1546791692616	71
1546791692619	74
1546791692622	76
1546791692624	77
1546791692627	77
1546791762875	77
1546791762896	75
1546791762904	74
1546791762911	72
1546791762917	70
1546791762923	68
1546791822426	67
1546791822444	66
1546791822452	65
1546791822458	64
1546791822465	64
1546791822471	63
1546791892164	62
1546791892173	62
1546791892176	61
1546791892179	60
1546791892182	59
1546791892184	58
1546791892187	57
1546791952097	56
1546791952110	55
1546791952115	54
1546791952120	52
1546791952124	51
1546791952129	50
1546792011990	49
1546792012003	48
1546792012009	47
1546792012013	46
1546792012018	45
1546792012022	44
1546792012026	42
1546792081847	41
1546792081857	40
1546792081861	39
1546792081863	37
1546792081866	36
1546792081868	34
1546792141851	32
1546792141864	30
1546792141869	28
1546792141874	26
1546792141878	23
1546792141882	21
1546792211903	19
1546792211925	17
1546792211933	15
1546792211940	13
1546792211946	11
1546792211952	10
1546792211958	9
1546792271646	8
1546792271665	8
1546792271672	7
1546792271678	6
1546792271685	6
1546792271691	6
1546792331844	6
1546792331858	6
1546792331862	7
1546792331866	9
1546792331869	11
1546792331872	15
1546792331875	19
1546792401358	24
1546792401376	30
1546792401382	37
1546792401388	43
1546792401393	50
1546792401399	57
1546792461304	63
1546792461324	68
1546792461332	73
1546792461339	77
1546792461347	80
1546792461354	81
1546792531188	83
1546792531206	83
1546792531213	83
1546792531220	83
1546792531226	82
1546792531232	80
1546792531238	79
1546792591129	78
1546792591148	76
1546792591156	75
1546792591163	74
1546792591169	73
1546792591175	72
1546792651425	72
1546792651447	71
1546792651455	71
1546792651462	71
1546792651469	71
1546792651475	71
1546792651481	71
1546792720917	71
1546792720940	70
1546792720952	70
1546792720961	69
1546792720970	68
1546792720979	66
1546792780746	64
1546792780764	62
1546792780771	60
1546792780777	58
1546792780783	56
1546792780789	53
1546792850679	51
1546792850696	49
1546792850704	47
1546792850711	45
1546792850717	44
1546792850723	42
1546792850729	41
1546792910632	40
1546792910653	38
1546792910661	37
1546792910668	35
1546792910674	34
1546792910680	32
1546792970785	30
1546792970803	28
1546792970810	25
1546792970817	23
1546792970823	20
1546792970829	18
1546792970835	16
1546793040329	13
1546793040346	11
1546793040354	9
1546793040360	7
1546793040367	5
1546793040373	6
1546793100561	6
1546793100579	6
1546793100587	7
1546793100594	9
1546793100600	12
1546793100606	16
1546793170157	20
1546793170176	26
1546793170184	32
1546793170191	39
1546793170198	45
1546793170205	52
1546793170211	59
1546793230086	65
1546793230107	70
1546793230115	75
1546793230121	79
1546793230128	82
1546793230134	85
1546793290302	86
1546793290324	87
1546793290332	88
1546793290339	88
1546793290346	88
1546793290353	88
1546793290360	88
1546793360096	88
1546793360114	88
1546793360122	89
1546793360128	90
1546793360135	90
1546793360141	91
1546793419736	92
1546793419755	92
1546793419762	92
1546793419769	91
1546793419775	90
1546793419781	88
1546793489850	86
1546793489869	83
1546793489876	80
1546793489883	77
1546793489889	74
1546793489895	71
1546793489900	68
1546793550058	66
1546793550079	65
1546793550087	64
1546793550094	64
1546793550100	65
1546793550106	66
1546793609372	67
1546793609382	69
1546793609385	70
1546793609388	71
1546793609391	71
1546793609393	71
1546793609396	70
1546793679713	69
1546793679734	67
1546793679742	64
1546793679749	61
1546793679755	58
1546793679762	55
1546793739542	52
1546793739561	49
1546793739568	46
1546793739575	43
1546793739582	41
1546793739588	39
1546793809372	38
1546793809387	37
1546793809395	36
1546793809400	36
1546793809405	37
1546793809411	37
1546793809416	37
1546793869425	38
1546793869446	38
1546793869454	38
1546793869468	38
1546793869474	37
1546793869480	37
1546793929221	36
1546793929239	36
1546793929247	36
1546793929253	38
1546793929259	41
1546793929266	45
1546793929272	50
1546793998951	56
1546793998969	64
1546793998977	72
1546793998983	80
1546793998989	89
1546793998996	95
1546794058716	95
1546794058731	95
1546794058738	95
1546794058743	95
1546794058748	94
1546794058754	92
1546794129012	88
1546794129033	83
1546794129041	77
1546794129048	71
1546794129055	64
1546794129061	58
1546794129067	51
1546794188833	45
1546794188851	40
1546794188858	35
1546794188865	32
1546794188871	29
1546794188877	28
1546794248436	28
1546794248449	28
1546794248454	29
1546794248459	30
1546794248464	32
1546794248468	33
1546794248472	35
1546794318358	35
1546794318376	35
1546794318383	35
1546794318390	33
1546794318396	31
1546794318402	28
1546794378442	25
1546794378456	21
1546794378462	17
1546794378466	13
1546794378471	10
1546794378475	6
1546794448453	5
1546794448481	5
1546794448491	5
1546794448500	5
1546794448509	5
1546794448519	5
1546794448527	5
1546794508361	5
1546794508379	5
1546794508387	5
1546794508394	5
1546794508400	5
1546794508406	5
1546794568204	5
1546794568214	5
1546794568217	5
1546794568219	5
1546794568222	5
1546794568225	5
1546794568227	5
1546794638140	5
1546794638158	5
1546794638166	5
1546794638173	5
1546794638179	5
1546794638185	5
1546794698199	6
1546794698217	8
1546794698225	11
1546794698231	13
1546794698237	17
1546794698243	20
1546794767941	24
1546794767960	27
1546794767967	30
1546794767973	33
1546794767979	36
1546794767985	38
1546794767991	39
1546794827843	40
1546794827861	40
1546794827868	40
1546794827875	40
1546794827881	39
1546794827887	39
1546794887766	38
1546794887785	37
1546794887793	36
1546794887799	36
1546794887806	35
1546794887812	34
1546794887818	34
1546794957794	33
1546794957815	32
1546794957823	32
1546794957830	31
1546794957836	31
1546794957843	30
1546795017289	29
1546795017299	29
1546795017302	28
1546795017305	28
1546795017308	27
1546795017311	27
1546795087136	26
1546795087151	26
1546795087159	26
1546795087164	26
1546795087169	26
1546795087175	26
1546795087180	27
1546795147133	27
1546795147154	27
1546795147161	27
1546795147168	27
1546795147174	27
1546795147180	26
1546795207305	25
1546795207327	25
1546795207336	23
1546795207342	22
1546795207348	21
1546795207354	19
1546795207360	18
1546795276822	17
1546795276842	16
1546795276850	15
1546795276857	14
1546795276863	14
1546795276869	14
1546795337209	14
1546795337230	14
1546795337237	15
1546795337244	16
1546795337251	16
1546795337258	17
1546795406565	18
1546795406574	18
1546795406577	18
1546795406579	18
1546795406581	18
1546795406583	17
1546795406585	16
1546795466862	16
1546795466881	16
1546795466888	16
1546795466895	17
1546795466901	19
1546795466907	21
1546795526405	24
1546795526414	27
1546795526417	31
1546795526420	36
1546795526423	40
1546795526425	44
1546795526427	48
1546795596253	51
1546795596269	54
1546795596276	56
1546795596281	58
1546795596287	58
1546795596292	58
1546795656253	58
1546795656272	56
1546795656281	55
1546795656288	53
1546795656295	51
1546795656302	49
1546795726412	47
1546795726430	46
1546795726438	44
1546795726444	42
1546795726450	41
1546795726456	40
1546795726462	39
1546795786042	38
1546795786059	38
1546795786067	38
1546795786073	38
1546795786080	38
1546795786086	38
1546795845942	38
1546795845963	38
1546795845971	38
1546795845977	38
1546795845984	37
1546795845990	37
1546795845996	36
1546795916115	36
1546795916133	35
1546795916141	34
1546795916147	34
1546795916153	33
1546795916159	32
1546795975716	31
1546795975731	31
1546795975736	30
1546795975741	29
1546795975745	29
1546795975749	28
1546796045611	28
1546796045632	27
1546796045639	26
1546796045647	26
1546796045653	25
1546796045659	24
1546796045665	23
1546796105700	22
1546796105718	21
1546796105726	20
1546796105732	20
1546796105738	19
1546796105744	18
1546796165760	18
1546796165782	17
1546796165790	17
1546796165797	16
1546796165804	16
1546796165810	16
1546796165817	16
1546796235407	16
1546796235416	16
1546796235420	16
1546796235422	16
1546796235425	17
1546796235427	17
1546796295587	19
1546796295608	20
1546796295616	22
1546796295623	25
1546796295629	28
1546796295636	32
1546796365400	36
1546796365418	40
1546796365426	44
1546796365433	48
1546796365439	51
1546796365445	54
1546796365451	56
1546796425014	58
1546796425024	59
1546796425028	60
1546796425030	60
1546796425033	60
1546796425035	59
1546796484918	58
1546796484939	57
1546796484947	56
1546796484954	54
1546796484960	53
1546796484967	51
1546796484972	50
1546796555040	48
1546796555059	46
1546796555066	45
1546796555073	44
1546796555079	43
1546796555085	42
1546796614924	41
1546796614942	41
1546796614949	41
1546796614955	42
1546796614961	42
1546796614967	43
1546796684945	44
1546796684966	46
1546796684974	47
1546796684981	48
1546796684988	48
1546796684994	49
1546796685000	49
1546796744741	48
1546796744759	48
1546796744767	47
1546796744773	45
1546796744779	43
1546796744785	42
1546796804391	40
1546796804408	38
1546796804415	37
1546796804422	36
1546796804428	35
1546796804434	34
1546796804440	34
1546796874265	34
1546796874275	35
1546796874278	36
1546796874281	37
1546796874284	38
1546796874286	39
1546796934735	40
1546796934758	41
1546796934767	41
1546796934774	41
1546796934781	40
1546796934788	39
1546797004007	38
1546797004017	37
1546797004019	36
1546797004022	34
1546797004024	33
1546797004026	32
1546797004028	31
1546797063911	31
1546797063924	31
1546797063930	32
1546797063934	32
1546797063939	34
1546797063943	36
1546797123867	39
1546797123885	42
1546797123893	46
1546797123899	51
1546797123905	55
1546797123911	60
1546797123917	65
1546797194146	70
1546797194167	75
1546797194175	79
1546797194182	82
1546797194188	84
1546797194195	86
1546797253633	88
1546797253649	88
1546797253655	89
1546797253661	88
1546797253666	88
1546797253671	88
1546797323543	87
1546797323553	87
1546797323556	86
1546797323558	85
1546797323561	85
1546797323564	84
1546797323566	83
1546797383896	82
1546797383919	80
1546797383932	78
1546797383943	76
1546797383953	74
1546797383964	71
1546797443582	69
1546797443605	67
1546797443613	65
1546797443620	63
1546797443626	62
1546797443633	62
1546797443640	61
1546797513855	62
1546797513876	62
1546797513883	63
1546797513890	64
1546797513896	64
1546797513902	65
1546797573098	65
1546797573107	65
1546797573110	65
1546797573112	63
1546797573114	61
1546797573117	58
1546797643105	54
1546797643125	50
1546797643134	46
1546797643141	41
1546797643148	36
1546797643155	32
1546797643162	27
1546797703088	24
1546797703098	21
1546797703101	18
1546797703104	17
1546797703106	15
1546797703109	15
1546797763160	15
1546797763179	15
1546797763188	15
1546797763195	16
1546797763201	16
1546797763208	15
1546797763215	15
1546797832817	13
1546797832837	12
1546797832845	9
1546797832852	7
1546797832858	5
1546797832865	5
1546797892660	5
1546797892679	5
1546797892686	5
1546797892692	5
1546797892698	6
1546797892704	8
1546797962477	11
1546797962491	14
1546797962496	19
1546797962501	24
1546797962506	29
1546797962510	33
1546797962515	38
1546798022782	41
1546798022800	45
1546798022807	47
1546798022813	48
1546798022819	49
1546798022825	48
1546798082358	47
1546798082377	46
1546798082384	44
1546798082391	42
1546798082397	39
1546798082403	37
1546798082409	35
1546798152265	33
1546798152286	32
1546798152294	31
1546798152301	30
1546798152307	29
1546798152314	28
1546798212057	28
1546798212066	28
1546798212069	28
1546798212072	28
1546798212075	28
1546798212077	27
1546798282405	27
1546798282426	27
1546798282434	27
1546798282440	27
1546798282446	26
1546798282452	26
1546798282458	25
1546798341963	25
1546798341984	24
1546798341992	24
1546798341999	23
1546798342006	22
1546798342012	22
1546798401682	21
1546798401691	21
1546798401694	20
1546798401696	20
1546798401698	19
1546798401700	19
1546798401703	18
1546798471691	17
1546798471712	16
1546798471720	16
1546798471727	15
1546798471733	14
1546798471739	13
1546798531705	12
1546798531726	11
1546798531733	10
1546798531740	10
1546798531746	9
1546798531753	9
1546798601736	9
1546798601754	9
1546798601762	9
1546798601768	10
1546798601774	10
1546798601780	10
1546798601786	10
1546798661404	10
1546798661422	10
1546798661430	11
1546798661436	11
1546798661442	12
1546798661448	14
1546798721713	16
1546798721734	19
1546798721742	22
1546798721750	27
1546798721756	31
1546798721763	36
1546798721769	40
1546798791142	45
1546798791161	49
1546798791170	53
1546798791199	56
1546798791206	59
1546798791214	60
1546798851131	61
1546798851149	62
1546798851157	62
1546798851164	61
1546798851168	60
1546798851171	59
1546798921525	58
1546798921547	56
1546798921556	55
1546798921563	53
1546798921569	52
1546798921576	51
1546798921582	50
1546798980950	49
1546798980971	48
1546798980979	47
1546798980986	46
1546798980992	45
1546798980998	45
1546799040781	44
1546799040798	44
1546799040805	44
1546799040812	43
1546799040818	43
1546799040824	43
1546799040830	43
1546799110677	43
1546799110695	42
1546799110703	42
1546799110710	42
1546799110716	41
1546799110722	41
1546799171049	40
1546799171069	39
1546799171077	38
1546799171083	37
1546799171089	36
1546799171095	35
1546799240766	34
1546799240784	33
1546799240792	32
1546799240799	31
1546799240805	30
1546799240811	29
1546799240817	28
1546799300691	27
1546799300710	26
1546799300717	25
1546799300724	24
1546799300729	24
1546799300736	23
1546799360591	23
1546799360610	22
1546799360617	22
1546799360624	22
1546799360630	21
1546799360636	21
1546799360642	20
1546799430857	20
1546799430880	19
1546799430889	19
1546799430896	18
1546799430902	18
1546799430908	17
1546799490488	17
1546799490506	18
1546799490514	19
1546799490520	20
1546799490526	23
1546799490532	26
1546799560133	30
1546799560143	35
1546799560146	40
1546799560149	45
1546799560151	50
1546799560154	55
1546799560156	60
1546799620418	64
1546799620439	67
1546799620447	70
1546799620454	71
1546799620461	72
1546799620468	72
1546799680108	72
1546799680126	71
1546799680134	70
1546799680140	69
1546799680146	67
1546799680153	66
1546799680159	64
1546799749580	62
1546799749594	60
1546799749599	59
1546799749604	57
1546799749608	55
1546799749613	54
1546799809857	52
1546799809875	51
1546799809882	49
1546799809889	48
1546799809895	47
1546799809901	47
1546799879332	46
1546799879341	46
1546799879345	46
1546799879347	47
1546799879350	47
1546799879352	48
1546799879355	48
1546799939456	49
1546799939476	49
1546799939484	50
1546799939490	50
1546799939497	50
1546799939503	50
1546799999644	49
1546799999665	48
1546799999673	46
1546799999680	45
1546799999686	43
1546799999692	41
1546799999698	39
1546800069060	37
1546800069073	35
1546800069079	33
1546800069084	32
1546800069088	31
1546800069093	31
1546800129129	31
1546800129146	31
1546800129153	32
1546800129160	33
1546800129166	34
1546800129172	34
1546800198973	35
1546800198991	36
1546800199000	36
1546800199007	35
1546800199014	35
1546800199021	33
1546800199027	32
1546800258978	30
1546800258996	28
1546800259004	27
1546800259010	26
1546800259016	25
1546800259022	26
1546800318836	28
1546800318855	31
1546800318869	36
1546800318876	42
1546800318882	49
1546800318888	57
1546800318894	65
1546800388561	73
1546800388570	81
1546800388573	88
1546800388576	94
1546800388578	95
1546800388581	95
1546800448675	95
1546800448697	95
1546800448706	94
1546800448713	92
1546800448721	89
1546800448728	86
1546800518392	83
1546800518408	80
1546800518415	78
1546800518420	75
1546800518423	73
1546800518425	71
1546800518428	70
1546800578364	69
1546800578373	69
1546800578376	69
1546800578379	69
1546800578381	69
1546800578384	69
1546800638315	68
1546800638333	68
1546800638340	67
1546800638347	65
1546800638353	64
1546800638360	62
1546800638366	60
1546800708271	58
1546800708289	55
1546800708297	53
1546800708303	51
1546800708309	50
1546800708315	48
1546800768509	47
1546800768529	46
1546800768538	46
1546800768545	45
1546800768551	45
1546800768557	45
1546800837996	45
1546800838008	44
1546800838012	43
1546800838015	42
1546800838017	40
1546800838020	38
1546800838022	36
1546800898369	33
1546800898391	30
1546800898398	27
1546800898405	24
1546800898412	22
1546800898418	20
1546800957789	18
1546800957804	17
1546800957810	16
1546800957815	15
1546800957819	16
1546800957824	16
1546800957829	17
1546801027613	18
1546801027627	19
1546801027633	20
1546801027638	22
1546801027643	23
1546801027648	25
1546801087539	27
1546801087548	30
1546801087551	32
1546801087554	35
1546801087556	38
1546801087559	42
1546801157564	45
1546801157574	49
1546801157577	52
1546801157580	55
1546801157582	58
1546801157585	60
1546801157587	62
1546801217434	64
1546801217444	65
1546801217447	66
1546801217449	67
1546801217452	67
1546801217454	67
1546801277657	66
1546801277675	65
1546801277683	63
1546801277689	62
1546801277696	60
1546801277702	58
1546801277708	55
1546801347558	53
1546801347576	51
1546801347584	49
1546801347590	47
1546801347596	46
1546801347602	44
1546801407518	43
1546801407527	43
1546801407530	42
1546801407533	42
1546801407536	42
1546801407538	42
1546801477037	42
1546801477055	43
1546801477063	43
1546801477069	43
1546801477075	43
1546801477081	42
1546801477087	42
1546801537226	41
1546801537244	40
1546801537251	38
1546801537258	37
1546801537264	35
1546801537270	34
1546801597214	32
1546801597233	31
1546801597242	29
1546801597249	28
1546801597256	27
1546801597263	26
1546801597269	25
1546801666864	24
1546801666883	24
1546801666890	23
1546801666896	23
1546801666903	22
1546801666909	22
1546801726734	22
1546801726753	21
1546801726760	21
1546801726773	20
1546801726779	19
1546801726784	19
1546801796649	18
1546801796667	17
1546801796674	17
1546801796681	16
1546801796687	15
1546801796693	15
1546801796699	15
1546801856876	15
1546801856897	16
1546801856905	18
1546801856911	21
1546801856917	25
1546801856923	29
1546801916326	34
1546801916337	40
1546801916340	46
1546801916343	53
1546801916345	58
1546801916347	64
1546801916349	69
1546801986364	73
1546801986386	77
1546801986394	79
1546801986400	81
1546801986406	82
1546801986412	83
1546802046135	83
1546802046149	82
1546802046155	81
1546802046160	80
1546802046164	79
1546802046169	78
1546802116005	76
1546802116013	75
1546802116016	74
1546802116018	72
1546802116020	71
1546802116023	70
1546802116024	69
1546802176039	67
1546802176057	66
1546802176065	65
1546802176071	65
1546802176077	64
1546802176084	63
1546802236068	63
1546802236077	62
1546802236080	62
1546802236083	61
1546802236085	61
1546802236088	60
1546802236090	60
1546802306058	59
1546802306068	59
1546802306071	58
1546802306074	57
1546802306077	56
1546802306079	55
1546802365759	53
1546802365780	52
1546802365789	50
1546802365796	49
1546802365803	47
1546802365810	46
1546802436078	44
1546802436099	43
1546802436107	41
1546802436115	40
1546802436121	39
1546802436127	38
1546802436133	37
1546802495962	36
1546802495983	35
1546802495991	34
1546802495997	34
1546802496003	33
1546802496009	32
1546802555838	32
1546802555857	31
1546802555864	30
1546802555871	29
1546802555877	28
1546802555883	27
1546802555889	26
1546802625801	24
1546802625823	23
1546802625831	22
1546802625837	21
1546802625843	20
1546802625850	20
1546802685697	21
1546802685715	23
1546802685723	27
1546802685729	31
1546802685736	37
1546802685742	44
1546802755367	51
1546802755385	59
1546802755393	67
1546802755399	75
1546802755405	82
1546802755411	89
1546802755417	94
1546802815473	95
1546802815495	95
1546802815503	95
1546802815510	95
1546802815517	94
1546802815523	92
1546802875085	90
1546802875103	86
1546802875111	83
1546802875117	79
1546802875124	75
1546802875130	71
1546802875136	67
1546802944974	64
1546802944989	61
1546802944993	58
1546802944996	56
1546802944999	55
1546802945002	55
1546803004869	55
1546803004887	56
1546803004895	57
1546803004901	58
1546803004907	59
1546803004913	60
1546803074982	61
1546803075000	61
1546803075008	61
1546803075015	60
1546803075021	59
1546803075027	58
1546803075033	56
1546803134615	54
1546803134632	53
1546803134640	51
1546803134646	49
1546803134653	47
1546803134659	46
1546803194550	44
1546803194564	43
1546803194570	42
1546803194574	41
1546803194579	41
1546803194583	40
1546803194588	40
1546803264412	40
1546803264430	41
1546803264438	41
1546803264444	41
1546803264450	42
1546803264456	42
1546803324362	42
1546803324380	42
1546803324388	42
1546803324395	42
1546803324401	41
1546803324407	40
1546803394249	39
1546803394267	38
1546803394275	37
1546803394281	35
1546803394287	34
1546803394293	32
1546803394299	30
1546803454150	29
1546803454169	27
1546803454176	26
1546803454183	26
1546803454189	26
1546803454195	28
1546803514337	30
1546803514356	34
1546803514363	39
1546803514370	45
1546803514376	52
1546803514382	59
1546803514388	66
1546803583912	72
1546803583926	78
1546803583932	84
1546803583936	88
1546803583941	91
1546803583945	93
1546803643869	94
1546803643886	94
1546803643892	93
1546803643898	92
1546803643903	90
1546803643909	88
1546803714180	86
1546803714201	85
1546803714209	84
1546803714216	83
1546803714222	82
1546803714228	82
1546803714234	83
1546803773752	83
1546803773773	84
1546803773781	84
1546803773788	85
1546803773794	85
1546803773801	86
1546803833651	86
1546803833674	86
1546803833683	85
1546803833691	84
1546803833699	82
1546803833708	81
1546803833714	78
1546803903963	75
1546803903984	72
1546803903992	68
1546803903998	64
1546803904005	60
1546803904011	56
1546803963709	52
1546803963728	49
1546803963735	45
1546803963742	42
1546803963748	39
1546803963754	37
1546804033353	35
1546804033371	34
1546804033379	32
1546804033385	31
1546804033391	30
1546804033397	30
1546804033403	29
1546804093190	28
1546804093209	28
1546804093218	27
1546804093225	27
1546804093232	26
1546804093239	26
1546804153381	26
1546804153402	25
1546804153410	25
1546804153417	25
1546804153423	24
1546804153429	24
1546804153435	23
1546804223338	23
1546804223357	23
1546804223364	24
1546804223371	25
1546804223377	28
1546804223383	31
1546804283018	35
1546804283038	39
1546804283046	45
1546804283053	51
1546804283060	57
1546804283067	63
1546804353399	68
1546804353422	73
1546804353430	78
1546804353437	82
1546804353444	85
1546804353450	87
1546804353457	88
1546804413102	89
1546804413121	89
1546804413128	88
1546804413134	87
1546804413141	86
1546804413147	85
1546804472851	83
1546804472873	82
1546804472881	80
1546804472887	78
1546804472893	77
1546804472899	75
1546804472904	73
1546804542859	72
1546804542872	70
1546804542876	69
1546804542879	68
1546804542883	67
1546804542886	67
1546804602909	66
1546804602928	66
1546804602938	66
1546804602946	66
1546804602953	65
1546804602961	65
1546804672561	65
1546804672579	65
1546804672587	65
1546804672593	64
1546804672599	63
1546804672605	63
1546804672611	62
1546804732384	60
1546804732405	59
1546804732413	58
1546804732420	56
1546804732428	54
1546804732435	53
1546804792657	51
1546804792678	50
1546804792686	48
1546804792692	47
1546804792699	45
1546804792705	44
1546804792711	43
1546804862572	42
1546804862594	41
1546804862601	40
1546804862608	40
1546804862615	39
1546804862621	38
1546804922575	38
1546804922593	38
1546804922600	37
1546804922607	37
1546804922613	37
1546804922619	36
1546804992200	36
1546804992223	36
1546804992231	36
1546804992237	37
1546804992244	39
1546804992250	41
1546804992255	44
1546805052079	49
1546805052099	54
1546805052107	60
1546805052113	67
1546805052120	74
1546805052126	80
1546805112118	87
1546805112137	94
1546805112144	95
1546805112151	95
1546805112157	95
1546805112163	95
1546805112169	95
1546805181662	95
1546805181672	95
1546805181675	94
1546805181677	94
1546805181680	94
1546805181682	94
1546805241972	93
1546805241991	93
1546805241999	92
1546805242006	91
1546805242012	90
1546805242019	89
1546805311561	88
1546805311580	87
1546805311588	85
1546805311594	84
1546805311602	82
1546805311609	81
1546805311614	80
1546805371980	78
1546805372000	77
1546805372007	76
1546805372014	75
1546805372020	74
1546805372026	73
1546805431588	73
1546805431597	72
1546805431600	71
1546805431603	70
1546805431605	70
1546805431608	69
1546805431610	68
1546805501562	67
1546805501580	66
1546805501588	66
1546805501594	65
1546805501600	64
1546805501606	63
1546805561467	62
1546805561485	61
1546805561492	61
1546805561499	60
1546805561505	59
1546805561511	58
1546805631596	57
1546805631617	57
1546805631625	56
1546805631632	56
1546805631639	55
1546805631645	55
1546805631651	54
1546805691247	54
1546805691265	54
1546805691273	54
1546805691279	53
1546805691285	53
1546805691291	53
1546805751194	52
1546805751212	52
1546805751219	51
1546805751226	50
1546805751232	50
1546805751238	50
1546805751244	51
1546805821239	52
1546805821260	54
1546805821268	57
1546805821275	61
1546805821281	65
1546805821287	70
1546805880945	74
1546805880966	79
1546805880981	84
1546805880988	88
1546805880995	92
1546805881001	95
1546805950761	95
1546805950775	95
1546805950780	95
1546805950785	95
1546805950789	94
1546805950794	93
1546805950798	92
1546806010477	90
1546806010487	88
1546806010490	86
1546806010493	84
1546806010496	81
1546806010498	79
1546806070438	77
1546806070459	75
1546806070467	73
1546806070474	71
1546806070480	70
1546806070486	69
1546806070493	68
1546806140397	67
1546806140417	67
1546806140424	66
1546806140431	66
1546806140438	66
1546806140444	66
1546806200737	67
1546806200758	67
1546806200766	67
1546806200773	67
1546806200779	67
1546806200785	67
1546806270088	67
1546806270101	67
1546806270107	66
1546806270112	66
1546806270116	65
1546806270121	64
1546806270125	63
1546806330046	62
1546806330065	60
1546806330072	59
1546806330079	57
1546806330085	55
1546806330091	54
1546806390016	52
1546806390030	50
1546806390035	49
1546806390040	47
1546806390045	45
1546806390049	44
1546806390053	42
1546806459919	40
1546806459932	39
1546806459938	37
1546806459943	35
1546806459947	33
1546806459952	32
1546806519966	30
1546806519979	28
1546806519985	27
1546806519989	25
1546806519994	23
1546806519998	22
1546806589584	20
1546806589594	19
1546806589596	19
1546806589599	19
1546806589601	20
1546806589603	21
1546806589605	24
1546806649523	27
1546806649536	31
1546806649541	35
1546806649546	40
1546806649551	44
1546806649555	49
1546806709649	54
1546806709667	57
1546806709674	61
1546806709680	63
1546806709686	65
1546806709693	67
1546806709699	67
1546806779399	67
1546806779412	67
1546806779418	66
1546806779423	65
1546806779427	64
1546806779431	63
1546806839225	62
1546806839238	61
1546806839244	60
1546806839248	59
1546806839253	58
1546806839257	57
1546806909554	57
1546806909575	57
1546806909583	57
1546806909590	57
1546806909596	57
1546806909602	57
1546806909608	57
1546806969019	58
1546806969033	58
1546806969038	59
1546806969043	59
1546806969047	60
1546806969051	60
1546807028901	61
1546807028912	61
1546807028915	61
1546807028917	61
1546807028920	61
1546807028922	61
1546807028924	60
1546807098771	59
1546807098784	57
1546807098787	56
1546807098789	54
1546807098792	52
1546807098794	50
1546807158674	48
1546807158686	46
1546807158689	45
1546807158692	43
1546807158694	42
1546807158696	40
1546807228580	40
1546807228590	39
1546807228592	38
1546807228594	38
1546807228597	38
1546807228599	38
1546807228601	39
1546807288579	39
1546807288593	39
1546807288599	40
1546807288604	40
1546807288609	40
1546807288613	40
1546807348516	39
1546807348534	39
1546807348542	39
1546807348548	40
1546807348554	41
1546807348560	43
1546807348566	45
1546807418367	48
1546807418385	52
1546807418393	56
1546807418399	61
1546807418405	66
1546807418411	71
1546807478259	75
1546807478272	80
1546807478277	84
1546807478282	87
1546807478286	91
1546807478291	94
1546807548456	95
1546807548475	95
1546807548482	95
1546807548489	95
1546807548495	95
1546807548501	95
1546807548507	95
1546807608322	95
1546807608341	95
1546807608348	95
1546807608354	95
1546807608360	95
1546807608366	95
1546807668339	95
1546807668361	95
1546807668369	95
1546807668376	95
1546807668383	95
1546807668390	95
1546807668396	95
1546807738234	95
1546807738252	94
1546807738260	93
1546807738266	92
1546807738272	90
1546807738279	87
1546807798223	84
1546807798245	80
1546807798253	76
1546807798260	72
1546807798266	67
1546807798272	63
1546807868005	59
1546807868024	56
1546807868032	53
1546807868038	50
1546807868044	48
1546807868050	47
1546807868056	46
1546807927739	45
1546807927753	45
1546807927758	45
1546807927763	45
1546807927768	45
1546807927772	45
1546807987558	45
1546807987580	45
1546807987588	45
1546807987595	44
1546807987601	43
1546807987608	42
1546807987615	40
1546808057858	39
1546808057879	37
1546808057887	35
1546808057894	33
1546808057900	30
1546808057906	28
1546808117660	27
1546808117678	25
1546808117685	24
1546808117692	23
1546808117697	22
1546808117704	22
1546808187296	23
1546808187305	24
1546808187309	26
1546808187311	29
1546808187314	33
1546808187316	37
1546808187319	41
1546808247529	46
1546808247547	50
1546808247555	55
1546808247561	59
1546808247567	63
1546808247573	66
1546808307379	69
1546808307397	71
1546808307405	72
1546808307412	73
1546808307418	73
1546808307424	73
1546808307430	72
1546808377033	72
1546808377052	71
1546808377060	70
1546808377066	69
1546808377073	67
1546808377079	66
1546808436857	65
1546808436870	64
1546808436876	63
1546808436881	63
1546808436885	62
1546808436890	61
1546808507052	60
1546808507070	60
1546808507078	59
1546808507084	59
1546808507090	58
1546808507096	58
1546808507102	58
1546808566982	57
1546808566996	57
1546808567004	57
1546808567009	56
1546808567016	56
1546808567022	55
1546808626744	54
1546808626762	54
1546808626769	53
1546808626775	53
1546808626781	52
1546808626787	51
1546808626793	51
1546808696722	50
1546808696743	49
1546808696751	48
1546808696757	48
1546808696764	47
1546808696770	46
1546808756385	45
1546808756394	44
1546808756397	44
1546808756400	43
1546808756403	42
1546808756405	41
1546808826463	41
1546808826485	40
1546808826496	40
1546808826505	39
1546808826514	39
1546808826523	38
1546808826531	38
1546808886413	37
1546808886432	36
1546808886439	36
1546808886445	35
1546808886451	34
1546808886457	33
1546808946476	33
1546808946495	32
1546808946502	32
1546808946509	32
1546808946515	32
1546808946521	33
1546808946527	35
1546809016506	38
1546809016520	42
1546809016525	46
1546809016530	51
1546809016535	57
1546809016539	62
1546809076402	68
1546809076423	73
1546809076431	79
1546809076438	83
1546809076444	87
1546809076451	90
1546809146516	93
1546809146537	94
1546809146546	95
1546809146553	95
1546809146559	94
1546809146566	93
1546809146572	92
1546809205767	90
1546809205782	88
1546809205788	87
1546809205793	84
1546809205798	82
1546809205802	80
1546809265661	79
1546809265671	77
1546809265673	75
1546809265676	74
1546809265679	73
1546809265681	73
1546809265684	72
1546809335683	72
1546809335701	73
1546809335708	73
1546809335715	74
1546809335721	74
1546809335727	75
1546809395950	76
1546809395968	76
1546809395975	76
1546809395982	76
1546809395988	76
1546809395995	75
1546809465672	74
1546809465690	72
1546809465698	71
1546809465705	69
1546809465711	67
1546809465717	65
1546809465723	63
1546809525712	61
1546809525734	60
1546809525742	58
1546809525748	57
1546809525755	56
1546809525761	55
1546809585576	55
1546809585594	54
1546809585601	54
1546809585608	53
1546809585614	52
1546809585621	51
1546809585627	50
1546809655496	49
1546809655515	48
1546809655524	46
1546809655531	45
1546809655538	43
1546809655545	41
1546809715425	40
1546809715444	38
1546809715452	37
1546809715458	36
1546809715465	35
1546809715471	35
1546809784944	35
1546809784958	36
1546809784964	38
1546809784968	41
1546809784973	44
1546809784977	48
1546809784982	52
1546809845337	56
1546809845350	60
1546809845353	64
1546809845357	67
1546809845360	70
1546809845363	72
1546809905271	74
1546809905291	75
1546809905299	75
1546809905305	74
1546809905312	73
1546809905318	72
1546809905324	70
1546809975089	68
1546809975107	67
1546809975115	65
1546809975121	63
1546809975127	62
1546809975133	60
1546810034603	58
1546810034616	57
1546810034621	55
1546810034626	53
1546810034631	51
1546810034635	49
1546810104573	47
1546810104591	45
1546810104599	43
1546810104605	41
1546810104611	40
1546810104617	38
1546810104623	37
1546810164776	36
1546810164794	36
1546810164801	35
1546810164808	35
1546810164814	35
1546810164820	36
1546810224665	36
1546810224687	37
1546810224694	37
1546810224701	37
1546810224707	37
1546810224713	36
1546810224719	35
1546810294815	34
1546810294836	32
1546810294844	30
1546810294851	28
1546810294857	26
1546810294864	23
1546810354453	21
1546810354472	18
1546810354479	16
1546810354486	14
1546810354492	12
1546810354498	10
1546810424390	9
1546810424409	8
1546810424417	7
1546810424423	6
1546810424429	6
1546810424436	6
1546810424442	5
1546810484195	5
1546810484205	5
1546810484208	5
1546810484211	5
1546810484214	5
1546810484217	5
1546810544339	5
1546810544360	6
1546810544368	7
1546810544375	9
1546810544381	13
1546810544387	16
1546810544393	21
1546810613757	26
1546810613767	32
1546810613770	38
1546810613773	43
1546810613775	49
1546810613778	53
1546810673794	57
1546810673808	61
1546810673813	63
1546810673818	64
1546810673822	65
1546810673827	64
1546810744011	63
1546810744033	61
1546810744041	59
1546810744048	57
1546810744055	54
1546810744062	52
1546810744068	50
1546810803891	48
1546810803911	46
1546810803919	45
1546810803926	44
1546810803932	44
1546810803938	44
1546810863848	44
1546810863870	44
1546810863878	44
1546810863885	44
1546810863891	44
1546810863898	43
1546810863904	43
1546810933595	42
1546810933614	42
1546810933621	41
1546810933628	39
1546810933633	38
1546810933640	36
1546810993641	34
1546810993663	32
1546810993671	30
1546810993678	28
1546810993684	26
1546810993691	24
1546811063124	22
1546811063142	20
1546811063150	19
1546811063156	18
1546811063162	17
1546811063169	16
1546811063175	15
1546811122949	14
1546811122962	14
1546811122967	14
1546811122972	13
1546811122976	12
1546811122979	12
1546811182948	12
1546811182967	11
1546811182975	10
1546811182983	10
1546811182989	9
1546811182996	8
1546811183003	8
1546811252999	7
1546811253017	6
1546811253025	5
1546811253031	5
1546811253037	5
1546811253043	5
1546811313015	5
1546811313034	5
1546811313041	6
1546811313048	7
1546811313054	9
1546811313060	13
1546811383076	17
1546811383098	21
1546811383107	27
1546811383113	33
1546811383119	38
1546811383126	44
1546811383132	49
1546811442948	54
1546811442968	58
1546811442975	61
1546811442982	64
1546811442988	65
1546811442995	66
1546811502701	66
1546811502719	65
1546811502727	64
1546811502733	63
1546811502739	61
1546811502745	59
1546811502751	57
1546811572429	55
1546811572448	53
1546811572456	52
1546811572462	50
1546811572468	48
1546811572474	47
1546811632436	46
1546811632459	45
1546811632467	44
1546811632474	43
1546811632481	42
1546811632488	42
1546811702391	42
1546811702409	42
1546811702417	42
1546811702423	42
1546811702429	42
1546811702435	42
1546811702441	43
1546811762108	43
1546811762130	43
1546811762138	44
1546811762146	44
1546811762153	44
1546811762159	43
1546811822277	43
1546811822296	42
1546811822303	41
1546811822309	39
1546811822315	38
1546811822321	36
1546811822327	34
1546811892045	32
1546811892063	30
1546811892071	28
1546811892077	26
1546811892083	24
1546811892089	23
1546811951793	22
1546811951812	21
1546811951821	20
1546811951828	20
1546811951835	19
1546811951842	19
1546812021544	20
1546812021553	20
1546812021556	20
1546812021558	21
1546812021561	21
1546812021563	21
1546812021565	20
1546812081471	20
1546812081484	19
1546812081490	19
1546812081495	18
1546812081499	18
1546812081504	19
1546812141495	21
1546812141516	24
1546812141523	28
1546812141530	33
1546812141536	38
1546812141543	45
1546812141548	52
1546812211351	59
1546812211370	65
1546812211378	72
1546812211385	78
1546812211392	83
1546812211399	87
1546812271603	90
1546812271626	91
1546812271635	92
1546812271643	91
1546812271650	90
1546812271658	88
1546812341130	86
1546812341147	83
1546812341155	80
1546812341161	77
1546812341167	74
1546812341173	72
1546812341179	70
1546812400996	68
1546812401015	67
1546812401023	67
1546812401030	67
1546812401037	67
1546812401044	68
1546812461251	69
1546812461269	70
1546812461298	72
1546812461304	73
1546812461310	73
1546812461317	74
1546812461323	74
1546812531281	74
1546812531302	73
1546812531310	72
1546812531317	71
1546812531323	70
1546812531329	68
1546812590792	67
1546812590811	65
1546812590818	64
1546812590825	62
1546812590831	61
1546812590837	60
1546812660565	59
1546812660574	59
1546812660577	58
1546812660580	58
1546812660583	58
1546812660585	57
1546812660588	56
1546812720522	55
1546812720535	53
1546812720539	51
1546812720542	48
1546812720545	45
1546812720548	42
1546812780363	39
1546812780372	36
1546812780375	33
1546812780378	31
1546812780380	29
1546812780383	27
1546812780385	25
1546812850575	24
1546812850594	24
1546812850601	24
1546812850607	25
1546812850613	26
1546812850619	28
1546812910324	30
1546812910339	34
1546812910346	38
1546812910352	42
1546812910357	47
1546812910363	51
1546812980523	56
1546812980544	61
1546812980552	66
1546812980559	69
1546812980565	73
1546812980571	75
1546812980577	77
1546813040077	78
1546813040097	79
1546813040105	79
1546813040112	78
1546813040119	78
1546813040125	77
1546813100305	75
1546813100323	74
1546813100331	72
1546813100337	70
1546813100343	68
1546813100349	66
1546813100355	63
1546813170362	61
1546813170384	58
1546813170393	55
1546813170400	53
1546813170407	51
1546813170414	49
1546813230102	47
1546813230123	46
1546813230132	45
1546813230139	44
1546813230145	44
1546813230151	44
1546813299570	45
1546813299580	46
1546813299583	47
1546813299585	47
1546813299587	48
1546813299589	48
1546813299591	47
1546813359505	47
1546813359519	45
1546813359524	44
1546813359528	42
1546813359533	39
1546813359537	37
1546813419404	34
1546813419422	31
1546813419430	28
1546813419437	26
1546813419443	23
1546813419449	21
1546813419455	19
1546813489621	17
1546813489638	16
1546813489646	14
1546813489653	13
1546813489659	13
1546813489678	12
1546813549305	11
1546813549322	10
1546813549330	9
1546813549337	9
1546813549343	8
1546813549349	7
1546813619143	6
1546813619161	6
1546813619168	5
1546813619175	5
1546813619181	5
1546813619187	5
1546813619193	7
1546813679333	9
1546813679351	13
1546813679359	18
1546813679366	24
1546813679372	30
1546813679378	37
1546813738976	45
1546813738995	52
1546813739004	59
1546813739011	66
1546813739017	72
1546813739024	77
1546813739031	80
1546813809324	83
1546813809350	84
1546813809361	85
1546813809370	85
1546813809379	84
1546813809388	82
1546813869092	80
1546813869114	78
1546813869123	76
1546813869130	74
1546813869138	71
1546813869145	69
1546813938675	67
1546813938690	65
1546813938696	63
1546813938700	62
1546813938705	60
1546813938709	59
1546813938713	58
1546813998849	57
1546813998867	56
1546813998874	56
1546813998880	55
1546813998887	55
1546813998893	54
1546814058383	54
1546814058391	54
1546814058394	53
1546814058397	53
1546814058399	52
1546814058401	51
1546814058403	50
1546814128438	49
1546814128456	48
1546814128464	46
1546814128470	45
1546814128476	43
1546814128482	42
1546814188605	40
1546814188627	39
1546814188638	37
1546814188647	35
1546814188656	34
1546814188663	32
1546814258191	31
1546814258209	29
1546814258217	28
1546814258223	26
1546814258230	25
1546814258236	24
1546814258242	23
1546814318151	22
1546814318171	21
1546814318179	20
1546814318186	19
1546814318192	18
1546814318198	18
1546814377958	17
1546814377976	16
1546814377983	15
1546814377990	14
1546814377996	13
1546814378002	12
1546814378008	12
1546814448118	13
1546814448128	15
1546814448131	18
1546814448134	22
1546814448137	27
1546814448139	34
1546814507965	41
1546814507984	49
1546814507992	57
1546814507999	65
1546814508006	73
1546814508012	79
1546814578152	85
1546814578174	90
1546814578182	93
1546814578189	95
1546814578195	95
1546814578202	95
1546814578208	94
1546814638002	92
1546814638020	90
1546814638027	88
1546814638034	85
1546814638040	83
1546814638046	81
1546814697537	78
1546814697550	76
1546814697553	74
1546814697556	72
1546814697558	70
1546814697561	69
1546814697564	68
1546814767470	67
1546814767488	66
1546814767495	65
1546814767502	65
1546814767508	64
1546814767514	64
1546814827498	64
1546814827519	64
1546814827527	63
1546814827534	63
1546814827541	62
1546814827547	62
1546814897654	61
1546814897673	60
1546814897680	59
1546814897687	57
1546814897693	56
1546814897699	54
1546814897705	52
1546814957057	51
1546814957066	49
1546814957069	47
1546814957072	45
1546814957074	44
1546814957077	42
1546815017006	41
1546815017025	40
1546815017034	39
1546815017041	38
1546815017048	38
1546815017055	37
1546815017061	36
1546815087034	35
1546815087053	34
1546815087061	32
1546815087068	31
1546815087074	29
1546815087080	27
1546815147287	25
1546815147309	24
1546815147317	22
1546815147324	21
1546815147330	20
1546815147337	19
1546815216701	19
1546815216711	20
1546815216714	22
1546815216717	24
1546815216719	28
1546815216722	33
1546815216724	39
1546815276868	46
1546815276887	53
1546815276895	62
1546815276901	70
1546815276907	78
1546815276913	86
1546815336656	93
1546815336665	95
1546815336668	95
1546815336671	95
1546815336674	95
1546815336676	95
1546815336678	95
1546815406393	94
1546815406402	94
1546815406405	94
1546815406408	93
1546815406410	92
1546815406413	92
1546815466781	91
1546815466802	90
1546815466810	90
1546815466817	89
1546815466824	88
1546815466830	87
1546815536617	86
1546815536639	85
1546815536646	83
1546815536652	81
1546815536659	79
1546815536665	78
1546815536670	76
1546815596079	75
1546815596095	74
1546815596101	73
1546815596107	72
1546815596112	72
1546815596118	72
1546815655966	73
1546815655975	73
1546815655978	74
1546815655981	74
1546815655983	75
1546815655986	75
1546815655988	75
1546815725917	74
1546815725931	73
1546815725938	71
1546815725944	68
1546815725949	66
1546815725955	62
1546815786104	59
1546815786122	55
1546815786130	52
1546815786136	48
1546815786143	45
1546815786149	42
1546815856135	40
1546815856153	38
1546815856161	37
1546815856167	36
1546815856174	36
1546815856180	36
1546815856186	36
1546815915752	36
1546815915771	36
1546815915778	37
1546815915785	36
1546815915791	36
1546815915797	35
1546815975835	34
1546815975856	32
1546815975864	30
1546815975870	29
1546815975877	28
1546815975883	27
1546815975889	27
1546816045498	29
1546816045518	31
1546816045526	35
1546816045533	39
1546816045539	45
1546816045546	51
1546816105614	57
1546816105636	63
1546816105646	69
1546816105653	74
1546816105659	78
1546816105665	82
1546816175408	84
1546816175430	86
1546816175438	87
1546816175444	86
1546816175451	86
1546816175458	84
1546816175464	82
1546816235069	80
1546816235079	78
1546816235082	76
1546816235085	73
1546816235088	71
1546816235090	69
1546816295284	67
1546816295302	65
1546816295309	64
1546816295316	62
1546816295322	61
1546816295328	60
1546816295334	60
1546816364994	59
1546816365008	59
1546816365014	59
1546816365018	58
1546816365038	58
1546816365042	58
1546816424894	58
1546816424914	57
1546816424922	57
1546816424929	56
1546816424935	56
1546816424941	55
1546816494711	53
1546816494729	52
1546816494737	51
1546816494743	50
1546816494749	48
1546816494755	47
1546816494761	45
1546816554688	43
1546816554705	42
1546816554713	40
1546816554719	39
1546816554725	37
1546816554731	36
1546816614705	34
1546816614715	33
1546816614718	32
1546816614721	30
1546816614724	29
1546816614726	28
1546816614728	27
1546816684837	26
1546816684858	25
1546816684865	24
1546816684872	23
1546816684878	22
1546816684884	21
1546816744537	20
1546816744556	19
1546816744563	17
1546816744569	16
1546816744575	16
1546816744581	15
1546816814191	15
1546816814204	16
1546816814208	18
1546816814212	21
1546816814215	25
1546816814219	29
1546816814222	35
1546816874540	41
1546816874562	48
1546816874570	55
1546816874577	62
1546816874583	68
1546816874589	74
1546816934869	79
1546816934891	83
1546816934898	86
1546816934905	88
1546816934911	88
1546816934917	88
1546816934924	88
1546817003886	86
1546817003897	85
1546817003901	83
1546817003904	80
1546817003906	78
1546817003908	76
1546817063802	74
1546817063818	72
1546817063821	70
1546817063824	69
1546817063827	67
1546817063831	66
1546817133638	65
1546817133649	65
1546817133652	64
1546817133654	63
1546817133656	63
1546817133658	63
1546817133660	62
1546817193668	62
1546817193686	62
1546817193693	61
1546817193700	61
1546817193706	60
1546817193712	60
1546817253851	60
1546817253870	59
1546817253877	59
1546817253884	58
1546817253890	57
1546817253896	56
1546817253902	55
1546817323867	54
1546817323888	53
1546817323895	52
1546817323902	50
1546817323908	49
1546817323914	47
1546817383756	45
1546817383777	43
1546817383785	41
1546817383792	40
1546817383799	38
1546817383806	35
1546817453435	34
1546817453444	32
1546817453447	30
1546817453450	28
1546817453453	27
1546817453455	25
1546817453457	24
1546817513477	22
1546817513496	21
1546817513503	19
1546817513510	18
1546817513516	16
1546817513522	15
1546817573490	13
1546817573512	12
1546817573519	11
1546817573526	10
1546817573532	11
1546817573538	12
1546817573544	15
1546817643135	18
1546817643156	23
1546817643164	29
1546817643171	35
1546817643177	42
1546817643183	50
1546817703161	57
1546817703179	64
1546817703187	70
1546817703194	76
1546817703200	80
1546817703206	84
1546817773151	86
1546817773170	87
1546817773178	88
1546817773185	88
1546817773191	87
1546817773197	86
1546817773203	84
1546817833030	82
1546817833051	80
1546817833059	77
1546817833067	75
1546817833074	73
1546817833081	71
1546817892901	69
1546817892919	67
1546817892927	65
1546817892933	63
1546817892939	62
1546817892945	61
1546817892951	60
1546817962896	59
1546817962917	59
1546817962924	58
1546817962931	58
1546817962937	57
1546817962943	57
1546818022353	57
1546818022362	56
1546818022366	56
1546818022369	55
1546818022372	55
1546818022374	54
1546818092369	54
1546818092387	54
1546818092394	55
1546818092400	56
1546818092407	57
1546818092413	58
1546818092419	59
1546818152199	59
1546818152217	60
1546818152224	60
1546818152230	60
1546818152236	59
1546818152242	58
1546818212200	56
1546818212218	53
1546818212225	49
1546818212231	46
1546818212238	42
1546818212244	37
1546818212250	33
1546818282453	29
1546818282476	25
1546818282484	21
1546818282491	17
1546818282497	14
1546818282503	12
1546818342352	9
1546818342373	7
1546818342381	6
1546818342387	5
1546818342394	5
1546818342400	5
1546818412231	6
1546818412252	8
1546818412261	12
1546818412268	17
1546818412274	23
1546818412281	30
1546818412286	38
1546818472135	47
1546818472158	57
1546818472165	66
1546818472172	75
1546818472179	83
1546818472185	90
1546818532046	95
1546818532067	95
1546818532075	94
1546818532082	93
1546818532089	93
1546818532095	92
1546818532101	91
1546818601586	89
1546818601600	86
1546818601604	83
1546818601608	80
1546818601611	77
1546818601615	74
1546818661686	71
1546818661704	68
1546818661712	66
1546818661718	64
1546818661725	63
1546818661731	62
1546818731676	61
1546818731698	61
1546818731705	62
1546818731712	62
1546818731718	63
1546818731724	64
1546818731730	66
1546818791186	67
1546818791199	68
1546818791202	68
1546818791205	68
1546818791208	68
1546818791211	68
1546818851742	66
1546818851759	65
1546818851765	63
1546818851770	61
1546818851775	58
1546818851780	56
1546818851784	53
1546818921518	51
1546818921539	48
1546818921548	46
1546818921554	44
1546818921561	43
1546818921567	42
1546818981462	41
1546818981483	40
1546818981491	39
1546818981498	39
1546818981504	38
1546818981511	37
1546819051157	37
1546819051179	36
1546819051187	35
1546819051194	34
1546819051201	34
1546819051208	33
1546819051213	32
1546819110650	31
1546819110669	30
1546819110677	29
1546819110684	29
1546819110691	29
1546819110698	30
1546819170683	32
1546819170697	35
1546819170702	39
1546819170707	44
1546819170712	50
1546819170716	57
1546819170720	64
1546819240482	72
1546819240500	79
1546819240508	86
1546819240514	93
1546819240521	95
1546819240527	95
1546819300608	95
1546819300627	95
1546819300635	95
1546819300642	94
1546819300648	94
1546819300655	93
1546819370195	92
1546819370209	90
1546819370214	89
1546819370219	87
1546819370223	84
1546819370227	82
1546819370231	80
1546819430160	77
1546819430169	75
1546819430172	73
1546819430175	71
1546819430178	69
1546819430180	67
1546819490180	65
1546819490203	64
1546819490211	63
1546819490219	62
1546819490226	61
1546819490233	60
1546819490240	59
1546819560361	59
1546819560382	58
1546819560390	58
1546819560397	57
1546819560403	57
1546819560409	57
1546819620180	56
1546819620199	55
1546819620206	55
1546819620212	54
1546819620219	53
1546819620225	52
1546819689808	51
1546819689830	50
1546819689838	49
1546819689846	48
1546819689854	46
1546819689861	45
1546819689867	43
1546819750012	42
1546819750031	40
1546819750038	39
1546819750044	37
1546819750050	36
1546819750056	34
1546819809977	33
1546819809998	32
1546819810006	31
1546819810013	29
1546819810019	28
1546819810025	27
1546819810031	26
1546819879691	25
1546819879700	24
1546819879704	24
1546819879707	24
1546819879709	25
1546819879712	26
1546819939431	28
1546819939454	31
1546819939466	35
1546819939475	39
1546819939482	44
1546819939489	49
1546820009222	55
1546820009231	60
1546820009234	65
1546820009237	69
1546820009239	73
1546820009242	76
1546820009244	79
1546820069466	80
1546820069485	81
1546820069492	82
1546820069499	82
1546820069505	81
1546820069511	81
1546820129195	79
1546820129215	78
1546820129222	77
1546820129229	76
1546820129235	74
1546820129242	73
1546820129248	72
1546820199026	70
1546820199046	69
1546820199054	68
1546820199061	66
1546820199068	65
1546820199074	64
1546820258916	64
1546820258934	63
1546820258941	62
1546820258947	61
1546820258953	61
1546820258960	60
1546820329127	60
1546820329146	59
1546820329153	59
1546820329160	58
1546820329166	58
1546820329172	57
1546820329178	56
1546820388711	55
1546820388729	54
1546820388737	53
1546820388743	52
1546820388749	50
1546820388755	49
1546820449040	47
1546820449061	46
1546820449069	44
1546820449076	42
1546820449082	41
1546820449089	39
1546820449095	38
1546820518868	36
1546820518886	35
1546820518894	34
1546820518900	32
1546820518906	31
1546820518912	30
1546820578608	29
1546820578618	28
1546820578621	27
1546820578623	26
1546820578626	25
1546820578629	24
1546820648436	23
1546820648456	22
1546820648464	21
1546820648471	20
1546820648477	19
1546820648484	18
1546820648490	18
1546820708290	18
1546820708307	19
1546820708315	21
1546820708321	24
1546820708327	27
1546820708333	32
1546820768136	37
1546820768154	42
1546820768161	48
1546820768168	53
1546820768174	59
1546820768180	64
1546820768186	68
1546820838401	71
1546820838421	74
1546820838429	76
1546820838436	77
1546820838443	77
1546820838450	76
1546820898369	75
1546820898389	74
1546820898398	72
1546820898405	70
1546820898412	68
1546820898418	66
1546820968178	64
1546820968195	62
1546820968201	60
1546820968207	58
1546820968213	56
1546820968218	55
1546820968223	53
1546821028003	52
1546821028021	51
1546821028028	50
1546821028035	49
1546821028041	48
1546821028047	48
1546821088197	48
1546821088216	47
1546821088223	47
1546821088229	47
1546821088236	46
1546821088242	46
1546821088248	46
1546821157541	45
1546821157550	45
1546821157553	44
1546821157555	44
1546821157558	43
1546821157561	42
1546821217583	41
1546821217601	40
1546821217609	39
1546821217615	38
1546821217621	36
1546821217627	35
1546821287533	34
1546821287551	33
1546821287559	31
1546821287565	30
1546821287571	29
1546821287577	28
1546821287583	28
1546821347756	27
1546821347778	26
1546821347785	26
1546821347792	25
1546821347798	25
1546821347804	25
1546821407240	24
1546821407253	24
1546821407256	24
1546821407259	24
1546821407261	24
1546821407263	24
1546821407266	25
1546821477594	27
1546821477615	29
1546821477623	32
1546821477630	36
1546821477636	41
1546821477643	47
1546821537630	53
1546821537648	60
1546821537656	66
1546821537662	73
1546821537668	79
1546821537674	84
1546821607015	89
1546821607035	92
1546821607043	95
1546821607050	95
1546821607057	95
1546821607064	95
1546821607071	94
1546821666954	94
1546821666974	93
1546821666981	91
1546821666987	90
1546821666994	89
1546821667000	87
1546821727170	86
1546821727188	85
1546821727195	84
1546821727202	84
1546821727208	83
1546821727214	83
1546821727220	84
1546821796728	85
1546821796742	86
1546821796748	88
1546821796752	90
1546821796756	91
1546821796761	93
1546821856807	95
1546821856829	95
1546821856839	95
1546821856848	95
1546821856856	95
1546821856865	94
1546821926814	93
1546821926833	92
1546821926841	89
1546821926847	87
1546821926853	84
1546821926859	80
1546821926865	77
1546821986432	73
1546821986442	69
1546821986445	66
1546821986448	62
1546821986451	60
1546821986453	57
1546822046314	55
1546822046323	53
1546822046326	52
1546822046328	51
1546822046330	51
1546822046333	51
1546822046335	51
1546822116203	51
1546822116212	52
1546822116215	52
1546822116217	52
1546822116219	52
1546822116221	51
1546822176109	51
1546822176118	51
1546822176121	52
1546822176123	52
1546822176126	54
1546822176128	56
1546822246020	59
1546822246034	63
1546822246040	67
1546822246045	72
1546822246050	77
1546822246054	82
1546822246059	86
1546822306091	91
1546822306110	94
1546822306117	95
1546822306124	95
1546822306130	95
1546822306137	95
1546822366368	95
1546822366388	94
1546822366396	93
1546822366403	92
1546822366409	91
1546822366415	90
1546822366421	88
1546822436391	87
1546822436412	86
1546822436420	84
1546822436427	83
1546822436433	82
1546822436439	81
1546822495699	80
1546822495713	80
1546822495719	79
1546822495724	79
1546822495728	78
1546822495733	78
1546822565971	78
1546822565989	78
1546822565996	77
1546822566003	77
1546822566009	76
1546822566015	76
1546822566021	75
1546822625977	74
1546822625998	73
1546822626006	72
1546822626013	70
1546822626020	69
1546822626026	67
1546822685873	66
1546822685894	64
1546822685902	62
1546822685909	60
1546822685915	59
1546822685922	57
1546822685928	55
1546822755409	54
1546822755427	52
1546822755435	51
1546822755441	50
1546822755447	49
1546822755453	48
1546822815211	47
1546822815221	46
1546822815233	45
1546822815236	44
1546822815238	43
1546822815241	42
1546822885515	41
1546822885534	40
1546822885542	38
1546822885548	37
1546822885554	36
1546822885560	35
1546822885566	35
1546822945079	35
1546822945093	36
1546822945098	37
1546822945103	40
1546822945108	43
1546822945112	47
1546823004988	51
1546823005023	56
1546823005030	61
1546823005034	67
1546823005036	72
1546823005039	76
1546823005041	80
1546823074977	84
1546823074996	87
1546823075003	89
1546823075009	91
1546823075015	92
1546823075021	92
1546823135133	92
1546823135152	92
1546823135159	91
1546823135165	90
1546823135171	89
1546823135177	88
1546823205126	86
1546823205146	85
1546823205154	84
1546823205161	82
1546823205167	81
1546823205173	79
1546823205179	78
1546823264650	77
1546823264664	76
1546823264671	75
1546823264676	74
1546823264680	73
1546823264687	72
1546823325207	71
1546823325228	70
1546823325236	69
1546823325242	69
1546823325249	68
1546823325255	67
1546823325261	65
1546823394516	64
1546823394530	63
1546823394535	62
1546823394540	60
1546823394545	58
1546823394549	57
1546823454443	55
1546823454461	53
1546823454468	52
1546823454474	50
1546823454481	48
1546823454487	46
1546823524248	45
1546823524266	43
1546823524271	42
1546823524276	40
1546823524281	39
1546823524285	38
1546823524290	37
1546823584632	36
1546823584654	35
1546823584662	34
1546823584668	33
1546823584675	32
1546823584681	31
1546823644458	30
1546823644479	29
1546823644487	28
1546823644494	27
1546823644500	27
1546823644506	27
1546823644512	28
1546823713899	30
1546823713909	33
1546823713911	37
1546823713913	41
1546823713915	46
1546823713918	51
1546823774028	57
1546823774049	63
1546823774058	69
1546823774065	74
1546823774072	79
1546823774079	83
1546823843782	86
1546823843799	89
1546823843804	91
1546823843808	92
1546823843812	92
1546823843815	92
1546823843818	91
1546823904069	90
1546823904090	88
1546823904098	87
1546823904105	85
1546823904111	83
1546823904117	81
1546823963964	80
1546823963985	78
1546823963992	76
1546823963998	75
1546823964005	74
1546823964011	73
1546823964017	72
1546824033522	71
1546824033540	71
1546824033548	70
1546824033554	70
1546824033560	70
1546824033566	69
1546824093654	69
1546824093673	69
1546824093680	68
1546824093686	68
1546824093692	67
1546824093698	66
1546824163665	65
1546824163684	64
1546824163691	63
1546824163698	62
1546824163704	60
1546824163710	59
1546824163716	57
1546824223232	56
1546824223253	54
1546824223261	52
1546824223269	51
1546824223276	49
1546824223283	47
1546824283367	46
1546824283382	44
1546824283388	43
1546824283393	42
1546824283398	40
1546824283403	39
1546824283407	38
1546824353035	37
1546824353054	37
1546824353061	36
1546824353067	36
1546824353074	36
1546824353080	37
1546824413194	38
1546824413212	40
1546824413220	43
1546824413227	47
1546824413233	51
1546824413239	57
1546824482811	64
1546824482828	71
1546824482836	79
1546824482842	87
1546824482848	94
1546824482854	95
1546824482860	95
1546824543056	95
1546824543078	95
1546824543087	95
1546824543094	95
1546824543100	94
1546824543107	94
1546824603030	93
1546824603050	92
1546824603058	91
1546824603066	89
1546824603073	87
1546824603079	85
1546824603086	83
1546824672892	81
1546824672902	79
1546824672905	77
1546824672908	76
1546824672910	75
1546824672913	74
1546824732804	73
1546824732822	72
1546824732829	72
1546824732835	72
1546824732841	72
1546824732847	71
1546824802703	72
1546824802724	72
1546824802732	72
1546824802739	72
1546824802745	71
1546824802752	71
1546824802758	71
1546824862332	70
1546824862350	70
1546824862357	69
1546824862364	68
1546824862370	66
1546824862376	65
1546824922053	64
1546824922063	62
1546824922067	61
1546824922070	59
1546824922072	57
1546824922075	56
1546824922077	54
1546824991984	52
1546824992001	51
1546824992008	49
1546824992015	48
1546824992021	47
1546824992028	45
1546825052535	44
1546825052556	43
1546825052564	42
1546825052571	42
1546825052577	41
1546825052584	40
1546825121887	39
1546825121908	39
1546825121916	38
1546825121923	38
1546825121930	39
1546825121936	39
1546825121943	41
1546825181842	43
1546825181863	45
1546825181872	49
1546825181878	53
1546825181885	57
1546825181891	62
1546825242079	67
1546825242100	73
1546825242108	78
1546825242114	82
1546825242121	87
1546825242127	91
1546825242133	95
1546825311865	95
1546825311881	95
1546825311888	95
1546825311893	95
1546825311899	95
1546825311904	95
1546825371490	94
1546825371508	94
1546825371515	93
1546825371522	92
1546825371528	91
1546825371534	90
1546825441527	89
1546825441546	88
1546825441554	87
1546825441561	87
1546825441567	86
1546825441573	85
1546825441579	85
1546825501526	85
1546825501545	85
1546825501553	85
1546825501559	85
1546825501566	85
1546825501572	85
1546825561318	85
1546825561337	85
1546825561346	84
1546825561353	84
1546825561360	83
1546825561367	83
1546825561374	82
1546825631167	80
1546825631189	79
1546825631196	78
1546825631203	76
1546825631210	75
1546825631217	73
1546825691123	71
1546825691141	69
1546825691149	67
1546825691155	65
1546825691161	63
1546825691167	61
1546825760958	59
1546825760971	56
1546825760977	54
1546825760982	52
1546825760986	49
1546825760991	47
1546825760995	44
1546825820778	42
1546825820787	39
1546825820790	36
1546825820793	34
1546825820796	31
1546825820798	29
1546825880778	27
1546825880792	25
1546825880797	24
1546825880802	23
1546825880806	23
1546825880811	24
1546825880815	26
1546825950838	28
1546825950856	31
1546825950864	34
1546825950870	37
1546825950877	41
1546825950883	45
1546826010594	49
1546826010605	52
1546826010608	55
1546826010611	58
1546826010614	60
1546826010616	61
1546826080611	62
1546826080633	63
1546826080642	63
1546826080649	63
1546826080656	62
1546826080662	62
1546826080668	61
1546826140920	60
1546826140938	59
1546826140946	58
1546826140952	57
1546826140958	56
1546826140964	56
1546826200775	55
1546826200793	54
1546826200801	54
1546826200808	53
1546826200814	53
1546826200820	52
1546826200826	52
1546826270732	52
1546826270750	52
1546826270757	52
1546826270763	51
1546826270769	51
1546826270775	51
1546826330592	50
1546826330612	50
1546826330620	49
1546826330627	48
1546826330634	47
1546826330640	46
1546826400141	45
1546826400156	44
1546826400163	42
1546826400169	40
1546826400174	39
1546826400179	37
1546826400184	35
1546826460217	34
1546826460238	32
1546826460246	30
1546826460253	28
1546826460259	27
1546826460265	25
1546826520222	24
1546826520241	22
1546826520250	21
1546826520257	20
1546826520264	19
1546826520271	18
1546826520278	17
1546826590127	17
1546826590146	16
1546826590154	15
1546826590160	15
1546826590166	14
1546826590172	14
1546826650077	14
1546826650096	14
1546826650104	14
1546826650111	15
1546826650118	17
1546826650125	19
1546826720062	22
1546826720084	26
1546826720092	29
1546826720099	34
1546826720105	38
1546826720111	42
1546826720117	46
1546826779981	50
1546826780002	53
1546826780010	56
1546826780017	58
1546826780023	59
1546826780030	60
1546826839769	61
1546826839787	61
1546826839795	61
1546826839801	60
1546826839807	60
1546826839813	59
1546826839819	58
1546826909880	57
1546826909902	55
1546826909910	54
1546826909917	54
1546826909924	53
1546826909931	52
1546826969617	52
1546826969636	51
1546826969643	51
1546826969650	51
1546826969656	51
1546826969662	51
1546827039211	51
1546827039225	51
1546827039230	51
1546827039235	51
1546827039239	51
1546827039244	50
1546827039248	50
1546827099116	49
1546827099128	49
1546827099134	48
1546827099139	47
1546827099143	46
1546827099148	44
1546827159022	43
1546827159031	42
1546827159034	40
1546827159036	38
1546827159039	37
1546827159041	35
1546827159043	34
1546827229122	32
1546827229141	31
1546827229150	30
1546827229157	28
1546827229164	27
1546827229171	26
1546827289263	25
1546827289284	25
1546827289292	24
1546827289299	23
1546827289305	22
1546827289311	22
1546827359043	22
1546827359061	22
1546827359069	22
1546827359103	23
1546827359110	24
1546827359116	27
1546827359122	30
1546827418837	33
1546827418860	37
1546827418868	42
1546827418877	47
1546827418884	52
1546827418892	57
1546827478998	62
1546827479018	66
1546827479026	70
1546827479033	73
1546827479040	76
1546827479046	78
1546827479052	79
1546827548557	79
1546827548580	79
1546827548589	79
1546827548597	78
1546827548604	76
1546827548612	75
1546827608467	73
1546827608486	71
1546827608494	69
1546827608502	67
1546827608509	65
1546827608516	63
1546827678412	61
1546827678429	60
1546827678437	58
1546827678443	57
1546827678449	55
1546827678456	54
1546827678461	53
1546827738181	52
1546827738190	51
1546827738193	51
1546827738196	50
1546827738199	50
1546827738201	49
1546827798138	49
1546827798152	48
1546827798157	47
1546827798162	47
1546827798167	46
1546827798171	46
1546827798176	45
1546827867926	44
1546827867934	43
1546827867938	42
1546827867940	41
1546827867942	40
1546827867944	39
1546827927846	37
1546827927854	36
1546827927857	34
1546827927859	33
1546827927861	31
1546827927863	29
1546827997842	27
1546827997860	26
1546827997868	24
1546827997874	22
1546827997880	21
1546827997886	19
1546827997892	18
1546828057696	17
1546828057710	16
1546828057716	15
1546828057720	15
1546828057725	15
1546828057729	15
1546828117649	16
1546828117663	19
1546828117669	21
1546828117673	25
1546828117678	29
1546828117682	34
1546828117686	39
1546828187511	44
1546828187519	50
1546828187522	55
1546828187525	60
1546828187527	64
1546828187529	67
1546828247885	70
1546828247906	72
1546828247914	73
1546828247921	74
1546828247948	74
1546828247955	73
1546828317356	72
1546828317367	71
1546828317370	70
1546828317373	68
1546828317376	66
1546828317379	64
1546828317382	62
1546828377292	60
1546828377306	58
1546828377311	55
1546828377317	54
1546828377321	52
1546828377325	50
1546828437178	49
1546828437188	48
1546828437191	47
1546828437194	46
1546828437196	46
1546828437199	45
1546828437201	45
1546828507488	44
1546828507510	44
1546828507519	44
1546828507526	43
1546828507532	43
1546828507539	42
1546828567584	41
1546828567602	40
1546828567609	39
1546828567616	37
1546828567622	36
1546828567628	34
1546828636862	33
1546828636871	31
1546828636873	29
1546828636876	28
1546828636878	26
1546828636880	25
1546828636882	24
1546828696781	22
1546828696792	21
1546828696794	20
1546828696797	19
1546828696799	18
1546828696801	17
1546828756708	16
1546828756724	15
1546828756730	14
1546828756735	13
1546828756740	12
1546828756745	11
1546828756749	10
1546828826656	10
1546828826670	9
1546828826675	8
1546828826680	8
1546828826684	8
1546828826689	8
1546828886589	9
1546828886602	12
1546828886608	14
1546828886613	18
1546828886618	23
1546828886622	28
1546828956447	34
1546828956455	40
1546828956458	45
1546828956460	51
1546828956462	56
1546828956465	61
1546828956466	65
1546829016411	68
1546829016425	70
1546829016435	71
1546829016440	72
1546829016445	71
1546829016449	71
1546829076297	69
1546829076311	68
1546829076316	66
1546829076320	64
1546829076325	62
1546829076329	59
1546829076334	57
1546829146647	55
1546829146668	53
1546829146677	51
1546829146684	49
1546829146691	47
1546829146697	45
1546829206456	44
1546829206474	42
1546829206481	41
1546829206488	40
1546829206494	38
1546829206501	37
1546829276108	36
1546829276130	36
1546829276139	35
1546829276146	34
1546829276153	33
1546829276160	32
1546829276166	31
1546829335994	30
1546829336012	28
1546829336020	27
1546829336026	25
1546829336032	24
1546829336038	22
1546829396305	20
1546829396326	19
1546829396333	17
1546829396340	15
1546829396346	13
1546829396352	11
1546829396358	10
1546829465734	8
1546829465742	6
1546829465745	5
1546829465747	5
1546829465749	5
1546829465751	5
1546829525667	5
1546829525683	5
1546829525689	5
1546829525694	5
1546829525699	5
1546829525704	5
1546829595610	5
1546829595628	5
1546829595636	5
1546829595642	5
1546829595649	5
1546829595655	5
1546829595661	5
1546829655480	5
1546829655494	6
1546829655499	7
1546829655504	9
1546829655508	11
1546829655512	14
1546829715740	18
1546829715758	23
1546829715765	28
1546829715771	33
1546829715778	38
1546829715784	43
1546829715790	47
1546829785357	51
1546829785370	54
1546829785376	57
1546829785381	59
1546829785385	60
1546829785390	60
1546829845549	60
1546829845568	59
1546829845575	58
1546829845582	57
1546829845588	55
1546829845594	53
1546829915180	51
1546829915198	50
1546829915206	48
1546829915213	46
1546829915219	44
1546829915225	43
1546829915230	42
1546829975478	41
1546829975499	41
1546829975507	40
1546829975514	40
1546829975520	40
1546829975526	40
1546830034963	41
1546830034977	41
1546830034982	41
1546830034986	42
1546830034991	42
1546830034995	42
1546830034999	42
1546830104892	42
1546830104909	42
1546830104917	41
1546830104923	41
1546830104929	40
1546830104935	39
1546830165051	38
1546830165069	36
1546830165077	35
1546830165084	34
1546830165090	33
1546830165096	32
1546830234640	30
1546830234648	29
1546830234651	29
1546830234653	28
1546830234655	27
1546830234657	26
1546830234659	26
1546830294790	26
1546830294810	25
1546830294818	25
1546830294824	25
1546830294830	24
1546830294836	24
1546830354750	24
1546830354769	24
1546830354776	24
1546830354782	24
1546830354788	24
1546830354794	24
1546830354800	24
1546830424587	24
1546830424606	24
1546830424614	25
1546830424620	26
1546830424626	29
1546830424632	31
1546830484337	35
1546830484351	39
1546830484356	44
1546830484361	49
1546830484365	54
1546830484369	60
1546830554779	65
1546830554799	70
1546830554808	74
1546830554815	78
1546830554822	81
1546830554829	83
1546830554835	84
1546830614145	85
1546830614159	84
1546830614165	84
1546830614169	83
1546830614174	81
1546830614178	79
1546830673979	77
1546830673990	75
1546830673993	73
1546830673995	71
1546830673998	69
1546830674000	67
1546830674003	65
1546830744041	63
1546830744061	62
1546830744069	61
1546830744076	60
1546830744082	59
1546830744089	58
1546830803878	58
1546830803900	58
1546830803907	57
1546830803914	57
1546830803921	57
1546830803927	57
1546830873946	57
1546830873955	56
1546830873958	56
1546830873961	55
1546830873963	55
1546830873966	54
1546830873968	53
1546830933715	52
1546830933736	51
1546830933744	49
1546830933751	48
1546830933758	46
1546830933764	45
1546830993618	43
1546830993636	42
1546830993643	40
1546830993649	39
1546830993655	37
1546830993661	36
1546830993667	35
1546831063447	33
1546831063461	32
1546831063467	31
1546831063472	30
1546831063476	29
1546831063481	28
1546831123389	27
1546831123408	26
1546831123416	24
1546831123424	23
1546831123430	22
1546831123437	21
1546831193342	20
1546831193363	19
1546831193372	18
1546831193379	17
1546831193385	16
1546831193391	16
1546831193397	16
1546831253184	16
1546831253198	18
1546831253203	20
1546831253207	24
1546831253212	28
1546831253216	33
1546831313147	39
1546831313156	45
1546831313159	51
1546831313162	57
1546831313165	63
1546831313167	68
1546831313170	72
1546831383063	76
1546831383080	78
1546831383088	80
1546831383095	81
1546831383100	81
1546831383107	80
1546831442950	79
1546831442968	78
1546831442976	76
1546831442982	74
1546831442988	72
1546831442994	70
1546831512753	68
1546831512763	66
1546831512766	64
1546831512769	62
1546831512772	61
1546831512774	59
1546831512777	57
1546831572897	56
1546831572916	54
1546831572923	53
1546831572930	52
1546831572936	51
1546831572942	51
1546831632604	50
1546831632617	50
1546831632623	49
1546831632627	49
1546831632632	48
1546831632636	48
1546831632640	47
1546831702543	47
1546831702563	46
1546831702572	45
1546831702579	44
1546831702585	43
1546831702592	41
1546831762457	40
1546831762466	38
1546831762468	37
1546831762470	35
1546831762472	33
1546831762474	32
1546831832373	30
1546831832394	28
1546831832401	27
1546831832409	25
1546831832415	24
1546831832421	23
1546831832427	22
1546831892350	20
1546831892369	19
1546831892376	18
1546831892382	17
1546831892388	16
1546831892394	15
1546831952162	14
1546831952178	13
1546831952185	12
1546831952191	11
1546831952197	10
1546831952202	9
1546831952207	8
1546832021991	7
1546832022001	6
1546832022004	5
1546832022006	6
1546832022008	6
1546832022011	8
1546832082065	11
1546832082083	15
1546832082091	21
1546832082097	26
1546832082104	33
1546832082110	40
1546832151894	47
1546832151904	54
1546832151907	60
1546832151910	66
1546832151912	71
1546832151915	74
1546832151917	77
1546832211726	78
1546832211740	78
1546832211746	78
1546832211751	76
1546832211755	74
1546832211760	71
1546832271755	68
1546832271775	65
1546832271783	62
1546832271789	59
1546832271796	56
1546832271802	53
1546832271808	50
1546832341903	48
1546832341922	46
1546832341930	44
1546832341937	42
1546832341943	41
1546832341949	40
1546832401489	39
1546832401497	38
1546832401500	37
1546832401502	36
1546832401505	35
1546832401507	34
1546832472038	33
1546832472060	31
1546832472068	30
1546832472076	28
1546832472082	27
1546832472088	25
1546832472094	24
1546832531489	22
1546832531515	20
1546832531527	19
1546832531536	17
1546832531543	16
1546832531550	14
1546832591535	13
1546832591554	12
1546832591561	11
1546832591567	10
1546832591573	9
1546832591579	8
1546832591585	8
1546832661332	7
1546832661351	6
1546832661359	5
1546832661365	5
1546832661372	5
1546832661378	5
1546832720977	5
1546832720986	5
1546832720990	5
1546832720992	5
1546832720995	5
1546832720997	5
1546832790965	5
1546832790983	5
1546832790991	5
1546832790997	5
1546832791003	5
1546832791009	5
1546832791015	5
1546832850896	5
1546832850914	5
1546832850922	5
1546832850929	5
1546832850935	6
1546832850942	8
1546832911110	10
1546832911129	14
1546832911137	18
1546832911144	23
1546832911150	28
1546832911156	34
1546832911163	40
1546832980783	45
1546832980799	50
1546832980807	55
1546832980813	58
1546832980818	61
1546832980823	63
1546833040511	64
1546833040521	64
1546833040524	64
1546833040527	63
1546833040529	61
1546833040531	59
1546833110509	57
1546833110530	55
1546833110538	52
1546833110545	50
1546833110551	48
1546833110557	46
1546833110563	45
1546833170822	43
1546833170844	43
1546833170852	42
1546833170859	42
1546833170865	42
1546833170871	43
1546833230243	44
1546833230251	45
1546833230254	46
1546833230257	47
1546833230259	48
1546833230261	50
1546833230263	51
1546833300286	52
1546833300303	52
1546833300311	53
1546833300317	53
1546833300323	54
1546833300329	54
1546833360138	53
1546833360154	53
1546833360161	53
1546833360166	52
1546833360172	52
1546833360178	51
1546833429978	51
1546833429986	50
1546833429989	49
1546833429991	49
1546833429993	48
1546833429996	48
1546833429998	47
1546833489931	47
1546833489945	47
1546833489951	46
1546833489956	46
1546833489961	46
1546833489966	45
1546833550134	45
1546833550152	45
1546833550160	44
1546833550166	44
1546833550172	43
1546833550178	43
1546833550184	42
1546833620017	42
1546833620037	41
1546833620045	41
1546833620051	41
1546833620057	42
1546833620063	43
1546833680160	45
1546833680179	48
1546833680186	52
1546833680193	56
1546833680199	62
1546833680205	67
1546833750011	73
1546833750033	79
1546833750042	85
1546833750049	90
1546833750055	95
1546833750061	95
1546833750067	95
1546833809534	95
1546833809554	95
1546833809562	95
1546833809568	94
1546833809575	94
1546833809582	93
1546833869445	92
1546833869466	90
1546833869475	89
1546833869482	87
1546833869488	85
1546833869494	84
1546833869500	82
1546833939802	81
1546833939823	79
1546833939831	78
1546833939838	77
1546833939844	76
1546833939850	75
1546833999406	74
1546833999424	74
1546833999432	73
1546833999438	73
1546833999444	73
1546833999450	72
1546834069313	72
1546834069333	71
1546834069341	71
1546834069348	70
1546834069355	70
1546834069362	69
1546834069369	68
1546834129359	67
1546834129378	66
1546834129385	65
1546834129392	64
1546834129398	63
1546834129404	61
1546834189312	60
1546834189333	59
1546834189341	57
1546834189347	56
1546834189354	55
1546834189360	54
1546834189366	52
1546834258794	51
1546834258814	50
1546834258823	49
1546834258830	48
1546834258837	47
1546834258844	46
1546834318634	45
1546834318643	44
1546834318646	44
1546834318648	43
1546834318651	42
1546834318654	41
1546834388533	41
1546834388542	40
1546834388545	39
1546834388547	38
1546834388549	37
1546834388551	36
1546834388553	36
1546834448831	36
1546834448848	36
1546834448856	37
1546834448862	38
1546834448868	41
1546834448875	44
1546834508345	48
1546834508361	52
1546834508367	57
1546834508373	62
1546834508378	67
1546834508383	72
1546834508389	77
1546834578193	80
1546834578216	84
1546834578224	86
1546834578232	88
1546834578242	89
1546834578249	89
1546834638146	89
1546834638166	88
1546834638175	87
1546834638182	86
1546834638189	84
1546834638196	83
1546834708024	81
1546834708038	79
1546834708043	78
1546834708047	76
1546834708052	75
1546834708056	74
1546834708060	72
1546834768410	71
1546834768431	71
1546834768439	70
1546834768445	69
1546834768451	68
1546834768458	68
1546834827778	67
1546834827788	67
1546834827791	67
1546834827794	66
1546834827796	66
1546834827799	65
1546834827802	65
1546834898001	64
1546834898020	63
1546834898028	63
1546834898035	62
1546834898041	61
1546834898047	60
1546834957589	58
1546834957603	57
1546834957609	56
1546834957614	55
1546834957619	54
1546834957624	52
1546835027506	51
1546835027519	50
1546835027525	49
1546835027530	48
1546835027534	46
1546835027538	45
1546835027542	44
1546835087676	43
1546835087694	42
1546835087701	42
1546835087707	41
1546835087713	40
1546835087720	39
1546835147549	39
1546835147559	38
1546835147562	37
1546835147565	36
1546835147567	36
1546835147570	35
1546835147572	34
1546835217565	33
1546835217586	33
1546835217594	32
1546835217601	31
1546835217607	32
1546835217613	32
1546835277534	34
1546835277556	36
1546835277563	40
1546835277570	44
1546835277577	48
1546835277583	53
1546835347650	59
1546835347672	64
1546835347680	70
1546835347687	75
1546835347693	79
1546835347700	83
1546835347706	86
1546835407178	88
1546835407197	89
1546835407204	90
1546835407211	90
1546835407217	89
1546835407223	88
1546835467088	86
1546835467106	84
1546835467114	82
1546835467120	80
1546835467126	78
1546835467132	76
1546835467138	75
1546835536835	73
1546835536853	72
1546835536862	70
1546835536868	69
1546835536875	69
1546835536881	68
1546835597041	68
1546835597058	67
1546835597066	67
1546835597072	67
1546835597078	67
1546835597085	66
1546835666638	66
1546835666656	66
1546835666664	65
1546835666670	65
1546835666676	64
1546835666682	63
1546835666688	63
1546835726333	62
1546835726343	61
1546835726346	59
1546835726349	58
1546835726351	57
1546835726354	55
1546835786850	54
1546835786871	53
1546835786879	51
1546835786885	50
1546835786892	49
1546835786899	47
1546835786905	46
1546835856608	45
1546835856629	44
1546835856637	43
1546835856644	42
1546835856650	41
1546835856656	40
1546835916640	39
1546835916662	38
1546835916670	37
1546835916677	36
1546835916684	35
1546835916690	34
1546835986445	33
1546835986467	32
1546835986475	31
1546835986482	30
1546835986488	30
1546835986495	29
1546835986500	28
1546836046039	29
1546836046059	30
1546836046067	31
1546836046074	34
1546836046080	38
1546836046086	42
1546836105944	47
1546836105965	53
1546836105973	59
1546836105979	65
1546836105986	71
1546836105992	76
1546836105998	81
1546836176192	85
1546836176214	88
1546836176222	90
1546836176228	91
1546836176235	91
1546836176242	91
1546836236089	90
1546836236109	88
1546836236117	86
1546836236123	84
1546836236130	82
1546836236136	79
1546836305878	77
1546836305897	74
1546836305905	72
1546836305911	71
1546836305917	69
1546836305923	68
1546836305929	66
1546836365952	66
1546836365970	65
1546836365977	65
1546836365984	64
1546836365990	64
1546836365996	64
1546836425403	64
1546836425421	64
1546836425429	64
1546836425435	64
1546836425441	64
1546836425447	63
1546836425453	62
1546836495601	61
1546836495619	60
1546836495627	59
1546836495633	58
1546836495639	56
1546836495646	55
1546836555581	53
1546836555604	51
1546836555612	50
1546836555619	48
1546836555626	47
1546836555633	45
1546836625180	44
1546836625201	42
1546836625209	41
1546836625216	40
1546836625222	39
1546836625228	38
1546836625234	37
1546836685425	36
1546836685447	35
1546836685455	34
1546836685462	33
1546836685468	32
1546836685475	31
1546836744841	30
1546836744853	29
1546836744856	28
1546836744859	27
1546836744861	26
1546836744864	25
1546836744866	24
1546836814738	24
1546836814746	23
1546836814749	24
1546836814752	26
1546836814754	28
1546836814756	32
1546836874715	36
1546836874733	42
1546836874740	47
1546836874747	54
1546836874753	60
1546836874759	67
1546836944995	73
1546836945016	78
1546836945024	82
1546836945031	86
1546836945037	88
1546836945043	90
1546836945049	90
1546837004450	90
1546837004459	89
1546837004462	87
1546837004465	85
1546837004467	82
1546837004470	80
1546837064348	77
1546837064359	74
1546837064362	72
1546837064364	69
1546837064368	67
1546837064370	65
1546837064373	64
1546837134222	63
1546837134231	62
1546837134233	61
1546837134236	61
1546837134238	61
1546837134240	61
1546837194265	61
1546837194286	61
1546837194294	61
1546837194300	60
1546837194307	59
1546837194313	57
1546837264111	55
1546837264126	53
1546837264130	50
1546837264133	48
1546837264136	44
1546837264139	41
1546837264141	38
1546837324266	35
1546837324285	32
1546837324292	30
1546837324299	27
1546837324305	25
1546837324311	24
1546837384224	22
1546837384255	21
1546837384263	21
1546837384269	20
1546837384275	20
1546837384281	20
1546837384287	19
1546837454117	19
1546837454135	19
1546837454143	19
1546837454149	18
1546837454155	17
1546837454162	17
1546837513689	15
1546837513702	14
1546837513706	13
1546837513708	11
1546837513711	9
1546837513714	8
1546837584006	6
1546837584027	5
1546837584035	5
1546837584042	5
1546837584048	5
1546837584055	6
1546837584060	9
1546837643572	13
1546837643588	18
1546837643593	24
1546837643597	30
1546837643601	38
1546837643606	45
1546837703420	53
1546837703438	60
1546837703446	66
1546837703453	72
1546837703459	77
1546837703465	80
1546837703471	83
1546837773666	84
1546837773687	84
1546837773696	84
1546837773703	82
1546837773709	80
1546837773716	78
1546837833611	75
1546837833632	72
1546837833640	68
1546837833647	65
1546837833654	62
1546837833661	60
1546837903138	57
1546837903159	55
1546837903168	54
1546837903175	53
1546837903182	52
1546837903189	52
1546837903196	52
1546837963098	53
1546837963118	54
1546837963126	56
1546837963133	57
1546837963140	59
1546837963147	60
1546838022941	62
1546838022959	63
1546838022966	64
1546838022972	65
1546838022978	65
1546838022985	65
1546838022990	65
1546838092827	64
1546838092840	63
1546838092846	62
1546838092851	60
1546838092855	58
1546838092860	56
1546838152759	53
1546838152776	51
1546838152784	48
1546838152790	46
1546838152796	43
1546838152802	41
1546838222596	38
1546838222609	35
1546838222615	33
1546838222619	30
1546838222623	27
1546838222628	25
1546838222632	23
1546838282857	20
1546838282876	18
1546838282883	16
1546838282889	14
1546838282895	12
1546838282901	11
1546838342708	10
1546838342727	9
1546838342734	10
1546838342740	11
1546838342746	13
1546838342752	16
1546838342758	20
1546838412767	25
1546838412788	31
1546838412796	37
1546838412803	44
1546838412809	50
1546838412815	57
1546838472637	62
1546838472658	67
1546838472667	72
1546838472674	75
1546838472681	77
1546838472688	78
1546838542515	78
1546838542533	78
1546838542541	77
1546838542547	75
1546838542553	74
1546838542559	72
1546838542565	70
1546838602448	68
1546838602469	66
1546838602477	64
1546838602484	63
1546838602491	62
1546838602497	61
1546838662146	60
1546838662167	59
1546838662175	59
1546838662181	59
1546838662188	58
1546838662194	58
1546838662200	58
1546838731952	58
1546838731962	58
1546838731965	58
1546838731968	58
1546838731971	57
1546838731974	56
1546838791836	55
1546838791858	54
1546838791866	52
1546838791873	51
1546838791879	48
1546838791886	46
1546838862180	44
1546838862201	41
1546838862210	38
1546838862217	35
1546838862223	33
1546838862229	30
1546838862235	27
1546838921546	25
1546838921558	23
1546838921561	21
1546838921563	19
1546838921566	18
1546838921568	16
1546838981469	15
1546838981483	14
1546838981488	13
1546838981493	13
1546838981497	12
1546838981501	11
1546838981505	11
1546839051405	10
1546839051436	10
1546839051444	10
1546839051450	10
1546839051457	11
1546839051463	13
1546839111577	16
1546839111596	20
1546839111603	24
1546839111610	30
1546839111616	37
1546839111622	44
1546839181626	51
1546839181650	58
1546839181658	65
1546839181665	72
1546839181672	77
1546839181679	82
1546839181686	85
1546839241131	88
1546839241150	89
1546839241157	89
1546839241164	88
1546839241170	87
1546839241176	85
1546839300961	82
1546839300975	79
1546839300980	76
1546839300985	72
1546839300989	69
1546839300994	66
1546839300998	63
1546839370884	60
1546839370901	58
1546839370909	55
1546839370916	53
1546839370922	52
1546839370928	50
1546839430800	49
1546839430818	48
1546839430825	48
1546839430832	47
1546839430838	46
1546839430844	45
1546839501035	44
1546839501053	43
1546839501062	42
1546839501068	40
1546839501074	39
1546839501080	37
1546839501086	36
1546839561114	34
1546839561133	33
1546839561140	31
1546839561147	29
1546839561153	28
1546839561159	26
1546839620840	25
1546839620859	23
1546839620867	22
1546839620874	21
1546839620880	20
1546839620886	20
1546839620892	19
1546839690843	19
1546839690864	18
1546839690872	18
1546839690878	17
1546839690884	17
1546839690891	16
1546839750376	15
1546839750398	15
1546839750406	14
1546839750413	13
1546839750419	12
1546839750426	12
1546839820522	12
1546839820540	12
1546839820548	14
1546839820554	17
1546839820560	21
1546839820566	25
1546839820572	31
1546839880143	37
1546839880161	44
1546839880169	51
1546839880175	58
1546839880181	64
1546839880187	69
1546839940498	74
1546839940520	77
1546839940527	79
1546839940534	80
1546839940540	81
1546839940547	80
1546839940553	79
1546840009889	77
1546840009899	74
1546840009902	72
1546840009905	69
1546840009908	66
1546840009911	63
1546840069937	60
1546840069957	58
1546840069966	55
1546840069973	53
1546840069980	51
1546840069986	50
1546840139814	49
1546840139832	48
1546840139839	47
1546840139846	47
1546840139852	46
1546840139858	46
1546840139864	46
1546840199676	46
1546840199696	45
1546840199704	45
1546840199711	44
1546840199718	43
1546840199725	43
1546840259485	42
1546840259498	40
1546840259503	39
1546840259508	38
1546840259512	36
1546840259517	34
1546840259521	33
1546840329854	31
1546840329875	29
1546840329883	28
1546840329890	26
1546840329896	24
1546840329902	23
1546840389582	21
1546840389601	20
1546840389608	19
1546840389615	17
1546840389621	16
1546840389627	15
1546840459761	14
1546840459806	13
1546840459814	12
1546840459820	11
1546840459826	10
1546840459832	8
1546840459838	7
1546840519268	6
1546840519289	6
1546840519298	6
1546840519305	7
1546840519312	9
1546840519319	13
1546840579516	17
1546840579537	23
1546840579545	29
1546840579552	37
1546840579558	44
1546840579564	52
1546840579570	59
1546840649091	66
1546840649109	73
1546840649117	78
1546840649124	81
1546840649130	84
1546840649136	85
1546840709175	85
1546840709189	84
1546840709194	83
1546840709199	80
1546840709203	77
1546840709208	74
1546840779134	71
1546840779153	67
1546840779161	64
1546840779167	60
1546840779173	57
1546840779179	54
1546840779185	51
1546840839094	48
1546840839113	45
1546840839121	43
1546840839127	41
1546840839133	40
1546840839139	38
1546840898914	37
1546840898933	36
1546840898941	35
1546840898947	34
1546840898954	33
1546840898960	33
1546840898965	32
1546840968657	31
1546840968677	30
1546840968685	29
1546840968692	28
1546840968698	26
1546840968704	25
1546841028443	23
1546841028461	22
1546841028469	20
1546841028475	18
1546841028481	17
1546841028487	15
1546841098289	13
1546841098298	11
1546841098301	10
1546841098304	8
1546841098307	7
1546841098310	5
1546841098312	5
1546841158212	5
1546841158230	5
1546841158238	5
1546841158244	5
1546841158251	5
1546841158257	5
1546841218444	5
1546841218466	5
1546841218477	5
1546841218485	5
1546841218494	5
1546841218502	5
1546841218511	5
1546841288303	5
1546841288312	7
1546841288316	10
1546841288319	13
1546841288321	18
1546841288324	23
1546841347948	30
1546841347961	36
1546841347964	43
1546841347967	50
1546841347970	56
1546841347973	61
1546841418487	66
1546841418508	69
1546841418516	72
1546841418523	74
1546841418529	74
1546841418535	74
1546841418541	73
1546841477964	72
1546841477980	70
1546841477986	68
1546841477992	66
1546841477997	64
1546841478003	62
1546841537664	60
1546841537678	58
1546841537683	56
1546841537688	55
1546841537693	54
1546841537697	53
1546841537701	52
1546841607841	52
1546841607859	52
1546841607867	52
1546841607873	52
1546841607879	52
1546841607885	52
1546841667548	53
1546841667569	53
1546841667577	53
1546841667584	53
1546841667590	53
1546841667596	52
1546841737584	52
1546841737600	52
1546841737607	51
1546841737613	50
1546841737618	50
1546841737624	49
1546841737629	48
1546841797502	47
1546841797520	46
1546841797528	44
1546841797535	43
1546841797541	42
1546841797547	41
1546841857255	40
1546841857272	38
1546841857280	37
1546841857286	36
1546841857292	35
1546841857298	34
1546841857304	33
1546841927233	32
1546841927243	31
1546841927246	30
1546841927249	29
1546841927252	28
1546841927254	27
1546841986936	26
1546841986978	26
1546841986987	25
1546841986993	25
1546841986999	25
1546841987005	27
1546842056898	29
1546842056918	32
1546842056927	36
1546842056934	41
1546842056941	47
1546842056948	54
1546842056955	61
1546842116677	68
1546842116686	75
1546842116689	81
1546842116691	87
1546842116693	91
1546842116695	94
1546842176677	95
1546842176695	95
1546842176702	94
1546842176709	94
1546842176715	92
1546842176721	90
1546842176727	88
1546842246598	85
1546842246621	83
1546842246630	80
1546842246637	77
1546842246644	75
1546842246651	73
1546842306892	71
1546842306914	68
1546842306921	67
1546842306929	65
1546842306935	64
1546842306941	63
1546842376625	62
1546842376643	62
1546842376651	61
1546842376657	60
1546842376664	60
1546842376670	59
1546842376676	59
1546842436517	58
1546842436536	58
1546842436544	57
1546842436550	56
1546842436557	55
1546842436563	54
1546842496619	53
1546842496636	51
1546842496644	50
1546842496650	48
1546842496656	47
1546842496662	45
1546842496668	44
1546842566066	42
1546842566076	41
1546842566079	39
1546842566082	38
1546842566085	37
1546842566087	35
1546842626441	34
1546842626462	33
1546842626469	32
1546842626476	31
1546842626482	30
1546842626489	28
1546842696192	27
1546842696210	26
1546842696218	25
1546842696224	24
1546842696230	22
1546842696236	21
1546842696242	20
1546842756086	19
1546842756108	18
1546842756117	18
1546842756125	18
1546842756132	20
1546842756139	22
1546842815736	26
1546842815750	31
1546842815754	36
1546842815758	42
1546842815762	49
1546842815766	56
1546842815769	63
1546842885825	69
1546842885847	75
1546842885855	80
1546842885862	83
1546842885868	86
1546842885875	87
1546842945851	88
1546842945869	88
1546842945877	87
1546842945884	86
1546842945890	84
1546842945896	82
1546843015618	79
1546843015639	77
1546843015647	74
1546843015654	72
1546843015661	70
1546843015667	68
1546843015674	65
1546843075684	64
1546843075702	62
1546843075709	60
1546843075716	59
1546843075722	58
1546843075729	57
1546843135345	56
1546843135363	56
1546843135371	55
1546843135377	54
1546843135383	53
1546843135389	52
1546843135395	51
1546843205246	50
1546843205265	49
1546843205272	48
1546843205279	47
1546843205285	46
1546843205291	44
1546843265000	43
1546843265008	42
1546843265011	41
1546843265013	40
1546843265015	39
1546843265017	38
1546843334870	37
1546843334878	37
1546843334880	36
1546843334883	35
1546843334885	34
1546843334887	34
1546843334889	33
1546843394916	32
1546843394924	31
1546843394928	29
1546843394930	28
1546843394933	27
1546843394935	25
1546843454800	24
1546843454814	23
1546843454820	23
1546843454825	23
1546843454829	25
1546843454833	27
1546843454838	31
1546843524977	35
1546843524995	41
1546843525003	47
1546843525009	53
1546843525016	60
1546843525022	66
1546843584959	72
1546843584977	77
1546843584985	82
1546843584991	85
1546843584997	88
1546843585003	89
1546843654933	90
1546843654951	89
1546843654959	88
1546843654965	87
1546843654971	85
1546843654978	83
1546843654984	80
1546843714856	78
1546843714877	75
1546843714885	72
1546843714892	70
1546843714899	67
1546843714905	65
1546843774630	63
1546843774648	61
1546843774656	59
1546843774662	57
1546843774669	56
1546843774675	55
1546843774681	54
1546843844381	53
1546843844391	53
1546843844394	52
1546843844397	52
1546843844399	52
1546843844402	52
1546843904419	51
1546843904438	51
1546843904446	50
1546843904452	49
1546843904458	48
1546843904464	47
1546843974266	46
1546843974286	45
1546843974294	43
1546843974302	42
1546843974309	40
1546843974318	38
1546843974324	37
1546844033971	35
1546844033990	33
1546844033998	31
1546844034004	29
1546844034010	27
1546844034016	26
1546844093876	24
1546844093895	22
1546844093903	20
1546844093909	18
1546844093915	17
1546844093921	15
1546844093927	14
1546844163793	14
1546844163811	15
1546844163819	17
1546844163825	20
1546844163831	24
1546844163837	30
1546844223668	36
1546844223683	44
1546844223689	51
1546844223695	59
1546844223701	66
1546844223707	73
1546844293917	78
1546844293936	83
1546844293944	87
1546844293950	89
1546844293956	91
1546844293962	91
1546844293968	91
1546844353540	89
1546844353561	88
1546844353568	86
1546844353575	84
1546844353582	81
1546844353587	78
1546844413698	76
1546844413715	73
1546844413723	71
1546844413729	69
1546844413736	67
1546844413742	65
1546844413748	64
1546844483474	62
1546844483492	61
1546844483499	60
1546844483506	60
1546844483512	59
1546844483518	59
1546844543504	58
1546844543523	57
1546844543531	57
1546844543537	56
1546844543544	55
1546844543550	53
1546844613145	52
1546844613162	50
1546844613170	48
1546844613176	46
1546844613182	44
1546844613188	41
1546844613194	39
1546844672985	37
1546844672995	34
1546844672998	32
1546844673001	30
1546844673003	29
1546844673006	27
1546844733001	26
1546844733019	25
1546844733026	24
1546844733033	23
1546844733039	22
1546844733045	22
1546844733051	21
1546844803265	20
1546844803286	19
1546844803295	19
1546844803301	17
1546844803307	16
1546844803314	15
1546844863051	13
1546844863070	12
1546844863077	11
1546844863084	10
1546844863090	10
1546844863096	11
1546844932775	13
1546844932794	16
1546844932802	21
1546844932808	27
1546844932814	34
1546844932820	41
1546844932826	49
1546844993012	56
1546844993033	64
1546844993041	70
1546844993048	76
1546844993054	81
1546844993061	84
1546845052524	87
1546845052542	88
1546845052549	89
1546845052555	89
1546845052562	88
1546845052568	86
1546845052574	84
1546845122973	82
1546845122994	79
1546845123003	77
1546845123010	74
1546845123017	71
1546845123024	68
1546845182752	66
1546845182772	63
1546845182780	61
1546845182787	59
1546845182794	57
1546845182800	55
1546845252336	53
1546845252354	52
1546845252362	50
1546845252369	49
1546845252375	48
1546845252381	47
1546845252387	46
1546845312108	46
1546845312117	45
1546845312120	44
1546845312123	44
1546845312125	43
1546845312128	43
1546845372034	42
1546845372052	42
1546845372059	41
1546845372066	40
1546845372072	39
1546845372078	38
1546845372084	37
1546845442269	35
1546845442287	34
1546845442295	32
1546845442302	30
1546845442307	27
1546845442313	25
1546845501862	22
1546845501876	20
1546845501881	17
1546845501886	14
1546845501891	12
1546845501895	9
1546845571841	7
1546845571860	5
1546845571868	5
1546845571874	5
1546845571880	5
1546845571886	5
1546845571892	5
1546845632118	5
1546845632140	5
1546845632147	5
1546845632154	5
1546845632160	6
1546845632166	8
1546845691933	11
1546845691951	15
1546845691959	20
1546845691965	27
1546845691971	34
1546845691978	41
1546845691984	49
1546845761803	56
1546845761821	63
1546845761829	69
1546845761836	74
1546845761842	78
1546845761848	81
1546845821427	83
1546845821445	84
1546845821453	83
1546845821459	82
1546845821466	80
1546845821472	78
1546845891644	75
1546845891662	72
1546845891670	68
1546845891676	65
1546845891683	62
1546845891689	59
1546845891695	56
1546845951562	53
1546845951580	51
1546845951588	49
1546845951594	47
1546845951600	46
1546845951606	45
1546846011110	45
1546846011119	45
1546846011122	45
1546846011125	45
1546846011127	45
1546846011130	45
1546846011132	45
1546846081529	45
1546846081550	45
1546846081558	44
1546846081565	44
1546846081571	43
1546846081577	41
1546846141056	40
1546846141073	38
1546846141081	36
1546846141088	34
1546846141094	32
1546846141100	30
1546846211069	27
1546846211078	25
1546846211081	23
1546846211084	21
1546846211087	19
1546846211089	18
1546846211092	17
1546846270782	16
1546846270791	15
1546846270794	15
1546846270797	15
1546846270799	15
1546846270802	15
1546846330763	16
1546846330781	16
1546846330788	16
1546846330794	17
1546846330800	17
1546846330806	17
1546846330812	17
1546846400967	17
1546846400987	16
1546846400994	15
1546846401000	14
1546846401006	13
1546846401013	12
1546846460833	11
1546846460851	11
1546846460859	12
1546846460865	14
1546846460871	17
1546846460878	21
1546846530528	26
1546846530548	32
1546846530556	38
1546846530563	45
1546846530570	51
1546846530576	57
1546846530582	63
1546846590443	68
1546846590461	72
1546846590468	75
1546846590475	77
1546846590480	78
1546846590487	79
1546846650697	78
1546846650714	78
1546846650722	76
1546846650728	74
1546846650735	72
1546846650741	70
1546846650746	67
1546846720815	64
1546846720837	61
1546846720845	59
1546846720851	56
1546846720857	53
1546846720864	51
1546846780343	49
1546846780361	47
1546846780369	46
1546846780376	44
1546846780382	44
1546846780388	43
1546846850048	42
1546846850065	42
1546846850074	41
1546846850080	41
1546846850086	40
1546846850092	39
1546846850099	38
1546846910321	37
1546846910343	36
1546846910351	34
1546846910358	32
1546846910364	31
1546846910370	29
1546846969936	27
1546846969954	25
1546846969962	23
1546846969968	22
1546846969974	20
1546846969980	19
1546846969986	17
1546847039689	16
1546847039700	15
1546847039703	15
1546847039705	14
1546847039708	13
1546847039710	13
1546847099644	13
1546847099662	12
1546847099670	12
1546847099677	12
1546847099684	11
1546847099691	11
1546847169481	10
1546847169491	8
1546847169493	7
1546847169496	5
1546847169498	5
1546847169500	5
1546847169502	5
1546847229466	5
1546847229477	5
1546847229480	5
1546847229483	5
1546847229485	5
1546847229488	5
1546847289707	6
1546847289725	9
1546847289732	12
1546847289739	17
1546847289745	23
1546847289751	29
1546847289757	36
1546847359565	43
1546847359584	50
1546847359591	56
1546847359598	61
1546847359604	66
1546847359610	69
1546847419648	72
1546847419670	73
1546847419677	73
1546847419684	72
1546847419691	71
1546847419697	69
1546847489190	66
1546847489211	63
1546847489219	60
1546847489226	56
1546847489233	53
1546847489240	49
1546847489246	46
1546847549358	43
1546847549376	41
1546847549384	39
1546847549391	37
1546847549397	36
1546847549404	35
1546847609452	35
1546847609474	35
1546847609482	35
1546847609489	36
1546847609495	37
1546847609501	37
1546847609507	38
1546847678786	39
1546847678795	40
1546847678797	40
1546847678807	41
1546847678809	41
1546847678811	40
1546847738762	40
1546847738783	38
1546847738791	37
1546847738798	36
1546847738805	34
1546847738812	32
1546847809206	29
1546847809228	27
1546847809236	25
1546847809243	22
1546847809249	20
1546847809255	18
1546847809261	16
1546847868871	14
1546847868889	12
1546847868897	11
1546847868903	9
1546847868909	8
1546847868915	7
1546847928564	6
1546847928588	6
1546847928597	5
1546847928606	5
1546847928613	5
1546847928621	5
1546847928628	5
1546847998488	5
1546847998507	5
1546847998514	5
1546847998521	5
1546847998527	5
1546847998533	5
1546848058657	5
1546848058675	5
1546848058682	5
1546848058689	5
1546848058695	5
1546848058701	5
1546848128307	5
1546848128318	6
1546848128322	7
1546848128324	10
1546848128327	13
1546848128329	16
1546848128332	20
1546848188198	23
1546848188221	27
1546848188229	30
1546848188237	33
1546848188244	36
1546848188251	37
1546848248157	39
1546848248179	39
1546848248187	40
1546848248194	39
1546848248200	39
1546848248207	38
1546848248213	36
1546848318351	35
1546848318369	33
1546848318377	32
1546848318384	30
1546848318390	29
1546848318396	27
1546848378147	25
1546848378166	24
1546848378174	22
1546848378180	21
1546848378186	20
1546848378192	19
1546848448091	18
1546848448109	18
1546848448117	17
1546848448123	17
1546848448129	17
1546848448135	17
1546848448141	17
1546848508205	17
1546848508226	18
1546848508234	18
1546848508240	17
1546848508246	17
1546848508253	17
1546848567704	17
1546848567722	16
1546848567730	15
1546848567736	15
1546848567743	14
1546848567749	13
1546848567755	12
1546848637662	11
1546848637680	10
1546848637688	9
1546848637694	8
1546848637699	7
1546848637706	7
1546848697299	6
1546848697308	5
1546848697311	5
1546848697314	5
1546848697316	5
1546848697319	5
1546848767616	5
1546848767634	5
1546848767642	5
1546848767648	5
1546848767654	5
1546848767660	5
1546848767666	5
1546848827193	5
1546848827203	5
1546848827206	5
1546848827210	5
1546848827212	5
1546848827215	5
1546848887094	5
1546848887104	6
1546848887107	8
1546848887110	10
1546848887112	12
1546848887115	16
1546848887117	19
1546848957418	23
1546848957436	27
1546848957444	31
1546848957450	35
1546848957456	38
1546848957462	41
1546849017424	44
1546849017442	46
1546849017449	47
1546849017455	48
1546849017460	48
1546849017466	49
1546849087324	48
1546849087345	48
1546849087353	47
1546849087360	46
1546849087366	45
1546849087372	44
1546849087378	43
1546849147170	42
1546849147191	42
1546849147199	41
1546849147205	41
1546849147211	41
1546849147218	41
1546849206971	41
1546849206989	41
1546849206996	42
1546849207003	43
1546849207009	43
1546849207015	44
1546849207021	45
1546849276864	46
1546849276874	47
1546849276877	47
1546849276880	48
1546849276882	49
1546849276885	49
1546849336655	50
1546849336674	50
1546849336682	50
1546849336688	51
1546849336694	51
1546849336700	51
1546849406648	51
1546849406666	51
1546849406674	51
1546849406680	51
1546849406686	51
1546849406692	51
1546849406698	51
1546849466312	50
1546849466330	50
1546849466337	50
1546849466344	49
1546849466350	48
1546849466356	47
1546849526133	47
1546849526142	46
1546849526145	45
1546849526148	44
1546849526150	43
1546849526153	42
1546849526155	42
1546849596417	42
1546849596436	42
1546849596443	43
1546849596450	45
1546849596456	47
1546849596462	50
1546849656003	53
1546849656018	57
1546849656024	60
1546849656029	64
1546849656033	67
1546849656038	70
1546849726352	72
1546849726374	74
1546849726381	75
1546849726389	75
1546849726396	76
1546849726402	75
1546849726408	75
1546849786107	74
1546849786125	73
1546849786133	72
1546849786139	71
1546849786145	70
1546849786151	69
1546849845727	67
1546849845747	66
1546849845755	65
1546849845763	64
1546849845769	63
1546849845776	62
1546849845783	61
1546849915642	60
1546849915663	59
1546849915671	59
1546849915678	58
1546849915685	57
1546849915692	57
1546849975593	57
1546849975614	57
1546849975622	56
1546849975629	56
1546849975636	55
1546849975642	55
1546850045512	54
1546850045533	54
1546850045541	53
1546850045548	52
1546850045555	51
1546850045562	50
1546850045569	49
1546850105665	48
1546850105683	47
1546850105690	46
1546850105697	45
1546850105703	44
1546850105709	44
1546850165286	43
1546850165301	42
1546850165307	42
1546850165312	42
1546850165317	42
1546850165321	42
1546850165326	42
1546850235197	42
1546850235218	42
1546850235225	42
1546850235232	42
1546850235238	43
1546850235244	43
1546850295336	45
1546850295361	46
1546850295370	49
1546850295378	52
1546850295386	56
1546850295394	60
1546850364989	65
1546850365008	70
1546850365017	75
1546850365024	80
1546850365031	85
1546850365038	89
1546850365045	93
1546850425364	95
1546850425381	95
1546850425389	95
1546850425395	95
1546850425401	95
1546850425407	95
1546850485096	94
1546850485114	94
1546850485121	93
1546850485128	92
1546850485134	91
1546850485140	90
1546850485146	89
1546850555064	88
1546850555082	87
1546850555090	86
1546850555097	85
1546850555103	84
1546850555109	84
1546850614618	83
1546850614638	83
1546850614645	83
1546850614651	83
1546850614658	83
1546850614664	83
1546850684977	83
1546850684995	84
1546850685003	84
1546850685009	84
1546850685016	85
1546850685022	85
1546850685028	85
1546850744490	84
1546850744509	84
1546850744516	83
1546850744523	83
1546850744529	82
1546850744535	81
1546850804726	80
1546850804748	79
1546850804757	77
1546850804763	76
1546850804770	75
1546850804776	73
1546850804783	72
1546850874407	71
1546850874425	70
1546850874433	69
1546850874439	68
1546850874445	66
1546850874451	65
1546850934482	64
1546850934500	62
1546850934508	61
1546850934515	60
1546850934521	58
1546850934527	57
1546851004035	55
1546851004052	54
1546851004058	53
1546851004063	53
1546851004068	53
1546851004073	54
1546851004077	55
1546851063900	58
1546851063918	60
1546851063928	64
1546851063938	67
1546851063948	71
1546851063956	74
1546851124603	78
1546851124622	81
1546851124630	83
1546851124637	85
1546851124643	86
1546851124649	87
1546851124655	87
1546851194163	86
1546851194184	85
1546851194192	84
1546851194199	83
1546851194205	82
1546851194212	80
1546851253734	79
1546851253755	77
1546851253762	76
1546851253769	74
1546851253776	73
1546851253782	71
1546851323564	70
1546851323582	68
1546851323590	67
1546851323596	66
1546851323602	65
1546851323608	64
1546851323614	63
1546851383542	62
1546851383563	61
1546851383570	61
1546851383577	60
1546851383583	59
1546851383590	59
1546851443786	58
1546851443803	58
1546851443811	57
1546851443818	56
1546851443824	56
1546851443830	55
1546851443836	54
1546851513352	53
1546851513377	52
1546851513389	52
1546851513399	50
1546851513409	49
1546851513419	48
1546851573491	47
1546851573510	46
1546851573517	45
1546851573524	43
1546851573530	42
1546851573536	41
1546851643511	40
1546851643532	39
1546851643540	38
1546851643546	37
1546851643553	36
1546851643559	35
1546851643565	34
1546851702953	34
1546851702963	33
1546851702966	33
1546851702968	33
1546851702971	32
1546851702973	32
1546851762897	32
1546851762914	31
1546851762922	31
1546851762928	30
1546851762934	29
1546851762941	29
1546851762947	28
1546851832702	27
1546851832711	26
1546851832715	25
1546851832718	25
1546851832720	25
1546851832723	26
1546851893154	28
1546851893175	30
1546851893183	34
1546851893190	38
1546851893196	43
1546851893203	47
1546851962931	53
1546851962950	58
1546851962957	63
1546851962964	67
1546851962970	71
1546851962976	74
1546851962982	76
1546852022531	78
1546852022549	79
1546852022555	79
1546852022560	79
1546852022566	78
1546852022571	78
1546852082368	77
1546852082376	75
1546852082378	74
1546852082381	73
1546852082383	71
1546852082385	70
1546852082387	68
1546852152275	67
1546852152283	65
1546852152286	64
1546852152288	62
1546852152291	61
1546852152293	60
1546852212157	59
1546852212165	58
1546852212169	56
1546852212171	55
1546852212174	54
1546852212177	54
1546852282204	53
1546852282222	52
1546852282229	51
1546852282236	50
1546852282242	49
1546852282248	48
1546852282254	47
1546852341970	46
1546852341979	45
1546852341982	44
1546852341985	43
1546852341987	41
1546852341990	40
1546852401920	39
1546852401934	37
1546852401940	35
1546852401945	34
1546852401950	32
1546852401955	30
1546852401959	28
1546852472152	26
1546852472170	24
1546852472178	22
1546852472185	20
1546852472191	19
1546852472197	17
1546852531944	16
1546852531966	15
1546852531974	13
1546852531981	13
1546852531987	12
1546852531994	11
1546852601568	10
1546852601577	9
1546852601580	8
1546852601583	7
1546852601585	6
1546852601588	5
1546852601590	5
1546852661963	5
1546852661984	5
1546852661992	5
1546852661999	5
1546852662006	5
1546852662012	5
1546852721550	7
1546852721569	9
1546852721576	13
1546852721583	17
1546852721589	21
1546852721595	26
1546852721601	32
1546852791338	37
1546852791351	42
1546852791355	47
1546852791358	51
1546852791361	54
1546852791364	56
1546852851628	58
1546852851650	59
1546852851658	59
1546852851665	58
1546852851671	57
1546852851678	55
1546852921094	53
1546852921102	50
1546852921105	48
1546852921108	45
1546852921111	43
1546852921113	40
1546852921115	38
1546852981422	36
1546852981441	35
1546852981450	33
1546852981457	32
1546852981463	32
1546852981469	32
1546853040979	32
1546853040997	33
1546853041005	34
1546853041011	36
1546853041017	38
1546853041023	40
1546853041029	42
1546853111301	44
1546853111323	46
1546853111331	48
1546853111337	50
1546853111344	51
1546853111350	53
1546853171157	54
1546853171176	55
1546853171183	56
1546853171190	56
1546853171196	56
1546853171202	56
1546853240993	56
1546853241011	56
1546853241019	55
1546853241025	54
1546853241031	53
1546853241038	52
1546853241043	51
1546853301083	50
1546853301096	49
1546853301099	48
1546853301102	46
1546853301105	45
1546853301108	44
1546853360473	44
1546853360482	43
1546853360485	43
1546853360488	42
1546853360490	42
1546853360493	42
1546853360495	43
1546853430598	43
1546853430616	44
1546853430623	45
1546853430630	47
1546853430636	49
1546853430642	52
1546853490628	56
1546853490659	60
1546853490667	65
1546853490673	70
1546853490679	75
1546853490686	81
1546853560292	86
1546853560310	91
1546853560317	95
1546853560324	95
1546853560330	95
1546853560336	95
1546853560342	95
1546853620169	95
1546853620189	95
1546853620198	95
1546853620205	95
1546853620212	94
1546853620218	93
1546853680120	92
1546853680136	91
1546853680142	89
1546853680148	87
1546853680154	85
1546853680159	83
1546853680165	80
1546853750035	78
1546853750054	76
1546853750062	73
1546853750069	72
1546853750076	70
1546853750083	69
1546853809906	68
1546853809926	67
1546853809934	67
1546853809941	67
1546853809948	67
1546853809954	67
1546853879874	67
1546853879892	67
1546853879900	67
1546853879906	66
1546853879912	66
1546853879919	64
1546853879924	63
1546853939730	61
1546853939748	59
1546853939755	57
1546853939762	54
1546853939768	51
1546853939774	49
1546853999702	47
1546853999724	44
1546853999733	42
1546853999740	40
1546853999747	39
1546853999753	37
1546853999760	36
1546854069785	35
1546854069804	34
1546854069811	33
1546854069818	33
1546854069824	32
1546854069830	31
1546854129724	30
1546854129742	29
1546854129749	28
1546854129756	27
1546854129762	25
1546854129768	24
1546854199235	22
1546854199244	20
1546854199247	19
1546854199249	18
1546854199251	18
1546854199253	19
1546854199255	20
1546854259254	22
1546854259263	25
1546854259265	28
1546854259267	33
1546854259269	37
1546854259271	42
1546854319067	46
1546854319077	51
1546854319080	55
1546854319083	58
1546854319086	61
1546854319088	62
1546854319090	63
1546854389082	64
1546854389101	64
1546854389109	63
1546854389115	62
1546854389121	61
1546854389127	60
1546854449357	59
1546854449379	57
1546854449387	56
1546854449394	55
1546854449400	53
1546854449407	52
1546854519176	51
1546854519195	50
1546854519202	49
1546854519209	48
1546854519215	47
1546854519222	46
1546854519227	45
1546854579586	45
1546854579604	44
1546854579612	43
1546854579618	43
1546854579624	42
1546854579630	41
1546854638681	41
1546854638701	40
1546854638709	40
1546854638716	40
1546854638722	40
1546854638729	39
1546854638734	39
1546854708622	39
1546854708640	39
1546854708648	38
1546854708654	38
1546854708660	37
1546854708667	36
1546854768765	35
1546854768783	34
1546854768791	32
1546854768797	31
1546854768803	30
1546854768809	28
1546854838796	27
1546854838818	26
1546854838826	25
1546854838832	24
1546854838839	24
1546854838845	24
1546854838851	24
1546854898415	24
1546854898434	25
1546854898441	25
1546854898448	26
1546854898454	26
1546854898460	26
1546854958379	26
1546854958397	26
1546854958404	25
1546854958411	24
1546854958417	23
1546854958423	22
1546854958429	20
1546855028054	19
1546855028063	18
1546855028066	17
1546855028069	17
1546855028071	18
1546855028074	19
1546855088332	21
1546855088352	25
1546855088360	28
1546855088366	33
1546855088373	38
1546855088379	42
1546855158194	47
1546855158212	52
1546855158220	55
1546855158226	59
1546855158232	61
1546855158238	63
1546855158244	64
1546855217762	65
1546855217773	65
1546855217777	64
1546855217780	63
1546855217783	62
1546855217785	60
1546855278317	59
1546855278336	57
1546855278343	55
1546855278349	53
1546855278355	51
1546855278362	49
1546855278368	47
1546855347909	45
1546855347928	44
1546855347936	43
1546855347942	42
1546855347948	41
1546855347954	40
1546855407926	39
1546855407947	39
1546855407955	39
1546855407962	38
1546855407968	38
1546855407975	38
1546855477994	38
1546855478013	37
1546855478020	36
1546855478026	35
1546855478033	34
1546855478039	33
1546855478045	31
1546855537950	30
1546855537968	28
1546855537976	26
1546855537982	25
1546855537988	23
1546855537994	22
1546855597643	20
1546855597664	19
1546855597672	18
1546855597679	17
1546855597685	16
1546855597691	16
1546855597697	15
1546855667285	15
1546855667294	14
1546855667298	14
1546855667300	13
1546855667303	12
1546855667305	12
1546855727444	11
1546855727466	10
1546855727474	9
1546855727481	9
1546855727488	8
1546855727494	7
1546855796966	7
1546855796985	6
1546855796993	6
1546855797001	6
1546855797008	6
1546855797014	6
1546855797021	6
1546855856854	6
1546855856867	6
1546855856871	7
1546855856874	8
1546855856877	10
1546855856879	13
1546855917170	16
1546855917192	20
1546855917200	24
1546855917206	29
1546855917213	34
1546855917219	39
1546855917225	44
1546855986880	48
1546855986901	52
1546855986909	56
1546855986916	58
1546855986923	60
1546855986929	62
1546856046490	63
1546856046504	63
1546856046509	63
1546856046514	63
1546856046518	62
1546856046523	61
1546856116564	59
1546856116586	58
1546856116594	56
1546856116602	55
1546856116609	53
1546856116616	51
1546856116622	49
1546856176764	48
1546856176786	47
1546856176794	46
1546856176801	45
1546856176807	45
1546856176813	45
1546856236206	45
1546856236215	45
1546856236218	46
1546856236221	47
1546856236224	47
1546856236226	48
1546856236229	48
1546856306415	49
1546856306434	49
1546856306442	48
1546856306449	48
1546856306455	47
1546856306462	46
1546856365966	45
1546856365975	44
1546856365978	43
1546856365980	41
1546856365983	40
1546856365985	39
1546856435973	39
1546856435992	38
1546856436000	37
1546856436006	37
1546856436012	36
1546856436019	36
1546856436024	36
1546856496149	35
1546856496167	34
1546856496175	34
1546856496181	33
1546856496187	32
1546856496193	31
1546856555714	30
1546856555725	28
1546856555730	27
1546856555735	26
1546856555738	25
1546856555741	23
1546856555744	22
1546856625945	21
1546856625964	21
1546856625972	20
1546856625978	21
1546856625984	22
1546856625990	24
1546856685800	26
1546856685818	30
1546856685826	35
1546856685832	40
1546856685839	46
1546856685845	52
1546856755714	58
1546856755733	64
1546856755741	69
1546856755754	74
1546856755760	79
1546856755767	82
1546856755780	86
1546856815685	88
1546856815703	90
1546856815710	91
1546856815717	91
1546856815723	92
1546856815729	91
1546856875304	91
1546856875322	90
1546856875329	89
1546856875336	87
1546856875342	85
1546856875348	83
1546856875354	80
1546856945533	77
1546856945551	74
1546856945559	71
1546856945565	67
1546856945571	64
1546856945578	61
1546857005045	58
1546857005063	56
1546857005071	54
1546857005078	53
1546857005084	53
1546857005090	53
1546857074872	53
1546857074881	54
1546857074884	55
1546857074886	55
1546857074888	56
1546857074890	56
1546857074892	56
1546857134824	55
1546857134837	53
1546857134843	51
1546857134847	49
1546857134852	45
1546857134856	41
1546857194711	37
1546857194720	33
1546857194722	29
1546857194725	24
1546857194727	20
1546857194729	16
1546857194731	12
1546857264937	9
1546857264956	7
1546857264963	5
1546857264970	5
1546857264977	5
1546857264983	5
1546857324871	5
1546857324889	6
1546857324897	6
1546857324903	7
1546857324909	8
1546857324916	8
1546857394498	9
1546857394516	10
1546857394524	10
1546857394531	10
1546857394537	10
1546857394544	10
1546857394550	10
1546857454504	10
1546857454522	10
1546857454530	11
1546857454536	12
1546857454542	14
1546857454548	17
1546857514764	21
1546857514786	26
1546857514793	31
1546857514801	36
1546857514807	42
1546857514814	48
1546857514820	54
1546857584197	58
1546857584215	63
1546857584223	66
1546857584229	68
1546857584235	70
1546857584242	71
1546857644379	72
1546857644398	71
1546857644406	71
1546857644412	70
1546857644419	69
1546857644425	68
1546857714342	67
1546857714360	66
1546857714368	65
1546857714374	64
1546857714380	63
1546857714386	62
1546857714392	61
1546857773916	60
1546857773935	59
1546857773942	58
1546857773949	56
1546857773955	55
1546857773962	54
1546857833778	53
1546857833801	52
1546857833810	50
1546857833817	50
1546857833825	49
1546857833832	48
1546857833839	47
1546857903735	46
1546857903755	46
1546857903763	45
1546857903770	44
1546857903776	44
1546857903782	43
1546857963577	42
1546857963594	41
1546857963600	40
1546857963605	39
1546857963610	37
1546857963614	36
1546858033441	34
1546858033450	32
1546858033453	30
1546858033455	28
1546858033458	26
1546858033460	24
1546858033462	22
1546858093413	21
1546858093431	19
1546858093439	17
1546858093445	16
1546858093451	15
1546858093457	14
1546858153680	13
1546858153702	12
1546858153710	11
1546858153717	10
1546858153723	9
1546858153729	8
1546858153735	6
1546858223089	5
1546858223101	5
1546858223104	5
1546858223107	5
1546858223109	5
1546858223112	5
1546858283038	5
1546858283057	5
1546858283065	5
1546858283072	5
1546858283079	5
1546858283086	5
1546858352936	6
1546858352953	8
1546858352960	11
1546858352965	15
1546858352970	19
1546858352975	24
1546858352979	29
1546858413137	35
1546858413155	40
1546858413163	45
1546858413170	49
1546858413176	52
1546858413182	55
1546858472815	57
1546858472834	58
1546858472842	58
1546858472848	58
1546858472854	57
1546858472860	55
1546858472866	54
1546858542563	52
1546858542571	50
1546858542574	48
1546858542576	46
1546858542579	44
1546858542581	42
1546858602532	40
1546858602545	39
1546858602549	37
1546858602553	36
1546858602556	35
1546858602558	34
1546858672708	33
1546858672730	32
1546858672738	31
1546858672746	30
1546858672752	30
1546858672759	29
1546858672766	29
1546858732655	28
1546858732674	28
1546858732681	27
1546858732688	27
1546858732694	26
1546858732700	26
1546858792347	26
1546858792365	25
1546858792373	25
1546858792380	24
1546858792386	23
1546858792392	23
1546858792398	22
1546858862131	21
1546858862141	20
1546858862144	19
1546858862146	18
1546858862149	17
1546858862151	15
1546858922061	14
1546858922080	13
1546858922088	12
1546858922095	11
1546858922102	11
1546858922109	10
1546858992228	9
1546858992246	9
1546858992253	9
1546858992260	8
1546858992266	8
1546858992272	8
1546858992278	8
1546859052117	8
1546859052136	8
1546859052143	8
1546859052150	8
1546859052156	8
1546859052162	8
1546859111818	8
1546859111831	8
1546859111835	8
1546859111837	8
1546859111841	8
1546859111843	9
1546859111846	10
1546859182081	13
1546859182103	16
1546859182111	19
1546859182118	24
1546859182124	30
1546859182130	36
1546859242026	42
1546859242044	48
1546859242051	54
1546859242058	60
1546859242064	64
1546859242070	69
1546859312056	72
1546859312078	75
1546859312086	76
1546859312093	77
1546859312100	77
1546859312107	76
1546859312114	75
1546859371740	73
1546859371761	71
1546859371769	69
1546859371775	67
1546859371782	65
1546859371788	63
1546859431638	61
1546859431659	59
1546859431667	58
1546859431674	57
1546859431680	56
1546859431686	56
1546859431692	56
1546859501189	57
1546859501210	58
1546859501217	59
1546859501224	61
1546859501230	62
1546859501237	64
1546859561474	65
1546859561495	67
1546859561503	68
1546859561510	69
1546859561517	70
1546859561524	70
1546859631021	70
1546859631042	70
1546859631050	69
1546859631057	68
1546859631063	67
1546859631070	65
1546859631076	63
1546859691243	61
1546859691264	59
1546859691272	57
1546859691280	55
1546859691286	53
1546859691293	52
1546859751001	50
1546859751019	49
1546859751027	48
1546859751034	47
1546859751040	47
1546859751047	47
1546859751053	47
1546859821044	47
1546859821065	47
1546859821073	47
1546859821080	47
1546859821086	47
1546859821092	47
1546859880942	47
1546859880963	46
1546859880971	46
1546859880978	45
1546859880984	44
1546859880990	43
1546859950920	42
1546859950942	42
1546859950950	42
1546859950957	43
1546859950963	45
1546859950970	47
1546859950976	51
1546860010611	56
1546860010629	61
1546860010637	66
1546860010643	71
1546860010649	77
1546860010655	82
1546860070175	86
1546860070190	90
1546860070195	93
1546860070200	95
1546860070204	95
1546860070209	95
1546860070213	94
1546860140478	94
1546860140490	92
1546860140494	91
1546860140496	89
1546860140499	87
1546860140502	85
1546860200422	83
1546860200444	81
1546860200452	79
1546860200459	77
1546860200465	75
1546860200471	73
1546860270272	71
1546860270294	69
1546860270303	68
1546860270310	66
1546860270317	65
1546860270324	64
1546860270330	63
1546860330353	62
1546860330373	61
1546860330381	59
1546860330388	58
1546860330395	57
1546860330401	56
1546860390000	55
1546860390021	54
1546860390030	52
1546860390037	51
1546860390045	49
1546860390052	47
1546860390058	45
1546860459610	43
1546860459628	41
1546860459636	39
1546860459642	36
1546860459648	33
1546860459654	31
1546860519902	28
1546860519924	25
1546860519932	22
1546860519939	19
1546860519946	16
1546860519952	14
1546860589914	11
1546860589937	8
1546860589945	6
1546860589952	5
1546860589959	5
1546860589966	5
1546860589972	5
1546860649465	5
1546860649486	5
1546860649493	5
1546860649500	5
1546860649506	5
1546860649513	5
1546860709134	5
1546860709144	5
1546860709147	5
1546860709150	5
1546860709153	5
1546860709155	5
1546860709157	5
1546860779111	5
1546860779129	5
1546860779137	5
1546860779143	6
1546860779149	7
1546860779156	9
1546860838978	12
1546860838990	16
1546860838997	20
1546860839001	25
1546860839004	29
1546860839008	34
1546860909377	39
1546860909399	43
1546860909407	46
1546860909413	49
1546860909420	52
1546860909426	53
1546860909432	54
1546860968820	55
1546860968837	54
1546860968846	54
1546860968852	53
1546860968859	51
1546860968865	50
1546861028845	48
1546861028863	47
1546861028871	45
1546861028877	44
1546861028883	42
1546861028889	41
1546861028895	40
1546861098835	39
1546861098853	38
1546861098860	37
1546861098867	36
1546861098873	36
1546861098879	36
1546861158747	36
1546861158765	36
1546861158772	36
1546861158779	36
1546861158785	36
1546861158791	36
1546861228383	36
1546861228402	36
1546861228409	35
1546861228416	35
1546861228422	34
1546861228428	34
1546861228433	33
1546861288677	33
1546861288698	32
1546861288705	31
1546861288712	30
1546861288718	29
1546861288724	28
1546861348539	27
1546861348561	26
1546861348569	25
1546861348576	25
1546861348582	24
1546861348588	23
1546861348594	23
1546861418121	23
1546861418139	22
1546861418147	22
1546861418153	22
1546861418160	22
1546861418166	22
1546861478482	22
1546861478537	22
1546861478548	22
1546861478557	22
1546861478566	22
1546861478575	22
1546861548205	22
1546861548226	21
1546861548234	21
1546861548240	21
1546861548247	21
1546861548253	21
1546861548259	21
1546861608081	22
1546861608100	23
1546861608107	24
1546861608114	27
1546861608120	30
1546861608126	34
1546861667522	38
1546861667531	43
1546861667534	49
1546861667537	54
1546861667540	60
1546861667542	65
1546861667545	70
1546861737623	75
1546861737643	78
1546861737651	81
1546861737658	83
1546861737664	84
1546861737670	85
1546861797423	85
1546861797441	84
1546861797448	83
1546861797455	82
1546861797461	81
1546861797468	79
1546861867508	77
1546861867525	76
1546861867532	74
1546861867538	72
1546861867543	71
1546861867548	70
1546861867553	68
1546861927469	67
1546861927488	67
1546861927495	66
1546861927501	65
1546861927507	65
1546861927513	65
1546861987507	64
1546861987528	64
1546861987536	64
1546861987543	64
1546861987549	64
1546861987555	63
1546861987561	63
1546862056966	62
1546862056983	62
1546862056991	61
1546862056998	60
1546862057004	59
1546862057010	58
1546862116864	57
1546862116877	56
1546862116883	54
1546862116888	53
1546862116892	52
1546862116897	50
1546862186772	49
1546862186787	48
1546862186792	47
1546862186797	46
1546862186802	45
1546862186807	44
1546862186811	43
1546862247022	42
1546862247041	41
1546862247048	40
1546862247055	39
1546862247062	38
1546862247068	37
1546862306926	36
1546862306945	36
1546862306952	35
1546862306958	34
1546862306964	33
1546862306970	33
1546862306976	32
1546862377101	31
1546862377120	31
1546862377129	31
1546862377136	31
1546862377143	32
1546862377149	34
1546862436881	37
1546862436903	41
1546862436911	45
1546862436917	50
1546862436924	56
1546862436930	62
1546862506386	68
1546862506402	73
1546862506408	78
1546862506413	83
1546862506418	87
1546862506423	90
1546862506427	92
1546862566307	93
1546862566326	94
1546862566334	93
1546862566341	93
1546862566348	91
1546862566355	90
1546862626235	88
1546862626255	86
1546862626263	84
1546862626270	82
1546862626277	80
1546862626284	78
1546862626290	76
1546862696398	75
1546862696417	73
1546862696425	72
1546862696431	71
1546862696438	70
1546862696444	69
1546862756101	68
1546862756119	68
1546862756126	67
1546862756133	67
1546862756139	67
1546862756145	66
1546862826328	66
1546862826350	65
1546862826357	65
1546862826364	64
1546862826370	64
1546862826377	63
1546862826383	62
1546862885754	62
1546862885763	61
1546862885766	60
1546862885769	59
1546862885772	57
1546862885774	56
1546862945791	55
1546862945809	54
1546862945816	53
1546862945822	52
1546862945828	50
1546862945834	49
1546862945840	48
1546863015652	46
1546863015671	45
1546863015679	44
1546863015685	43
1546863015691	42
1546863015697	41
1546863075958	40
1546863075976	39
1546863075983	38
1546863075990	37
1546863075996	36
1546863076003	35
1546863145432	34
1546863145442	33
1546863145445	32
1546863145448	31
1546863145450	30
1546863145453	29
1546863145455	27
1546863205284	26
1546863205301	26
1546863205308	25
1546863205314	26
1546863205319	27
1546863205324	29
1546863265282	32
1546863265300	37
1546863265308	42
1546863265315	48
1546863265321	55
1546863265328	62
1546863265334	68
1546863335147	75
1546863335165	81
1546863335173	86
1546863335180	91
1546863335186	94
1546863335192	95
1546863395155	95
1546863395173	95
1546863395180	94
1546863395187	93
1546863395193	92
1546863395199	90
1546863465248	89
1546863465267	87
1546863465275	85
1546863465281	83
1546863465287	81
1546863465293	79
1546863465299	77
1546863525274	76
1546863525295	74
1546863525303	73
1546863525310	72
1546863525317	71
1546863525323	70
1546863585081	69
1546863585099	68
1546863585107	68
1546863585113	67
1546863585119	67
1546863585125	66
1546863585131	66
1546863655076	65
1546863655096	65
1546863655104	64
1546863655111	63
1546863655118	62
1546863655125	61
1546863715037	59
1546863715058	58
1546863715066	56
1546863715073	54
1546863715079	53
1546863715086	51
1546863784375	49
1546863784384	47
1546863784388	45
1546863784390	43
1546863784393	41
1546863784395	39
1546863784398	37
1546863844342	35
1546863844359	33
1546863844367	31
1546863844373	29
1546863844379	27
1546863844385	25
1546863904674	24
1546863904695	22
1546863904703	20
1546863904710	18
1546863904716	17
1546863904723	15
1546863904729	14
1546863974660	12
1546863974681	11
1546863974690	9
1546863974697	8
1546863974704	7
1546863974712	5
1546864034142	5
1546864034164	5
1546864034171	5
1546864034178	5
1546864034185	5
1546864034191	5
1546864104107	6
1546864104125	8
1546864104132	11
1546864104138	15
1546864104144	20
1546864104150	25
1546864104156	32
1546864164169	38
1546864164179	44
1546864164182	50
1546864164185	56
1546864164188	60
1546864164190	64
1546864223836	67
1546864223854	70
1546864223861	71
1546864223868	71
1546864223874	71
1546864223880	69
1546864223886	68
1546864293753	66
1546864293770	64
1546864293778	62
1546864293785	59
1546864293791	57
1546864293797	55
1546864353635	53
1546864353644	51
1546864353647	50
1546864353650	48
1546864353652	47
1546864353655	46
1546864423915	46
1546864423936	45
1546864423944	45
1546864423951	45
1546864423957	45
1546864423964	45
1546864423969	45
1546864483466	45
1546864483489	45
1546864483498	45
1546864483505	45
1546864483512	45
1546864483519	44
1546864543588	43
1546864543602	42
1546864543608	41
1546864543613	40
1546864543617	39
1546864543622	37
1546864543626	36
1546864613770	35
1546864613788	33
1546864613796	32
1546864613802	31
1546864613809	30
1546864613815	28
1546864673175	27
1546864673195	26
1546864673202	26
1546864673209	25
1546864673215	24
1546864673222	24
1546864743330	23
1546864743349	23
1546864743356	22
1546864743362	22
1546864743368	22
1546864743374	22
1546864743380	22
1546864803250	22
1546864803265	21
1546864803271	21
1546864803276	21
1546864803281	21
1546864803285	21
1546864862930	21
1546864862952	21
1546864862960	21
1546864862967	21
1546864862973	23
1546864862979	25
1546864862986	27
1546864933085	31
1546864933103	36
1546864933111	42
1546864933117	48
1546864933124	55
1546864933130	63
1546864992653	70
1546864992663	77
1546864992666	83
1546864992669	88
1546864992672	93
1546864992675	95
1546865062505	95
1546865062514	95
1546865062517	95
1546865062520	94
1546865062523	94
1546865062525	92
1546865062527	91
1546865122412	89
1546865122420	87
1546865122423	85
1546865122425	83
1546865122428	81
1546865122430	79
1546865182545	78
1546865182563	76
1546865182570	75
1546865182577	74
1546865182583	73
1546865182589	73
1546865182595	73
1546865252541	72
1546865252562	72
1546865252571	72
1546865252577	72
1546865252584	72
1546865252590	72
1546865312353	72
1546865312372	72
1546865312381	71
1546865312389	71
1546865312396	70
1546865312402	69
1546865382148	68
1546865382166	67
1546865382174	65
1546865382180	64
1546865382186	62
1546865382192	61
1546865382198	60
1546865442316	58
1546865442335	57
1546865442343	55
1546865442349	54
1546865442356	52
1546865442362	51
1546865501974	50
1546865501992	49
1546865501999	48
1546865502006	47
1546865502012	46
1546865502018	45
1546865502024	44
1546865571935	43
1546865571953	42
1546865571961	42
1546865571967	41
1546865571973	40
1546865571979	39
1546865632114	38
1546865632135	38
1546865632142	37
1546865632149	36
1546865632155	35
1546865632161	34
1546865701789	33
1546865701807	33
1546865701815	33
1546865701821	33
1546865701827	35
1546865701833	37
1546865701839	41
1546865761728	46
1546865761747	51
1546865761754	58
1546865761761	65
1546865761766	72
1546865761773	79
1546865821959	85
1546865821977	91
1546865821985	95
1546865821991	95
1546865821997	95
1546865822003	95
1546865822009	95
1546865891757	95
1546865891779	94
1546865891787	93
1546865891794	92
1546865891800	91
1546865891806	89
1546865951629	88
1546865951651	86
1546865951659	85
1546865951666	83
1546865951673	82
1546865951679	81
1546866021143	79
1546866021161	79
1546866021169	78
1546866021175	77
1546866021181	76
1546866021187	76
1546866021193	76
1546866081186	75
1546866081211	75
1546866081219	75
1546866081226	74
1546866081233	74
1546866081240	74
1546866141229	73
1546866141248	73
1546866141255	72
1546866141262	72
1546866141268	71
1546866141274	70
1546866141280	69
1546866210817	67
1546866210833	66
1546866210839	64
1546866210868	62
1546866210873	60
1546866210879	59
1546866270735	57
1546866270753	55
1546866270760	53
1546866270767	51
1546866270773	49
1546866270779	48
1546866340612	46
1546866340629	44
1546866340637	43
1546866340643	41
1546866340650	40
1546866340656	38
1546866340662	37
1546866400451	36
1546866400460	35
1546866400463	33
1546866400466	32
1546866400468	31
1546866400470	30
1546866460393	29
1546866460409	29
1546866460416	28
1546866460421	27
1546866460427	26
1546866460432	26
1546866460437	25
1546866530748	24
1546866530769	23
1546866530777	23
1546866530784	22
1546866530790	22
1546866530796	23
1546866590531	24
1546866590549	26
1546866590556	29
1546866590563	33
1546866590570	38
1546866590576	43
1546866660510	48
1546866660528	54
1546866660536	60
1546866660542	65
1546866660548	70
1546866660554	74
1546866660560	78
1546866720066	80
1546866720082	82
1546866720088	82
1546866720094	83
1546866720099	82
1546866720104	81
1546866779989	80
1546866780007	79
1546866780015	77
1546866780022	76
1546866780028	74
1546866780034	73
1546866780041	72
1546866850212	71
1546866850230	70
1546866850238	69
1546866850244	68
1546866850251	68
1546866850257	68
1546866909798	67
1546866909808	67
1546866909811	67
1546866909813	66
1546866909816	66
1546866909818	66
1546866979722	65
1546866979740	65
1546866979748	64
1546866979754	63
1546866979760	62
1546866979767	61
1546866979772	59
1546867039592	57
1546867039611	56
1546867039618	54
1546867039624	52
1546867039629	50
1546867039634	48
1546867099531	46
1546867099545	44
1546867099550	42
1546867099555	40
1546867099559	38
1546867099563	36
1546867099568	34
1546867169293	33
1546867169303	31
1546867169306	30
1546867169308	28
1546867169310	27
1546867169312	25
1546867229714	24
1546867229732	23
1546867229739	21
1546867229745	20
1546867229751	19
1546867229757	18
1546867299147	17
1546867299161	16
1546867299166	15
1546867299171	14
1546867299175	14
1546867299180	13
1546867299184	12
1546867359065	11
1546867359079	11
1546867359085	10
1546867359090	9
1546867359094	9
1546867359099	8
1546867418917	8
1546867418927	9
1546867418930	10
1546867418932	11
1546867418935	14
1546867418937	18
1546867418940	22
1546867489557	28
1546867489575	33
1546867489583	40
1546867489590	46
1546867489596	52
1546867489602	57
1546867549161	62
1546867549179	67
1546867549186	70
1546867549193	72
1546867549199	74
1546867549205	74
1546867618788	74
1546867618806	73
1546867618814	72
1546867618821	70
1546867618827	68
1546867618834	66
1546867618839	64
1546867678967	62
1546867678985	60
1546867678993	58
1546867678999	56
1546867679005	54
1546867679011	53
1546867738928	52
1546867738938	51
1546867738941	51
1546867738944	50
1546867738947	50
1546867738949	50
1546867738952	50
1546867808385	50
1546867808402	51
1546867808409	51
1546867808416	50
1546867808422	50
1546867808428	50
1546867868290	49
1546867868309	48
1546867868317	47
1546867868324	46
1546867868331	45
1546867868338	44
1546867938214	42
1546867938232	41
1546867938239	39
1546867938245	38
1546867938251	36
1546867938257	35
1546867938263	33
1546867998092	32
1546867998106	31
1546867998111	30
1546867998116	29
1546867998120	28
1546867998125	27
1546868058319	26
1546868058341	26
1546868058349	25
1546868058356	25
1546868058362	25
1546868058369	24
1546868058375	24
1546868128287	24
1546868128305	23
1546868128312	23
1546868128319	23
1546868128325	22
1546868128331	22
1546868188117	22
1546868188135	21
1546868188143	21
1546868188149	20
1546868188155	20
1546868188161	21
1546868257985	22
1546868258004	24
1546868258011	26
1546868258018	30
1546868258024	35
1546868258030	41
1546868258036	47
1546868317790	54
1546868317808	61
1546868317816	68
1546868317822	75
1546868317828	82
1546868317834	87
1546868377825	92
1546868377844	95
1546868377851	95
1546868377857	95
1546868377863	95
1546868377869	94
1546868377875	94
1546868447709	92
1546868447727	91
1546868447734	89
1546868447740	87
1546868447747	85
1546868447753	83
1546868507304	81
1546868507322	80
1546868507329	78
1546868507336	76
1546868507342	75
1546868507348	74
1546868577192	73
1546868577211	73
1546868577218	72
1546868577224	72
1546868577230	72
1546868577237	71
1546868577242	71
1546868637094	71
1546868637112	71
1546868637119	71
1546868637126	71
1546868637132	70
1546868637138	69
1546868697391	69
1546868697413	68
1546868697421	66
1546868697427	65
1546868697433	64
1546868697440	62
1546868697446	61
1546868766898	59
1546868766912	58
1546868766918	56
1546868766924	55
1546868766929	53
1546868766933	52
1546868827328	51
1546868827351	49
1546868827359	48
1546868827366	47
1546868827372	46
1546868827379	45
1546868896956	44
1546868896976	44
1546868896985	43
1546868896992	42
1546868896999	42
1546868897006	41
1546868897013	40
1546868956964	39
1546868956982	38
1546868956989	38
1546868956996	37
1546868957002	36
1546868957009	35
1546869016432	34
1546869016441	34
1546869016444	34
1546869016447	35
1546869016449	36
1546869016452	39
1546869016454	43
1546869086720	48
1546869086743	53
1546869086752	59
1546869086759	65
1546869086767	72
1546869086774	78
1546869146369	84
1546869146388	89
1546869146395	94
1546869146402	95
1546869146408	95
1546869146414	95
1546869216449	94
1546869216467	94
1546869216475	93
1546869216481	92
1546869216487	90
1546869216494	89
1546869216499	87
1546869276067	85
1546869276086	83
1546869276095	81
1546869276102	79
1546869276109	77
1546869276115	75
1546869335967	74
1546869335986	73
1546869335993	72
1546869335999	71
1546869336005	71
1546869336012	70
1546869336017	70
1546869405823	69
1546869405833	69
1546869405836	69
1546869405839	69
1546869405841	69
1546869405844	69
1546869465744	69
1546869465752	68
1546869465755	68
1546869465757	68
1546869465760	67
1546869465762	67
1546869536010	66
1546869536028	65
1546869536036	64
1546869536043	64
1546869536049	63
1546869536055	62
1546869536061	61
1546869595632	60
1546869595642	59
1546869595645	58
1546869595647	57
1546869595650	56
1546869595653	55
1546869655852	54
1546869655870	53
1546869655877	52
1546869655884	51
1546869655890	50
1546869655896	49
1546869655902	48
1546869725864	47
1546869725883	46
1546869725890	44
1546869725896	43
1546869725902	42
1546869725908	41
1546869785648	40
1546869785666	38
1546869785673	37
1546869785680	35
1546869785686	34
1546869785692	32
1546869855286	31
1546869855298	30
1546869855301	29
1546869855304	29
1546869855306	30
1546869855309	32
1546869855312	35
1546869915394	39
1546869915413	44
1546869915420	49
1546869915427	55
1546869915433	61
1546869915439	67
1546869975346	73
1546869975364	78
1546869975372	82
1546869975378	86
1546869975384	89
1546869975390	90
1546869975396	91
1546870044966	91
1546870044979	90
1546870044985	89
1546870044990	88
1546870044995	86
1546870044999	84
1546870104872	82
1546870104890	79
1546870104898	77
1546870104904	75
1546870104910	74
1546870104917	72
1546870174801	71
1546870174819	69
1546870174827	68
1546870174834	67
1546870174840	67
1546870174846	66
1546870174852	66
1546870234812	65
1546870234830	65
1546870234837	65
1546870234843	65
1546870234849	65
1546870234856	64
1546870294537	64
1546870294546	64
1546870294549	63
1546870294552	62
1546870294555	61
1546870294558	60
1546870294560	58
1546870364742	57
1546870364755	55
1546870364761	53
1546870364766	51
1546870364770	49
1546870364775	47
1546870424794	45
1546870424812	43
1546870424820	41
1546870424826	39
1546870424832	37
1546870424838	35
1546870494589	33
1546870494608	31
1546870494615	30
1546870494621	28
1546870494627	27
1546870494633	25
1546870494639	24
1546870554175	23
1546870554189	21
1546870554194	20
1546870554199	19
1546870554203	18
1546870554208	18
1546870614074	17
1546870614083	16
1546870614086	15
1546870614089	14
1546870614091	14
1546870614094	13
1546870614097	12
1546870684037	11
1546870684056	11
1546870684068	10
1546870684079	9
1546870684091	8
1546870684097	8
1546870743911	8
1546870743930	9
1546870743937	11
1546870743943	14
1546870743949	18
1546870743956	23
1546870813865	29
1546870813887	36
1546870813895	43
1546870813902	50
1546870813908	58
1546870813914	65
1546870813920	71
1546870873930	77
1546870873950	81
1546870873958	85
1546870873965	87
1546870873971	89
1546870873977	89
1546870933709	88
1546870933731	87
1546870933738	85
1546870933745	83
1546870933751	81
1546870933758	78
1546870933764	76
1546871003532	73
1546871003550	71
1546871003557	69
1546871003563	67
1546871003569	66
1546871003575	64
1546871063353	64
1546871063371	63
1546871063378	62
1546871063385	62
1546871063391	62
1546871063397	62
1546871133290	62
1546871133307	62
1546871133315	62
1546871133321	62
1546871133327	62
1546871133333	62
1546871133339	61
1546871193185	60
1546871193194	58
1546871193197	57
1546871193200	55
1546871193203	53
1546871193206	51
1546871253388	49
1546871253403	47
1546871253432	44
1546871253437	42
1546871253441	39
1546871253446	37
1546871253450	35
1546871323048	33
1546871323065	31
1546871323073	29
1546871323080	27
1546871323086	26
1546871323092	25
1546871382884	24
1546871382897	23
1546871382903	22
1546871382908	21
1546871382912	21
1546871382916	20
1546871452897	20
1546871452916	19
1546871452924	19
1546871452931	19
1546871452938	18
1546871452945	18
1546871452951	18
1546871512732	18
1546871512746	17
1546871512750	17
1546871512754	17
1546871512756	16
1546871512759	16
1546871573030	16
1546871573048	16
1546871573055	17
1546871573062	19
1546871573068	21
1546871573074	25
1546871573080	30
1546871642574	36
1546871642593	42
1546871642602	50
1546871642609	58
1546871642616	66
1546871642623	74
1546871702815	82
1546871702834	89
1546871702842	95
1546871702848	95
1546871702855	95
1546871702861	95
1546871772451	95
1546871772473	95
1546871772481	94
1546871772488	94
1546871772495	93
1546871772502	91
1546871772509	89
1546871832315	88
1546871832333	86
1546871832349	84
1546871832356	83
1546871832362	81
1546871832368	80
1546871892232	79
1546871892252	78
1546871892259	77
1546871892265	77
1546871892272	76
1546871892278	76
1546871892284	76
1546871962133	76
1546871962157	76
1546871962165	76
1546871962172	76
1546871962179	76
1546871962186	75
1546872021891	75
1546872021902	74
1546872021905	73
1546872021908	72
1546872021910	71
1546872021916	70
1546872092063	69
1546872092081	67
1546872092089	66
1546872092095	64
1546872092102	62
1546872092108	61
1546872092114	59
1546872151780	57
1546872151798	56
1546872151806	54
1546872151811	53
1546872151816	51
1546872151820	50
1546872211645	48
1546872211653	47
1546872211655	46
1546872211658	45
1546872211660	44
1546872211662	43
1546872211664	42
1546872281648	41
1546872281669	40
1546872281676	39
1546872281682	38
1546872281689	38
1546872281695	37
1546872341566	36
1546872341585	36
1546872341593	35
1546872341599	34
1546872341605	33
1546872341611	32
1546872411391	31
1546872411409	30
1546872411417	29
1546872411423	28
1546872411429	28
1546872411435	27
1546872411441	28
1546872471404	29
1546872471422	32
1546872471429	35
1546872471436	40
1546872471442	45
1546872471448	51
1546872531551	57
1546872531569	64
1546872531577	71
1546872531583	77
1546872531590	83
1546872531596	88
1546872531602	92
1546872601183	95
1546872601201	95
1546872601209	95
1546872601216	95
1546872601222	94
1546872601228	94
1546872661181	93
1546872661199	91
1546872661206	90
1546872661212	88
1546872661219	87
1546872661225	85
1546872731252	83
1546872731270	82
1546872731277	81
1546872731284	80
1546872731290	79
1546872731296	78
1546872731302	77
1546872790889	76
1546872790904	76
1546872790909	76
1546872790914	75
1546872790919	75
1546872790924	75
1546872850811	75
1546872850828	74
1546872850836	74
1546872850843	74
1546872850848	73
1546872850855	73
1546872850860	72
1546872920779	72
1546872920799	71
1546872920807	70
1546872920813	69
1546872920820	67
1546872920826	66
1546872981065	64
1546872981086	62
1546872981094	60
1546872981101	58
1546872981108	56
1546872981114	53
1546873051050	51
1546873051071	48
1546873051078	45
1546873051084	42
1546873051091	39
1546873051097	36
1546873051103	32
1546873110501	29
1546873110519	26
1546873110526	23
1546873110533	19
1546873110540	16
1546873110546	14
1546873170769	11
1546873170791	9
1546873170799	6
1546873170806	5
1546873170812	5
1546873170819	5
1546873170825	5
1546873240325	5
1546873240340	5
1546873240346	5
1546873240351	5
1546873240356	5
1546873240361	6
1546873300226	6
1546873300243	7
1546873300251	9
1546873300257	11
1546873300263	14
1546873300269	18
1546873370368	23
1546873370387	29
1546873370394	36
1546873370401	44
1546873370407	52
1546873370414	61
1546873370420	70
1546873429996	78
1546873430015	87
1546873430023	94
1546873430029	95
1546873430035	95
1546873430041	95
1546873490198	95
1546873490217	95
1546873490224	95
1546873490231	95
1546873490237	95
1546873490244	95
1546873490250	94
1546873560074	94
1546873560093	93
1546873560101	92
1546873560107	91
1546873560113	89
1546873560119	88
1546873620032	86
1546873620046	84
1546873620051	82
1546873620056	81
1546873620060	79
1546873620065	77
1546873689994	75
1546873690012	73
1546873690019	71
1546873690025	70
1546873690032	68
1546873690038	66
1546873690044	65
1546873749641	63
1546873749659	62
1546873749667	60
1546873749673	59
1546873749679	57
1546873749686	56
1546873809400	54
1546873809413	52
1546873809419	50
1546873809423	49
1546873809428	47
1546873809432	45
1546873809437	44
1546873879601	42
1546873879619	41
1546873879627	39
1546873879634	38
1546873879640	37
1546873879646	36
1546873939778	35
1546873939799	35
1546873939806	34
1546873939813	33
1546873939819	33
1546873939825	33
1546874009121	32
1546874009130	32
1546874009134	32
1546874009136	32
1546874009139	31
1546874009142	31
1546874009144	31
1546874069528	31
1546874069548	31
1546874069557	30
1546874069564	30
1546874069571	30
1546874069577	30
1546874129510	29
1546874129529	29
1546874129537	29
1546874129543	29
1546874129549	29
1546874129556	29
1546874129562	29
1546874198858	30
1546874198877	32
1546874198885	34
1546874198892	37
1546874198899	40
1546874198906	44
1546874258894	48
1546874258904	53
1546874258907	58
1546874258910	62
1546874258913	66
1546874258915	70
1546874328932	74
1546874328950	77
1546874328958	79
1546874328964	80
1546874328970	81
1546874328977	81
1546874328983	81
1546874388669	80
1546874388687	78
1546874388694	76
1546874388701	74
1546874388707	72
1546874388713	69
1546874448868	66
1546874448890	63
1546874448898	61
1546874448905	58
1546874448911	56
1546874448918	54
1546874448924	52
1546874518580	50
1546874518599	49
1546874518607	48
1546874518613	47
1546874518620	46
1546874518626	46
1546874578699	45
1546874578720	45
1546874578728	45
1546874578734	45
1546874578741	45
1546874578747	45
1546874648307	45
1546874648324	45
1546874648330	45
1546874648336	44
1546874648341	44
1546874648347	43
1546874648352	43
1546874708043	42
1546874708053	42
1546874708056	41
1546874708058	41
1546874708061	41
1546874708063	40
1546874768036	40
1546874768052	40
1546874768058	40
1546874768064	40
1546874768069	40
1546874768075	40
1546874768080	40
1546874838050	41
1546874838064	42
1546874838069	42
1546874838074	43
1546874838078	44
1546874838083	45
1546874898212	46
1546874898234	48
1546874898242	49
1546874898248	50
1546874898255	52
1546874898262	54
1546874968143	56
1546874968164	59
1546874968172	61
1546874968179	65
1546874968186	68
1546874968192	72
1546874968199	76
1546875027919	80
1546875027938	84
1546875027945	88
1546875027952	91
1546875027958	94
1546875027964	95
1546875087884	95
1546875087903	95
1546875087910	95
1546875087917	94
1546875087923	94
1546875087929	93
1546875087935	92
1546875157950	91
1546875157973	89
1546875157982	88
1546875157990	87
1546875157997	85
1546875158004	84
1546875217393	83
1546875217413	81
1546875217421	80
1546875217427	79
1546875217434	77
1546875217440	76
1546875287653	75
1546875287675	74
1546875287683	72
1546875287690	71
1546875287697	69
1546875287703	68
1546875287709	66
1546875347148	65
1546875347158	64
1546875347161	62
1546875347163	61
1546875347166	60
1546875347168	59
1546875407092	58
1546875407106	58
1546875407110	57
1546875407113	57
1546875407116	56
1546875407119	56
1546875407122	56
1546875477323	56
1546875477341	56
1546875477349	56
1546875477355	56
1546875477362	56
1546875477368	55
1546875537285	55
1546875537306	54
1546875537314	53
1546875537321	52
1546875537328	51
1546875537334	50
1546875606718	48
1546875606727	46
1546875606730	45
1546875606732	43
1546875606735	41
1546875606738	39
1546875606740	37
1546875667133	35
1546875667155	34
1546875667162	33
1546875667169	33
1546875667175	33
1546875667181	34
1546875726826	35
1546875726835	37
1546875726838	41
1546875726841	44
1546875726843	48
1546875726846	52
1546875726848	57
1546875796769	61
1546875796787	65
1546875796794	68
1546875796801	71
1546875796807	74
1546875796813	76
1546875856635	77
1546875856649	78
1546875856655	79
1546875856660	78
1546875856665	78
1546875856670	77
1546875926769	76
1546875926790	75
1546875926798	74
1546875926804	73
1546875926811	71
1546875926818	70
1546875926823	69
1546875986189	67
1546875986197	66
1546875986200	64
1546875986202	63
1546875986204	62
1546875986207	60
1546876046221	59
1546876046238	58
1546876046246	57
1546876046252	56
1546876046258	55
1546876046264	54
1546876046270	53
1546876116583	53
1546876116605	52
1546876116613	51
1546876116619	50
1546876116626	49
1546876116633	48
1546876176469	47
1546876176490	46
1546876176498	45
1546876176505	44
1546876176512	43
1546876176518	42
1546876246222	41
1546876246241	40
1546876246248	40
1546876246255	39
1546876246261	38
1546876246267	38
1546876246273	37
1546876305851	37
1546876305870	36
1546876305877	36
1546876305884	35
1546876305890	34
1546876305896	34
1546876366034	33
1546876366053	32
1546876366060	32
1546876366067	31
1546876366072	30
1546876366079	29
1546876366084	28
1546876435843	27
1546876435862	27
1546876435870	27
1546876435876	28
1546876435883	30
1546876435889	32
1546876495611	35
1546876495632	39
1546876495640	43
1546876495647	47
1546876495654	51
1546876495660	56
1546876565509	60
1546876565530	64
1546876565538	67
1546876565545	70
1546876565551	72
1546876565558	73
1546876565563	74
1546876625429	74
1546876625447	74
1546876625454	73
1546876625460	72
1546876625466	71
1546876625473	70
1546876685755	68
1546876685777	67
1546876685785	65
1546876685792	64
1546876685799	63
1546876685805	61
1546876685811	60
1546876755232	59
1546876755254	58
1546876755262	57
1546876755269	56
1546876755276	55
1546876755283	54
1546876815526	53
1546876815547	53
1546876815554	52
1546876815561	51
1546876815568	51
1546876815575	50
1546876885382	50
1546876885401	49
1546876885408	48
1546876885414	47
1546876885420	46
1546876885426	45
1546876885432	44
1546876944901	43
1546876944911	42
1546876944914	40
1546876944916	39
1546876944919	38
1546876944922	36
1546877004848	35
1546877004867	34
1546877004876	32
1546877004883	31
1546877004889	30
1546877004896	28
1546877004903	27
1546877075038	26
1546877075055	24
1546877075063	23
1546877075069	22
1546877075075	21
1546877075081	20
1546877134605	19
1546877134615	17
1546877134618	16
1546877134620	15
1546877134622	14
1546877134624	13
1546877204490	12
1546877204498	11
1546877204501	11
1546877204504	11
1546877204506	11
1546877204508	12
1546877204510	14
1546877264778	17
1546877264796	20
1546877264803	24
1546877264809	29
1546877264815	34
1546877264821	39
1546877324681	43
1546877324700	48
1546877324707	52
1546877324713	56
1546877324720	59
1546877324726	62
1546877324732	63
1546877394273	64
1546877394283	65
1546877394286	65
1546877394289	64
1546877394292	63
1546877394294	62
1546877454233	61
1546877454264	59
1546877454271	58
1546877454278	56
1546877454285	55
1546877454291	53
1546877524088	52
1546877524102	51
1546877524107	50
1546877524112	49
1546877524116	49
1546877524121	48
1546877524125	48
1546877584386	48
1546877584404	48
1546877584411	48
1546877584418	48
1546877584424	48
1546877584430	48
1546877643957	48
1546877643973	48
1546877643979	48
1546877643985	48
1546877643990	47
1546877643995	47
1546877644001	46
1546877714175	46
1546877714193	45
1546877714200	44
1546877714207	43
1546877714213	42
1546877714220	41
1546877774059	40
1546877774078	39
1546877774085	38
1546877774091	37
1546877774097	36
1546877774104	35
1546877843636	35
1546877843648	34
1546877843651	34
1546877843655	33
1546877843658	33
1546877843660	33
1546877843663	33
1546877903970	33
1546877903992	32
1546877903999	32
1546877904006	32
1546877904012	32
1546877904018	32
1546877963702	32
1546877963717	32
1546877963724	33
1546877963729	35
1546877963735	37
1546877963740	40
1546877963745	44
1546878033368	48
1546878033382	53
1546878033387	59
1546878033392	64
1546878033396	70
1546878033400	76
1546878093364	81
1546878093383	86
1546878093391	90
1546878093397	93
1546878093404	95
1546878093410	95
1546878163125	95
1546878163138	94
1546878163144	94
1546878163149	93
1546878163153	92
1546878163158	90
1546878163162	89
1546878223071	87
1546878223088	86
1546878223094	84
1546878223100	82
1546878223105	81
1546878223111	79
1546878283106	78
1546878283127	77
1546878283135	76
1546878283141	75
1546878283148	75
1546878283154	74
1546878283160	74
1546878353314	74
1546878353336	73
1546878353343	73
1546878353349	73
1546878353355	73
1546878353360	72
1546878412947	72
1546878412965	71
1546878412973	70
1546878412979	69
1546878412985	68
1546878412991	67
1546878482976	65
1546878482995	64
1546878483002	62
1546878483009	61
1546878483015	59
1546878483021	57
1546878483027	55
1546878542745	54
1546878542763	52
1546878542771	50
1546878542777	48
1546878542783	46
1546878542789	44
1546878602859	43
1546878602877	41
1546878602884	40
1546878602891	38
1546878602897	37
1546878602903	35
1546878602909	34
1546878672452	33
1546878672471	32
1546878672479	30
1546878672486	29
1546878672493	28
1546878672500	27
1546878732342	27
1546878732357	26
1546878732364	27
1546878732369	28
1546878732374	30
1546878732380	32
1546878802274	36
1546878802292	40
1546878802299	46
1546878802306	51
1546878802312	58
1546878802318	64
1546878802324	70
1546878862448	75
1546878862467	80
1546878862475	85
1546878862482	88
1546878862488	91
1546878862494	93
1546878922347	94
1546878922365	94
1546878922373	94
1546878922379	93
1546878922386	92
1546878922392	91
1546878922398	89
1546878992258	88
1546878992276	86
1546878992283	84
1546878992290	83
1546878992296	81
1546878992302	80
1546879051908	78
1546879051929	77
1546879051937	76
1546879051944	74
1546879051950	73
1546879051957	72
1546879121939	72
1546879121952	71
1546879121958	70
1546879121963	69
1546879121968	69
1546879121973	68
1546879121978	68
1546879181700	67
1546879181721	66
1546879181729	65
1546879181735	64
1546879181741	63
1546879181747	62
1546879241664	61
1546879241677	59
1546879241683	57
1546879241687	56
1546879241692	54
1546879241698	52
1546879241703	50
1546879311768	48
1546879311786	46
1546879311793	44
1546879311799	42
1546879311805	40
1546879311811	38
1546879371808	36
1546879371829	34
1546879371837	32
1546879371844	30
1546879371850	29
1546879371857	27
1546879441597	26
1546879441616	25
1546879441623	23
1546879441630	22
1546879441636	21
1546879441642	20
1546879441648	19
1546879501488	18
1546879501507	17
1546879501514	16
1546879501521	15
1546879501527	15
1546879501533	14
1546879561847	15
1546879561868	16
1546879561876	18
1546879561882	21
1546879561888	25
1546879561895	30
1546879561901	36
1546879631307	42
1546879631326	49
1546879631334	55
1546879631340	61
1546879631347	67
1546879631353	73
1546879691801	77
1546879691822	81
1546879691830	84
1546879691836	86
1546879691842	87
1546879691849	87
1546879761024	86
1546879761042	85
1546879761050	84
1546879761056	82
1546879761063	80
1546879761097	78
1546879761103	76
1546879821154	74
1546879821172	72
1546879821180	70
1546879821186	68
1546879821192	66
1546879821199	64
1546879880706	63
1546879880724	61
1546879880731	60
1546879880738	59
1546879880744	58
1546879880750	57
1546879880756	57
1546879950771	56
1546879950785	55
1546879950790	54
1546879950795	53
1546879950800	52
1546879950804	51
1546880010456	50
1546880010471	48
1546880010476	47
1546880010481	45
1546880010487	43
1546880010491	42
1546880080765	40
1546880080786	38
1546880080793	36
1546880080800	33
1546880080806	31
1546880080813	29
1546880080818	27
1546880140594	26
1546880140613	24
1546880140620	22
1546880140626	20
1546880140633	19
1546880140639	17
1546880200508	16
1546880200527	15
1546880200534	13
1546880200540	12
1546880200546	11
1546880200552	10
1546880200558	9
1546880270450	8
1546880270471	7
1546880270479	6
1546880270486	5
1546880270493	5
1546880270499	5
1546880329946	5
1546880329962	5
1546880329967	5
1546880329972	5
1546880329976	5
1546880329980	5
1546880400239	5
1546880400258	5
1546880400265	6
1546880400272	8
1546880400278	11
1546880400284	15
1546880400290	19
1546880459855	25
1546880459873	30
1546880459881	36
1546880459887	42
1546880459893	48
1546880459899	53
1546880520149	57
1546880520170	61
1546880520178	64
1546880520185	66
1546880520192	67
1546880520198	67
1546880520204	67
1546880590348	66
1546880590370	65
1546880590378	63
1546880590384	61
1546880590390	59
1546880590396	57
1546880649546	55
1546880649564	54
1546880649572	52
1546880649578	51
1546880649585	49
1546880649591	48
1546880719466	47
1546880719485	47
1546880719492	46
1546880719499	46
1546880719505	46
1546880719511	45
1546880719517	45
1546880779413	45
1546880779435	45
1546880779442	44
1546880779449	43
1546880779455	43
1546880779462	41
1546880839589	40
1546880839609	39
1546880839617	37
1546880839623	35
1546880839629	33
1546880839635	31
1546880839641	29
1546880909439	26
1546880909458	24
1546880909466	22
1546880909473	20
1546880909480	18
1546880909486	17
1546880968999	16
1546880969013	14
1546880969018	13
1546880969022	12
1546880969027	12
1546880969031	11
1546881039212	11
1546881039230	10
1546881039238	10
1546881039244	10
1546881039251	9
1546881039257	9
1546881039263	8
1546881098807	8
1546881098825	7
1546881098832	6
1546881098838	6
1546881098845	5
1546881098851	5
1546881158838	5
1546881158857	5
1546881158864	5
1546881158871	5
1546881158877	5
1546881158884	6
1546881158890	8
1546881229014	10
1546881229032	14
1546881229040	18
1546881229046	23
1546881229052	29
1546881229059	36
1546881288903	42
1546881288923	48
1546881288931	54
1546881288938	60
1546881288946	65
1546881288952	69
1546881358541	72
1546881358555	75
1546881358560	76
1546881358565	77
1546881358569	77
1546881358573	77
1546881358578	76
1546881418796	76
1546881418816	74
1546881418824	73
1546881418831	72
1546881418837	71
1546881418843	70
1546881478403	69
1546881478423	68
1546881478431	67
1546881478437	67
1546881478444	67
1546881478450	67
1546881478456	67
1546881548252	67
1546881548270	68
1546881548277	68
1546881548283	69
1546881548290	69
1546881548296	69
1546881608541	69
1546881608562	69
1546881608569	69
1546881608576	68
1546881608582	67
1546881608589	65
1546881678099	64
1546881678118	62
1546881678125	60
1546881678131	57
1546881678137	55
1546881678143	53
1546881678149	50
1546881738319	48
1546881738342	46
1546881738351	44
1546881738358	42
1546881738365	41
1546881738372	39
1546881798248	38
1546881798269	37
1546881798277	36
1546881798283	35
1546881798290	35
1546881798296	35
1546881798302	35
1546881867834	35
1546881867855	35
1546881867862	35
1546881867869	36
1546881867875	36
1546881867881	36
1546881927763	37
1546881927777	37
1546881927780	37
1546881927783	37
1546881927786	37
1546881927789	38
1546881997941	39
1546881997962	41
1546881997969	43
1546881997976	46
1546881997982	50
1546881997988	55
1546881997994	60
1546882057432	65
1546882057450	71
1546882057457	76
1546882057464	81
1546882057470	85
1546882057476	88
1546882117273	91
1546882117282	93
1546882117284	93
1546882117287	93
1546882117289	92
1546882117291	91
1546882117293	88
1546882187269	86
1546882187281	83
1546882187284	80
1546882187287	77
1546882187289	74
1546882187291	71
1546882247160	68
1546882247179	65
1546882247186	63
1546882247193	60
1546882247198	58
1546882247205	56
1546882317385	55
1546882317404	53
1546882317412	52
1546882317419	51
1546882317425	50
1546882317431	50
1546882317437	49
1546882376900	49
1546882376920	49
1546882376930	48
1546882376937	48
1546882376944	48
1546882376951	48
1546882436827	47
1546882436840	47
1546882436846	46
1546882436850	45
1546882436855	44
1546882436859	42
1546882436864	41
1546882506719	39
1546882506733	37
1546882506738	35
1546882506743	33
1546882506747	32
1546882506752	30
1546882566991	28
1546882567010	27
1546882567017	25
1546882567023	24
1546882567030	23
1546882567036	22
1546882636618	21
1546882636633	20
1546882636641	20
1546882636646	19
1546882636651	18
1546882636655	18
1546882636660	18
1546882696901	17
1546882696920	17
1546882696927	16
1546882696933	16
1546882696939	15
1546882696946	15
1546882756546	15
1546882756565	15
1546882756572	16
1546882756579	17
1546882756585	19
1546882756591	23
1546882756597	27
1546882826384	32
1546882826404	38
1546882826411	45
1546882826418	52
1546882826424	59
1546882826430	65
1546882886591	72
1546882886610	77
1546882886617	82
1546882886623	86
1546882886629	89
1546882886635	90
1546882956160	91
1546882956185	91
1546882956193	91
1546882956199	89
1546882956205	87
1546882956211	85
1546882956217	83
1546883016053	81
1546883016063	78
1546883016067	76
1546883016070	74
1546883016072	72
1546883016075	70
1546883076125	68
1546883076144	66
1546883076152	65
1546883076158	64
1546883076165	63
1546883076171	62
1546883076177	61
1546883146005	61
1546883146026	60
1546883146034	60
1546883146040	59
1546883146047	58
1546883146053	58
1546883206094	57
1546883206112	56
1546883206119	54
1546883206126	53
1546883206132	51
1546883206138	49
1546883275943	47
1546883275965	45
1546883275972	42
1546883275979	40
1546883275986	37
1546883275993	35
1546883275999	32
1546883336216	30
1546883336237	27
1546883336244	25
1546883336251	23
1546883336257	21
1546883336264	19
1546883395591	17
1546883395611	16
1546883395619	15
1546883395625	13
1546883395631	12
1546883395637	12
1546883395643	11
1546883465753	10
1546883465771	9
1546883465778	8
1546883465784	8
1546883465791	8
1546883465797	9
1546883525655	11
1546883525672	13
1546883525680	17
1546883525686	21
1546883525692	26
1546883525699	32
1546883595265	39
1546883595284	45
1546883595291	52
1546883595298	58
1546883595304	64
1546883595310	69
1546883595316	74
1546883655433	77
1546883655450	79
1546883655457	80
1546883655464	80
1546883655470	79
1546883655477	78
1546883715246	76
1546883715260	74
1546883715265	72
1546883715270	69
1546883715275	66
1546883715279	64
1546883715283	62
1546883784968	60
1546883784986	58
1546883784993	57
1546883784999	57
1546883785006	57
1546883785012	57
1546883844904	57
1546883844915	59
1546883844918	60
1546883844921	61
1546883844924	63
1546883844926	65
1546883914839	67
1546883914859	68
1546883914865	69
1546883914870	70
1546883914874	71
1546883914879	71
1546883914884	71
1546883974970	70
1546883974989	69
1546883974996	68
1546883975003	66
1546883975009	64
1546883975015	63
1546884034648	61
1546884034668	59
1546884034676	57
1546884034682	55
1546884034689	53
1546884034696	51
1546884034702	49
1546884104949	48
1546884104971	46
1546884104979	45
1546884104986	44
1546884104993	42
1546884104999	41
1546884164694	40
1546884164713	40
1546884164719	39
1546884164724	39
1546884164729	40
1546884164734	42
1546884234369	44
1546884234391	48
1546884234399	53
1546884234407	59
1546884234414	65
1546884234421	73
1546884234428	80
1546884294636	88
1546884294657	95
1546884294664	95
1546884294671	95
1546884294678	95
1546884294684	95
1546884354188	95
1546884354206	95
1546884354213	94
1546884354220	94
1546884354226	93
1546884354232	91
1546884354238	89
1546884424025	87
1546884424039	85
1546884424044	83
1546884424049	81
1546884424053	79
1546884424058	78
1546884484293	76
1546884484311	75
1546884484318	74
1546884484325	74
1546884484332	73
1546884484338	73
1546884554153	73
1546884554172	73
1546884554179	74
1546884554185	74
1546884554191	74
1546884554197	74
1546884554215	74
1546884614088	74
1546884614107	73
1546884614114	72
1546884614121	71
1546884614127	70
1546884614133	68
1546884673588	66
1546884673596	65
1546884673599	63
1546884673601	60
1546884673604	58
1546884673606	56
1546884673608	54
1546884744006	52
1546884744027	50
1546884744035	48
1546884744042	46
1546884744049	45
1546884744055	43
1546884803551	42
1546884803572	40
1546884803579	39
1546884803586	38
1546884803592	37
1546884803598	36
1546884873427	35
1546884873448	35
1546884873456	36
1546884873463	37
1546884873470	38
1546884873477	41
1546884873484	44
1546884933662	48
1546884933680	53
1546884933687	57
1546884933694	62
1546884933700	67
1546884933706	72
1546884993752	76
1546884993774	80
1546884993781	83
1546884993788	85
1546884993794	86
1546884993800	87
1546884993806	87
1546885063273	87
1546885063288	86
1546885063295	85
1546885063301	83
1546885063306	82
1546885063311	80
1546885123002	78
1546885123021	76
1546885123030	75
1546885123037	73
1546885123045	71
1546885123051	70
1546885193336	69
1546885193357	68
1546885193365	67
1546885193371	66
1546885193377	66
1546885193384	65
1546885193390	65
1546885252792	65
1546885252801	65
1546885252804	65
1546885252807	64
1546885252810	64
1546885252812	64
1546885313054	63
1546885313073	62
1546885313080	61
1546885313086	60
1546885313092	59
1546885313098	58
1546885313104	57
1546885383075	55
1546885383093	53
1546885383101	52
1546885383107	50
1546885383114	49
1546885383120	47
1546885442669	46
1546885442687	44
1546885442694	43
1546885442701	41
1546885442707	40
1546885442713	39
1546885512609	38
1546885512627	37
1546885512634	36
1546885512640	34
1546885512647	34
1546885512653	33
1546885512659	32
1546885572634	32
1546885572642	32
1546885572646	33
1546885572648	35
1546885572651	38
1546885572654	41
1546885632759	46
1546885632777	51
1546885632785	56
1546885632792	62
1546885632798	68
1546885632804	73
1546885632810	79
1546885702517	83
1546885702536	87
1546885702543	90
1546885702550	93
1546885702556	95
1546885702562	95
1546885762249	95
1546885762268	94
1546885762275	94
1546885762282	93
1546885762288	91
1546885762294	90
1546885832142	88
1546885832165	87
1546885832173	85
1546885832179	83
1546885832187	82
1546885832193	80
1546885832200	79
1546885892327	77
1546885892349	76
1546885892357	75
1546885892364	74
1546885892370	73
1546885892377	73
1546885951856	72
1546885951871	71
1546885951878	71
1546885951883	70
1546885951889	70
1546885951894	69
1546885951899	69
1546886021763	68
1546886021773	67
1546886021776	66
1546886021779	65
1546886021782	63
1546886021784	62
1546886082129	61
1546886082151	59
1546886082158	57
1546886082165	55
1546886082171	54
1546886082177	52
1546886151899	50
1546886151916	49
1546886151923	47
1546886151929	46
1546886151933	44
1546886151938	43
1546886151943	42
1546886211494	41
1546886211508	40
1546886211513	40
1546886211518	39
1546886211522	39
1546886211527	38
1546886271727	38
1546886271746	38
1546886271753	38
1546886271760	38
1546886271766	37
1546886271772	37
1546886271778	36
1546886341740	36
1546886341761	35
1546886341769	35
1546886341775	35
1546886341782	36
1546886341788	37
1546886401404	39
1546886401419	42
1546886401426	46
1546886401431	50
1546886401437	55
1546886401442	60
1546886471206	65
1546886471228	70
1546886471236	75
1546886471242	80
1546886471249	83
1546886471255	86
1546886471261	89
1546886531888	90
1546886531909	91
1546886531917	92
1546886531924	92
1546886531930	91
1546886531937	90
1546886591349	89
1546886591369	88
1546886591377	87
1546886591383	85
1546886591389	84
1546886591395	83
1546886591401	82
1546886660960	80
1546886660979	79
1546886660988	79
1546886660995	78
1546886661002	77
1546886661009	77
1546886720827	77
1546886720847	77
1546886720854	77
1546886720861	77
1546886720867	77
1546886720873	77
1546886790774	76
1546886790793	76
1546886790800	76
1546886790807	75
1546886790813	74
1546886790819	72
1546886790825	71
1546886850531	69
1546886850540	67
1546886850543	65
1546886850545	63
1546886850548	61
1546886850550	59
1546886910532	57
1546886910553	55
1546886910561	53
1546886910567	51
1546886910574	50
1546886910580	48
1546886910586	46
1546886980490	45
1546886980509	43
1546886980517	42
1546886980524	41
1546886980531	39
1546886980538	38
1546887040308	37
1546887040322	37
1546887040328	36
1546887040332	35
1546887040337	34
1546887040342	33
1546887110238	32
1546887110257	32
1546887110265	31
1546887110272	30
1546887110279	28
1546887110286	27
1546887110293	26
1546887170083	24
1546887170097	22
1546887170103	21
1546887170108	19
1546887170112	17
1546887170117	16
1546887230146	15
1546887230167	14
1546887230175	15
1546887230181	16
1546887230188	19
1546887230194	22
1546887230200	27
1546887299959	33
1546887299980	40
1546887299988	47
1546887299996	54
1546887300003	61
1546887300010	68
1546887360075	74
1546887360085	80
1546887360088	85
1546887360090	88
1546887360093	91
1546887360095	92
1546887429683	93
1546887429697	93
1546887429702	93
1546887429707	92
1546887429711	91
1546887429716	90
1546887429720	88
1546887489638	86
1546887489652	84
1546887489658	82
1546887489663	80
1546887489667	79
1546887489672	77
1546887549769	75
1546887549784	74
1546887549791	73
1546887549796	72
1546887549802	71
1546887549807	70
1546887549812	70
1546887619499	69
1546887619517	69
1546887619525	69
1546887619531	68
1546887619537	68
1546887619543	68
1546887679515	67
1546887679533	66
1546887679540	66
1546887679547	65
1546887679553	64
1546887679559	62
1546887749737	61
1546887749759	60
1546887749767	58
1546887749773	57
1546887749779	56
1546887749786	54
1546887749792	53
1546887809181	52
1546887809198	51
1546887809204	50
1546887809209	49
1546887809213	48
1546887809218	47
1546887869475	47
1546887869496	46
1546887869504	45
1546887869510	44
1546887869516	43
1546887869522	42
1546887869528	41
1546887938981	40
1546887939001	39
1546887939008	38
1546887939015	37
1546887939021	36
1546887939028	35
1546887999260	34
1546887999279	33
1546887999286	32
1546887999293	31
1546887999299	30
1546887999305	29
1546888069430	27
1546888069453	26
1546888069460	25
1546888069467	24
1546888069473	24
1546888069479	24
1546888069485	25
1546888128997	27
1546888129016	30
1546888129023	35
1546888129030	41
1546888129036	47
1546888129042	54
1546888188787	62
1546888188797	70
1546888188800	78
1546888188803	85
1546888188805	91
1546888188808	95
1546888188810	95
1546888258802	95
1546888258820	95
1546888258827	94
1546888258834	94
1546888258840	93
1546888258847	92
1546888318839	90
1546888318861	88
1546888318869	86
1546888318876	84
1546888318883	81
1546888318890	79
1546888388316	77
1546888388342	75
1546888388351	74
1546888388360	73
1546888388367	72
1546888388375	72
1546888388383	72
1546888448706	72
1546888448728	72
1546888448735	73
1546888448742	74
1546888448749	75
1546888448755	75
1546888508546	76
1546888508567	76
1546888508574	76
1546888508581	76
1546888508587	75
1546888508593	74
1546888508599	73
1546888578145	71
1546888578164	69
1546888578171	67
1546888578178	64
1546888578184	62
1546888578190	59
1546888637965	57
1546888637989	55
1546888637997	53
1546888638004	51
1546888638011	50
1546888638018	49
1546888708157	48
1546888708175	47
1546888708182	47
1546888708189	46
1546888708195	45
1546888708201	45
1546888708207	44
1546888768160	43
1546888768182	42
1546888768190	41
1546888768196	39
1546888768202	38
1546888768208	36
1546888828058	35
1546888828077	33
1546888828084	31
1546888828090	29
1546888828096	27
1546888828103	25
1546888828109	23
1546888897860	21
1546888897879	19
1546888897886	17
1546888897892	16
1546888897898	15
1546888897904	15
1546888958135	17
1546888958156	19
1546888958164	22
1546888958171	26
1546888958178	31
1546888958184	37
1546889027303	43
1546889027316	49
1546889027322	56
1546889027326	62
1546889027331	67
1546889027335	71
1546889027340	75
1546889087313	77
1546889087331	79
1546889087338	79
1546889087344	79
1546889087351	78
1546889087357	76
1546889147602	74
1546889147620	72
1546889147627	69
1546889147633	66
1546889147639	63
1546889147646	61
1546889147652	58
1546889217146	55
1546889217159	53
1546889217162	51
1546889217165	49
1546889217168	47
1546889217170	46
1546889276919	45
1546889276928	44
1546889276932	43
1546889276935	43
1546889276938	42
1546889276940	42
1546889346947	41
1546889346968	41
1546889346975	40
1546889346982	40
1546889346988	39
1546889346994	38
1546889347000	36
1546889407054	35
1546889407077	33
1546889407086	31
1546889407092	29
1546889407098	28
1546889407105	25
1546889466930	23
1546889466949	21
1546889466956	19
1546889466963	17
1546889466969	15
1546889466975	13
1546889466981	12
1546889536508	10
1546889536522	9
1546889536527	8
1546889536532	7
1546889536536	6
1546889536541	6
1546889596828	5
1546889596850	5
1546889596857	5
1546889596864	5
1546889596870	5
1546889596876	5
1546889666594	5
1546889666612	5
1546889666620	5
1546889666626	5
1546889666632	5
1546889666638	5
1546889666644	5
1546889726177	5
1546889726192	5
1546889726197	5
1546889726202	5
1546889726207	6
1546889726211	7
1546889786345	10
1546889786363	13
1546889786369	17
1546889786375	22
1546889786380	27
1546889786386	33
1546889786391	39
1546889856263	45
1546889856283	51
1546889856291	56
1546889856299	60
1546889856306	64
1546889856313	67
1546889915985	68
1546889916003	70
1546889916011	70
1546889916017	70
1546889916023	69
1546889916029	68
1546889985854	67
1546889985866	65
1546889985870	64
1546889985874	62
1546889985878	61
1546889985882	59
1546889985885	57
1546890045715	56
1546890045737	55
1546890045745	53
1546890045752	52
1546890045759	51
1546890045766	51
1546890105654	50
1546890105675	50
1546890105682	49
1546890105689	49
1546890105696	49
1546890105702	48
1546890105708	48
1546890175843	48
1546890175861	47
1546890175869	47
1546890175875	46
1546890175881	45
1546890175887	44
1546890235352	44
1546890235362	43
1546890235365	41
1546890235368	40
1546890235370	39
1546890235373	38
1546890305715	36
1546890305735	35
1546890305743	34
1546890305749	32
1546890305755	31
1546890305762	29
1546890305768	28
1546890365608	27
1546890365629	26
1546890365637	25
1546890365644	24
1546890365650	23
1546890365656	22
1546890425448	21
1546890425466	20
1546890425473	20
1546890425479	19
1546890425485	18
1546890425491	18
1546890425497	17
1546890495308	16
1546890495326	16
1546890495334	15
1546890495340	14
1546890495346	13
1546890495352	12
1546890554989	11
1546890555006	10
1546890555014	9
1546890555020	8
1546890555027	7
1546890555034	6
1546890625139	6
1546890625157	7
1546890625165	8
1546890625171	10
1546890625177	14
1546890625184	18
1546890625190	23
1546890684672	29
1546890684681	35
1546890684684	41
1546890684687	48
1546890684689	54
1546890684692	60
1546890744676	65
1546890744695	69
1546890744702	73
1546890744708	75
1546890744714	77
1546890744720	78
1546890744726	78
1546890814825	77
1546890814843	76
1546890814851	75
1546890814857	73
1546890814863	71
1546890814869	69
1546890874553	67
1546890874572	65
1546890874580	64
1546890874588	62
1546890874595	61
1546890874601	59
1546890944652	58
1546890944670	57
1546890944678	56
1546890944684	56
1546890944690	55
1546890944696	55
1546890944702	55
1546891004519	55
1546891004531	55
1546891004535	55
1546891004537	55
1546891004540	55
1546891004542	55
1546891064301	55
1546891064320	54
1546891064327	54
1546891064333	53
1546891064339	52
1546891064345	51
1546891064351	50
1546891134412	49
1546891134430	47
1546891134438	46
1546891134444	44
1546891134450	42
1546891134456	41
1546891193970	39
1546891193979	38
1546891193982	36
1546891193985	35
1546891193988	33
1546891193991	32
1546891263979	30
1546891264000	29
1546891264008	28
1546891264015	26
1546891264022	25
1546891264029	24
1546891264036	23
1546891324108	22
1546891324127	20
1546891324134	19
1546891324141	18
1546891324146	17
1546891324153	16
1546891383760	15
1546891383780	13
1546891383787	13
1546891383793	12
1546891383799	11
1546891383805	10
1546891383811	9
1546891453730	9
1546891453749	8
1546891453756	8
1546891453763	7
1546891453769	7
1546891453775	7
1546891513641	7
1546891513660	8
1546891513667	9
1546891513674	12
1546891513680	15
1546891513687	19
1546891583426	25
1546891583466	31
1546891583474	37
1546891583480	44
1546891583486	51
1546891583492	57
1546891583498	64
1546891643332	69
1546891643350	74
1546891643357	78
1546891643363	81
1546891643370	82
1546891643376	83
1546891703530	84
1546891703548	83
1546891703555	82
1546891703562	81
1546891703568	79
1546891703574	77
1546891703580	75
1546891773306	74
1546891773315	72
1546891773318	70
1546891773321	68
1546891773324	66
1546891773326	65
1546891833250	63
1546891833269	62
1546891833276	61
1546891833283	60
1546891833288	59
1546891833295	58
1546891903009	58
1546891903030	57
1546891903038	56
1546891903045	56
1546891903051	55
1546891903057	54
1546891903063	53
1546891962877	52
1546891962895	51
1546891962903	50
1546891962909	48
1546891962915	47
1546891962921	45
1546892022719	43
1546892022728	41
1546892022731	39
1546892022734	37
1546892022736	35
1546892022738	34
1546892022740	32
1546892092576	30
1546892092590	28
1546892092595	27
1546892092600	25
1546892092604	24
1546892092609	22
1546892152533	21
1546892152542	20
1546892152544	19
1546892152547	18
1546892152549	17
1546892152551	16
1546892222438	15
1546892222450	15
1546892222453	14
1546892222455	13
1546892222458	12
1546892222461	11
1546892222463	10
1546892282330	9
1546892282340	8
1546892282343	7
1546892282346	5
1546892282349	5
1546892282352	5
1546892342339	5
1546892342353	5
1546892342358	5
1546892342363	5
1546892342367	5
1546892342372	5
1546892342376	5
1546892412478	5
1546892412492	6
1546892412498	8
1546892412504	11
1546892412510	15
1546892412515	20
1546892472397	25
1546892472415	31
1546892472423	38
1546892472429	44
1546892472435	50
1546892472441	56
1546892541916	61
1546892541926	65
1546892541930	69
1546892541932	71
1546892541935	72
1546892541937	73
1546892541939	73
1546892601831	72
1546892601842	70
1546892601846	68
1546892601848	66
1546892601850	64
1546892601853	61
1546892662147	59
1546892662165	57
1546892662172	55
1546892662179	53
1546892662185	52
1546892662192	51
1546892662197	50
1546892731798	49
1546892731818	49
1546892731825	49
1546892731832	49
1546892731838	50
1546892731844	50
1546892791735	50
1546892791755	51
1546892791762	51
1546892791769	51
1546892791776	51
1546892791782	51
1546892861448	50
1546892861457	50
1546892861460	49
1546892861463	48
1546892861465	47
1546892861468	46
1546892861470	45
1546892921375	43
1546892921386	42
1546892921389	41
1546892921392	39
1546892921395	38
1546892921398	37
1546892981461	36
1546892981475	35
1546892981480	34
1546892981484	33
1546892981489	32
1546892981493	31
1546892981497	30
1546893051316	29
1546893051337	28
1546893051345	28
1546893051352	27
1546893051358	26
1546893051365	26
1546893111471	25
1546893111489	24
1546893111497	24
1546893111503	23
1546893111509	22
1546893111515	22
1546893181129	21
1546893181148	20
1546893181155	19
1546893181161	18
1546893181167	17
1546893181174	16
1546893181179	16
1546893241060	16
1546893241081	17
1546893241089	19
1546893241096	22
1546893241102	25
1546893241108	30
1546893300880	36
1546893300898	42
1546893300906	49
1546893300912	56
1546893300919	62
1546893300925	69
1546893300931	74
1546893370828	79
1546893370848	83
1546893370856	86
1546893370863	87
1546893370870	88
1546893370880	88
1546893430631	87
1546893430640	86
1546893430642	84
1546893430645	82
1546893430647	79
1546893430649	77
1546893500676	74
1546893500694	72
1546893500701	70
1546893500708	68
1546893500714	66
1546893500720	64
1546893500726	63
1546893560512	62
1546893560525	61
1546893560528	61
1546893560532	60
1546893560535	60
1546893560538	60
1546893620456	60
1546893620475	60
1546893620482	60
1546893620489	60
1546893620495	60
1546893620501	60
1546893620507	59
1546893690383	59
1546893690402	58
1546893690409	57
1546893690416	55
1546893690422	54
1546893690429	52
1546893750167	51
1546893750175	49
1546893750177	47
1546893750180	45
1546893750182	43
1546893750184	41
1546893820121	40
1546893820139	38
1546893820146	36
1546893820153	35
1546893820159	33
1546893820165	32
1546893820171	30
1546893880138	29
1546893880157	27
1546893880164	26
1546893880171	25
1546893880177	24
1546893880183	23
1546893939947	22
1546893939965	21
1546893939973	19
1546893939979	18
1546893939986	17
1546893939992	16
1546893939998	15
1546894009799	14
1546894009814	13
1546894009821	11
1546894009826	10
1546894009831	9
1546894009836	7
1546894069695	6
1546894069704	5
1546894069707	5
1546894069709	5
1546894069712	5
1546894069714	7
1546894139748	10
1546894139762	14
1546894139768	19
1546894139773	26
1546894139778	33
1546894139783	40
1546894139787	48
1546894199593	56
1546894199613	63
1546894199621	70
1546894199628	76
1546894199635	80
1546894199641	84
1546894259450	86
1546894259464	88
1546894259469	88
1546894259474	88
1546894259478	86
1546894259483	85
1546894259487	83
1546894329335	81
1546894329352	78
1546894329360	76
1546894329366	74
1546894329372	71
1546894329378	70
1546894389251	68
1546894389268	66
1546894389276	65
1546894389282	64
1546894389288	64
1546894389295	63
1546894459134	63
1546894459149	63
1546894459154	63
1546894459160	63
1546894459165	64
1546894459170	64
1546894459174	64
1546894519017	64
1546894519035	64
1546894519043	64
1546894519049	64
1546894519056	63
1546894519062	62
1546894579185	61
1546894579199	60
1546894579204	59
1546894579209	58
1546894579214	56
1546894579218	55
1546894579222	53
1546894648901	51
1546894648915	49
1546894648920	47
1546894648925	45
1546894648929	43
1546894648933	41
1546894708904	39
1546894708922	38
1546894708930	36
1546894708936	34
1546894708942	32
1546894708948	30
1546894778637	29
1546894778646	27
1546894778649	26
1546894778652	24
1546894778654	23
1546894778657	22
1546894778659	21
1546894838867	20
1546894838885	19
1546894838892	17
1546894838899	16
1546894838905	15
1546894838911	14
1546894898541	13
1546894898561	12
1546894898570	11
1546894898577	9
1546894898584	8
1546894898591	7
1546894898599	5
1546894968896	5
1546894968918	5
1546894968926	5
1546894968933	6
1546894968940	8
1546894968947	11
1546895028326	15
1546895028345	21
1546895028354	28
1546895028361	36
1546895028368	44
1546895028375	53
1546895098517	62
1546895098536	70
1546895098543	78
1546895098550	84
1546895098556	90
1546895098562	95
1546895098568	95
1546895158114	95
1546895158129	95
1546895158136	95
1546895158141	94
1546895158146	93
1546895158152	91
1546895218065	90
1546895218083	88
1546895218091	86
1546895218097	84
1546895218104	82
1546895218110	80
1546895218116	79
1546895288035	77
1546895288053	75
1546895288061	74
1546895288067	73
1546895288074	72
1546895288080	71
1546895348149	71
1546895348167	70
1546895348175	70
1546895348181	70
1546895348188	69
1546895348194	69
1546895418057	68
1546895418076	68
1546895418083	67
1546895418089	66
1546895418095	65
1546895418102	64
1546895418107	63
1546895478159	61
1546895478177	59
1546895478184	57
1546895478191	56
1546895478197	53
1546895478203	51
1546895537578	49
1546895537587	47
1546895537590	45
1546895537593	43
1546895537595	41
1546895537598	39
1546895537600	37
1546895607445	36
1546895607453	34
1546895607455	32
1546895607458	31
1546895607460	30
1546895607462	29
1546895667514	27
1546895667532	26
1546895667540	25
1546895667546	24
1546895667552	24
1546895667558	23
1546895737262	22
1546895737271	21
1546895737274	20
1546895737277	19
1546895737279	18
1546895737282	17
1546895737284	17
1546895797534	16
1546895797552	15
1546895797559	14
1546895797565	12
1546895797571	11
1546895797578	10
1546895857574	9
1546895857596	8
1546895857604	7
1546895857612	6
1546895857618	6
1546895857625	6
1546895857631	8
1546895927104	10
1546895927122	14
1546895927130	19
1546895927136	25
1546895927142	32
1546895927148	40
1546895987003	47
1546895987021	55
1546895987029	63
1546895987035	70
1546895987042	77
1546895987048	82
1546896057018	86
1546896057038	90
1546896057046	92
1546896057052	93
1546896057058	93
1546896057065	93
1546896057071	92
1546896116872	90
1546896116893	89
1546896116900	87
1546896116907	85
1546896116913	82
1546896116919	81
1546896176803	79
1546896176821	77
1546896176829	76
1546896176836	75
1546896176843	74
1546896176850	73
1546896176857	73
1546896246634	73
1546896246652	73
1546896246659	73
1546896246665	73
1546896246671	74
1546896246677	74
1546896306580	74
1546896306601	74
1546896306608	74
1546896306615	74
1546896306621	73
1546896306627	73
1546896376472	72
1546896376491	71
1546896376498	70
1546896376504	69
1546896376511	69
1546896376517	68
1546896376523	67
1546896436372	66
1546896436381	65
1546896436384	65
1546896436387	64
1546896436389	63
1546896436392	63
1546896496676	62
1546896496694	61
1546896496702	61
1546896496708	60
1546896496715	59
1546896496721	58
1546896496727	57
1546896566158	56
1546896566173	55
1546896566179	53
1546896566185	53
1546896566190	52
1546896566196	51
1546896626144	50
1546896626167	49
1546896626175	48
1546896626182	47
1546896626189	46
1546896626196	46
1546896695933	45
1546896695947	44
1546896695953	42
1546896695957	41
1546896695961	40
1546896695966	39
1546896695970	37
1546896756284	36
1546896756305	36
1546896756312	35
1546896756319	36
1546896756326	38
1546896756332	41
1546896816047	45
1546896816066	49
1546896816074	55
1546896816082	62
1546896816090	69
1546896816097	76
1546896816103	83
1546896885683	89
1546896885701	95
1546896885709	95
1546896885715	95
1546896885722	95
1546896885728	95
1546896945992	95
1546896946012	95
1546896946019	95
1546896946026	95
1546896946032	95
1546896946038	95
1546897015458	95
1546897015474	95
1546897015480	95
1546897015486	95
1546897015491	95
1546897015496	95
1546897015501	95
1546897075414	95
1546897075434	95
1546897075441	95
1546897075447	95
1546897075453	95
1546897075458	95
1546897135289	94
1546897135307	94
1546897135314	94
1546897135320	93
1546897135327	92
1546897135333	91
1546897135339	90
1546897205107	88
1546897205115	86
1546897205118	84
1546897205120	82
1546897205122	80
1546897205124	77
1546897265135	75
1546897265152	73
1546897265160	70
1546897265167	68
1546897265173	66
1546897265179	64
1546897335042	63
1546897335060	61
1546897335067	60
1546897335074	59
1546897335079	58
1546897335086	57
1546897335091	56
1546897395100	56
1546897395113	55
1546897395118	55
1546897395123	54
1546897395128	54
1546897395132	54
1546897455287	53
1546897455314	53
1546897455322	52
1546897455329	51
1546897455335	50
1546897455342	49
1546897455348	48
1546897524809	47
1546897524827	46
1546897524834	44
1546897524841	42
1546897524847	40
1546897524853	38
1546897585036	36
1546897585057	34
1546897585065	31
1546897585071	29
1546897585078	27
1546897585084	26
1546897655068	25
1546897655090	25
1546897655098	26
1546897655105	28
1546897655112	31
1546897655119	35
1546897655125	39
1546897714363	44
1546897714373	50
1546897714376	56
1546897714379	62
1546897714382	67
1546897714384	72
1546897774272	77
1546897774283	81
1546897774286	84
1546897774288	86
1546897774291	88
1546897774293	89
1546897774295	90
1546897844273	90
1546897844293	90
1546897844300	90
1546897844307	89
1546897844313	88
1546897844320	88
1546897904180	87
1546897904198	86
1546897904206	85
1546897904212	84
1546897904218	83
1546897904224	83
1546897974123	82
1546897974142	81
1546897974149	81
1546897974155	80
1546897974161	80
1546897974167	80
1546897974173	80
1546898033988	80
1546898034006	80
1546898034013	80
1546898034020	80
1546898034026	80
1546898034032	80
1546898093920	79
1546898093938	79
1546898093946	78
1546898093952	77
1546898093958	76
1546898093964	75
1546898093970	73
1546898163825	71
1546898163843	69
1546898163850	67
1546898163857	65
1546898163863	63
1546898163869	61
1546898223741	59
1546898223760	57
1546898223765	55
1546898223769	53
1546898223772	52
1546898223775	50
1546898293894	49
1546898293911	47
1546898293919	46
1546898293926	45
1546898293932	44
1546898293938	43
1546898293944	43
1546898353896	42
1546898353915	41
1546898353922	40
1546898353928	40
1546898353934	39
1546898353940	39
1546898413419	39
1546898413437	38
1546898413444	38
1546898413451	37
1546898413457	37
1546898413463	36
1546898413469	36
1546898483729	35
1546898483750	35
1546898483757	34
1546898483764	33
1546898483770	32
1546898483777	31
1546898543183	30
1546898543196	30
1546898543199	30
1546898543202	32
1546898543205	34
1546898543208	37
1546898613143	40
1546898613157	45
1546898613162	50
1546898613167	55
1546898613171	61
1546898613176	66
1546898613180	71
1546898673065	76
1546898673079	79
1546898673084	82
1546898673089	84
1546898673093	85
1546898673098	86
1546898732942	85
1546898732959	85
1546898732966	83
1546898732972	82
1546898732978	80
1546898732984	79
1546898732990	77
1546898802894	75
1546898802912	74
1546898802919	73
1546898802926	71
1546898802932	70
1546898802938	69
1546898862903	68
1546898862924	68
1546898862932	67
1546898862938	67
1546898862944	67
1546898862951	67
1546898932823	67
1546898932841	67
1546898932849	67
1546898932855	67
1546898932861	67
1546898932867	66
1546898932873	66
1546898993152	66
1546898993170	65
1546898993177	65
1546898993184	64
1546898993190	63
1546898993196	63
1546899052602	62
1546899052616	61
1546899052621	61
1546899052626	60
1546899052631	59
1546899052635	58
1546899052639	57
1546899122446	56
1546899122459	55
1546899122464	54
1546899122469	53
1546899122473	52
1546899122478	51
1546899182349	50
1546899182363	49
1546899182368	47
1546899182373	46
1546899182378	45
1546899182382	44
1546899252325	43
1546899252357	42
1546899252371	41
1546899252381	41
1546899252390	40
1546899252397	39
1546899252403	39
1546899312208	38
1546899312226	38
1546899312233	37
1546899312240	37
1546899312246	36
1546899312252	36
1546899372124	36
1546899372142	35
1546899372151	35
1546899372158	34
1546899372165	34
1546899372171	34
1546899372178	35
1546899441943	37
1546899441960	39
1546899441968	42
1546899441974	47
1546899441980	52
1546899441986	58
1546899501827	64
1546899501837	71
1546899501840	78
1546899501842	85
1546899501845	92
1546899501847	95
1546899571740	95
1546899571749	95
1546899571751	95
1546899571754	95
1546899571756	95
1546899571759	95
1546899571761	95
1546899631726	95
1546899631742	94
1546899631749	94
1546899631754	94
1546899631759	93
1546899631764	93
1546899691677	92
1546899691694	91
1546899691702	90
1546899691708	89
1546899691715	88
1546899691721	87
1546899691727	86
1546899761908	85
1546899761929	84
1546899761937	84
1546899761944	83
1546899761949	83
1546899761956	82
1546899821558	82
1546899821568	81
1546899821571	81
1546899821573	80
1546899821576	80
1546899821579	79
1546899891274	78
1546899891288	77
1546899891292	76
1546899891296	75
1546899891300	74
1546899891304	73
1546899891307	71
1546899951156	70
1546899951165	68
1546899951168	67
1546899951170	65
1546899951173	64
1546899951175	62
1546900011120	61
1546900011140	59
1546900011148	58
1546900011155	57
1546900011162	56
1546900011169	55
1546900011175	54
1546900080959	53
1546900080973	52
1546900080978	52
1546900080983	51
1546900080988	50
1546900080992	49
1546900140921	49
1546900140934	48
1546900140940	47
1546900140945	46
1546900140950	46
1546900140955	45
1546900211346	45
1546900211364	45
1546900211372	46
1546900211378	48
1546900211384	50
1546900211390	52
1546900211396	56
1546900271386	59
1546900271396	63
1546900271399	68
1546900271401	72
1546900271404	76
1546900271406	80
1546900330981	83
1546900331001	86
1546900331009	88
1546900331016	90
1546900331023	91
1546900331029	92
1546900331035	92
1546900400815	92
1546900400833	92
1546900400841	91
1546900400847	90
1546900400853	88
1546900400859	87
1546900460638	86
1546900460657	84
1546900460664	82
1546900460671	81
1546900460677	79
1546900460683	77
1546900530363	76
1546900530376	75
1546900530382	74
1546900530386	73
1546900530391	72
1546900530396	71
1546900530400	71
1546900590550	71
1546900590568	70
1546900590576	70
1546900590582	69
1546900590588	69
1546900590595	68
1546900650280	67
1546900650300	65
1546900650308	64
1546900650314	62
1546900650320	61
1546900650326	59
1546900650332	57
1546900720077	55
1546900720092	53
1546900720098	51
1546900720104	49
1546900720110	47
1546900720115	45
1546900780269	43
1546900780279	42
1546900780282	41
1546900780285	40
1546900780287	39
1546900780289	39
1546900850427	38
1546900850446	38
1546900850453	38
1546900850459	38
1546900850466	38
1546900850472	38
1546900850477	38
1546900909853	38
1546900909873	38
1546900909880	38
1546900909886	38
1546900909893	39
1546900909899	40
1546900969758	41
1546900969776	43
1546900969783	45
1546900969790	48
1546900969796	51
1546900969802	55
1546900969808	59
1546901039590	63
1546901039604	67
1546901039610	70
1546901039615	74
1546901039620	77
1546901039625	80
1546901099661	82
1546901099679	83
1546901099687	84
1546901099693	85
1546901099699	85
1546901099705	85
1546901169748	84
1546901169766	83
1546901169773	82
1546901169780	81
1546901169786	79
1546901169792	78
1546901169797	76
1546901229204	74
1546901229213	72
1546901229216	71
1546901229219	69
1546901229221	67
1546901229224	66
1546901289121	65
1546901289130	63
1546901289133	62
1546901289136	61
1546901289139	60
1546901289141	60
1546901289144	59
1546901359117	58
1546901359134	57
1546901359142	56
1546901359149	55
1546901359155	54
1546901359161	53
1546901418958	52
1546901418971	50
1546901418977	49
1546901418981	47
1546901418986	46
1546901418990	44
1546901488920	42
1546901488936	40
1546901488943	39
1546901488949	37
1546901488954	35
1546901488960	33
1546901488965	32
1546901548793	30
1546901548835	28
1546901548843	27
1546901548850	25
1546901548857	24
1546901548864	23
1546901608719	21
1546901608738	20
1546901608746	19
1546901608753	18
1546901608760	17
1546901608767	16
1546901608774	15
1546901678664	14
1546901678682	14
1546901678689	13
1546901678696	12
1546901678702	11
1546901678708	10
1546901738475	10
1546901738488	9
1546901738493	8
1546901738498	7
1546901738503	7
1546901738508	6
1546901808381	5
1546901808401	5
1546901808409	5
1546901808416	5
1546901808423	5
1546901808430	5
1546901808436	5
1546901868272	5
1546901868286	6
1546901868292	8
1546901868296	10
1546901868301	13
1546901868305	17
1546901928530	22
1546901928549	27
1546901928556	33
1546901928562	38
1546901928568	44
1546901928575	49
1546901928581	53
1546901998373	57
1546901998390	60
1546901998398	63
1546901998405	65
1546901998411	66
1546901998417	66
1546902057963	66
1546902057972	66
1546902057975	65
1546902057977	64
1546902057979	63
1546902057981	61
1546902127919	60
1546902127931	59
1546902127933	57
1546902127936	56
1546902127939	55
1546902127942	54
1546902127944	53
1546902187756	52
1546902187765	51
1546902187767	51
1546902187770	51
1546902187772	50
1546902187774	50
1546902247666	50
1546902247674	50
1546902247677	49
1546902247679	49
1546902247682	49
1546902247684	48
1546902247686	47
1546902317611	47
1546902317621	46
1546902317624	45
1546902317626	44
1546902317628	43
1546902317631	42
1546902377782	40
1546902377800	39
1546902377808	37
1546902377815	36
1546902377821	35
1546902377827	33
1546902447431	32
1546902447449	30
1546902447457	29
1546902447463	28
1546902447469	27
1546902447475	25
1546902447480	24
1546902507772	23
1546902507794	22
1546902507802	21
1546902507809	20
1546902507815	19
1546902507822	18
1546902567300	17
1546902567319	17
1546902567327	16
1546902567334	15
1546902567341	14
1546902567348	13
1546902567354	12
1546902637469	11
1546902637488	10
1546902637495	9
1546902637502	8
1546902637508	7
1546902637515	5
1546902697332	5
1546902697351	5
1546902697358	5
1546902697364	5
1546902697371	5
1546902697377	5
1546902767003	5
1546902767021	5
1546902767028	5
1546902767035	5
1546902767041	5
1546902767047	6
1546902767053	7
1546902826901	10
1546902826919	13
1546902826926	17
1546902826932	21
1546902826938	26
1546902826945	31
1546902886872	36
1546902886889	41
1546902886897	46
1546902886903	50
1546902886909	54
1546902886916	57
1546902886922	60
1546902956682	62
1546902956700	63
1546902956707	64
1546902956713	64
1546902956719	64
1546902956725	64
1546903016584	63
1546903016593	62
1546903016597	61
1546903016600	60
1546903016602	58
1546903016605	57
1546903086875	56
1546903086895	55
1546903086903	54
1546903086910	53
1546903086916	52
1546903086922	52
1546903086928	51
1546903146592	51
1546903146611	51
1546903146619	51
1546903146625	51
1546903146632	51
1546903146638	51
1546903206639	51
1546903206657	50
1546903206665	50
1546903206671	49
1546903206677	48
1546903206683	47
1546903206689	46
1546903276149	45
1546903276169	44
1546903276178	43
1546903276185	41
1546903276193	40
1546903276200	39
1546903336452	38
1546903336473	37
1546903336480	35
1546903336487	34
1546903336493	33
1546903336499	32
1546903405981	30
1546903406001	29
1546903406009	27
1546903406016	26
1546903406023	24
1546903406030	23
1546903406036	21
1546903466110	20
1546903466128	19
1546903466135	19
1546903466142	18
1546903466147	18
1546903466153	18
1546903525874	18
1546903525893	18
1546903525900	18
1546903525906	18
1546903525913	18
1546903525919	18
1546903525925	18
1546903595912	17
1546903595929	17
1546903595936	16
1546903595942	15
1546903595947	14
1546903595953	12
1546903655499	11
1546903655524	9
1546903655532	8
1546903655539	7
1546903655546	6
1546903655553	6
1546903725851	7
1546903725873	9
1546903725880	12
1546903725887	15
1546903725893	19
1546903725899	24
1546903725905	29
1546903785733	33
1546903785754	38
1546903785762	42
1546903785768	46
1546903785775	49
1546903785781	51
1546903845563	53
1546903845582	54
1546903845591	54
1546903845598	54
1546903845605	53
1546903845612	51
1546903845618	50
1546903915536	48
1546903915557	47
1546903915564	45
1546903915571	43
1546903915578	42
1546903915584	40
1546903975468	39
1546903975489	38
1546903975497	37
1546903975503	36
1546903975509	36
1546903975516	35
1546904045507	35
1546904045527	35
1546904045536	35
1546904045542	35
1546904045549	34
1546904045556	34
1546904045562	34
1546904105141	33
1546904105159	33
1546904105167	32
1546904105173	32
1546904105180	31
1546904105186	30
1546904164748	29
1546904164764	28
1546904164770	26
1546904164775	25
1546904164781	24
1546904164786	22
1546904164792	21
1546904235036	19
1546904235053	18
1546904235060	17
1546904235067	16
1546904235073	15
1546904235079	14
1546904294553	13
1546904294569	13
1546904294575	12
1546904294581	12
1546904294587	11
1546904294592	11
1546904364453	11
1546904364487	11
1546904364492	10
1546904364497	10
1546904364501	10
1546904364505	9
1546904364510	8
1546904424337	8
1546904424356	7
1546904424364	6
1546904424370	5
1546904424376	5
1546904424382	5
1546904484216	5
1546904484225	5
1546904484228	5
1546904484231	5
1546904484233	5
1546904484236	5
1546904484238	5
1546904554209	5
1546904554228	6
1546904554235	7
1546904554242	9
1546904554248	12
1546904554254	15
1546904614129	19
1546904614147	22
1546904614154	26
1546904614160	30
1546904614166	33
1546904614172	35
1546904684006	38
1546904684022	39
1546904684028	40
1546904684034	41
1546904684040	41
1546904684045	40
1546904684050	39
1546904743904	38
1546904743922	36
1546904743929	34
1546904743936	32
1546904743942	31
1546904743948	29
1546904804251	27
1546904804270	26
1546904804277	24
1546904804283	23
1546904804289	22
1546904804295	21
1546904804301	20
1546904874315	19
1546904874336	19
1546904874343	18
1546904874350	18
1546904874356	18
1546904874362	18
1546904933585	18
1546904933596	18
1546904933600	18
1546904933602	18
1546904933605	18
1546904933608	19
1546905003475	19
1546905003484	19
1546905003487	19
1546905003490	18
1546905003493	18
1546905003495	18
1546905003498	17
1546905063959	17
1546905063980	17
1546905063988	16
1546905063994	16
1546905064001	15
1546905064007	14
1546905123720	14
1546905123742	13
1546905123749	13
1546905123755	13
1546905123761	12
1546905123768	12
1546905123774	12
1546905193587	12
1546905193606	11
1546905193614	11
1546905193620	11
1546905193626	11
1546905193632	11
1546905253401	11
1546905253419	11
1546905253426	11
1546905253433	11
1546905253439	11
1546905253445	11
1546905323225	11
1546905323244	11
1546905323251	11
1546905323258	11
1546905323264	10
1546905323271	10
1546905323276	10
1546905383029	10
1546905383048	11
1546905383055	12
1546905383062	14
1546905383068	16
1546905383074	19
1546905442834	23
1546905442851	27
1546905442859	32
1546905442865	36
1546905442872	41
1546905442878	45
1546905442884	49
1546905512711	53
1546905512730	55
1546905512737	58
1546905512743	59
1546905512749	60
1546905512755	59
1546905573058	59
1546905573076	58
1546905573083	57
1546905573090	55
1546905573096	53
1546905573102	51
1546905642804	50
1546905642822	48
1546905642829	47
1546905642836	45
1546905642842	44
1546905642848	44
1546905642854	43
1546905702822	43
1546905702844	43
1546905702853	43
1546905702861	44
1546905702868	44
1546905702876	45
1546905762688	46
1546905762706	47
1546905762714	47
1546905762720	48
1546905762726	48
1546905762732	48
1546905762738	47
1546905832301	47
1546905832321	46
1546905832329	44
1546905832335	42
1546905832342	40
1546905832348	38
1546905892175	36
1546905892194	33
1546905892201	31
1546905892207	28
1546905892213	26
1546905892219	24
1546905962137	21
1546905962155	19
1546905962162	18
1546905962168	16
1546905962174	15
1546905962181	14
1546905962186	13
1546906021981	12
1546906021999	12
1546906022006	11
1546906022012	11
1546906022018	11
1546906022024	10
1546906081820	10
1546906081831	10
1546906081834	10
1546906081837	10
1546906081840	10
1546906081844	9
1546906081847	9
1546906152192	9
1546906152213	9
1546906152221	8
1546906152227	8
1546906152233	8
1546906152239	7
1546906211903	7
1546906211919	7
1546906211926	7
1546906211931	8
1546906211937	9
1546906211942	11
1546906281614	14
1546906281632	17
1546906281640	21
1546906281646	25
1546906281652	29
1546906281658	32
1546906281663	36
1546906341793	39
1546906341812	41
1546906341819	43
1546906341826	44
1546906341832	44
1546906341838	44
1546906401774	43
1546906401795	42
1546906401803	41
1546906401810	39
1546906401816	37
1546906401822	36
1546906401828	34
1546906471565	33
1546906471589	32
1546906471600	31
1546906471609	30
1546906471621	30
1546906471640	29
1546906531198	29
1546906531207	29
1546906531210	29
1546906531212	29
1546906531214	29
1546906531216	29
1546906601404	30
1546906601422	30
1546906601429	30
1546906601436	30
1546906601442	30
1546906601448	30
1546906601454	29
1546906661253	29
1546906661270	29
1546906661278	28
1546906661284	28
1546906661290	27
1546906661296	26
1546906721125	25
1546906721143	25
1546906721151	24
1546906721158	23
1546906721164	22
1546906721170	21
1546906721176	20
1546906790832	20
1546906790850	19
1546906790858	19
1546906790864	18
1546906790870	18
1546906790876	18
1546906851046	18
1546906851068	18
1546906851075	18
1546906851082	18
1546906851088	18
1546906851095	19
1546906920499	19
1546906920509	19
1546906920512	19
1546906920515	20
1546906920517	20
1546906920520	20
1546906920522	19
1546906980437	19
1546906980450	19
1546906980454	18
1546906980457	17
1546906980460	16
1546906980463	16
1546907040508	15
1546907040529	15
1546907040537	16
1546907040543	17
1546907040549	19
1546907040555	21
1546907040561	24
1546907110249	28
1546907110266	32
1546907110274	37
1546907110281	41
1546907110287	46
1546907110293	50
1546907170112	53
1546907170122	56
1546907170124	59
1546907170127	61
1546907170129	62
1546907170131	63
1546907240093	63
1546907240103	63
1546907240105	62
1546907240108	61
1546907240110	60
1546907240112	59
1546907240114	58
1546907300001	57
1546907300019	55
1546907300026	54
1546907300032	52
1546907300038	51
1546907300044	49
1546907360266	48
1546907360285	46
1546907360292	45
1546907360299	44
1546907360305	42
1546907360311	41
1546907360317	40
1546907429851	38
1546907429869	37
1546907429877	36
1546907429883	35
1546907429889	34
1546907429895	33
1546907489794	31
1546907489816	30
1546907489824	29
1546907489831	28
1546907489837	27
1546907489844	25
1546907559843	24
1546907559861	23
1546907559869	22
1546907559875	22
1546907559881	21
1546907559887	20
1546907559892	20
1546907619630	19
1546907619641	19
1546907619644	19
1546907619647	19
1546907619650	18
1546907619652	18
1546907679394	18
1546907679411	18
1546907679419	18
1546907679426	17
1546907679431	17
1546907679438	17
1546907679444	17
1546907749714	16
1546907749735	16
1546907749743	16
1546907749750	15
1546907749756	15
1546907749763	14
1546907809486	14
1546907809500	13
1546907809505	13
1546907809510	12
1546907809514	12
1546907809519	13
1546907879160	13
1546907879169	15
1546907879172	17
1546907879175	20
1546907879177	24
1546907879180	28
1546907879182	33
1546907939324	38
1546907939342	43
1546907939350	47
1546907939356	52
1546907939362	56
1546907939368	59
1546907999342	61
1546907999363	63
1546907999371	63
1546907999378	63
1546907999384	63
1546907999391	61
1546907999397	60
1546908068876	58
1546908068896	55
1546908068904	53
1546908068910	51
1546908068916	49
1546908068922	47
1546908128822	45
1546908128844	43
1546908128853	42
1546908128860	41
1546908128867	41
1546908128875	40
1546908198950	40
1546908198969	40
1546908198976	40
1546908198983	40
1546908198989	40
1546908198995	41
1546908199001	41
1546908258551	41
1546908258564	40
1546908258568	40
1546908258571	39
1546908258574	39
1546908258577	38
1546908318858	37
1546908318879	35
1546908318887	34
1546908318893	33
1546908318899	32
1546908318906	30
1546908318912	29
1546908388739	28
1546908388758	27
1546908388765	26
1546908388772	25
1546908388779	24
1546908388784	23
1546908448516	22
1546908448535	22
1546908448542	21
1546908448549	20
1546908448555	19
1546908448561	18
1546908518605	18
1546908518627	17
1546908518635	16
1546908518642	16
1546908518648	15
1546908518655	15
1546908518660	15
1546908578435	15
1546908578458	15
1546908578465	14
1546908578472	14
1546908578478	14
1546908578484	14
1546908637860	14
1546908637869	13
1546908637872	13
1546908637875	13
1546908637877	13
1546908637880	14
1546908637882	15
1546908707737	17
1546908707756	19
1546908707764	23
1546908707771	27
1546908707778	31
1546908707785	36
1546908768112	41
1546908768133	46
1546908768141	51
1546908768148	55
1546908768154	58
1546908768161	61
1546908837976	63
1546908837998	64
1546908838006	64
1546908838012	64
1546908838019	63
1546908838025	62
1546908838031	60
1546908898036	58
1546908898058	56
1546908898065	54
1546908898073	52
1546908898080	50
1546908898086	48
1546908957355	47
1546908957365	45
1546908957368	44
1546908957371	43
1546908957373	42
1546908957375	42
1546908957378	41
1546909027282	41
1546909027300	41
1546909027307	41
1546909027314	41
1546909027320	40
1546909027326	40
1546909087505	40
1546909087524	39
1546909087532	39
1546909087538	38
1546909087545	37
1546909087551	36
1546909157471	35
1546909157493	34
1546909157501	33
1546909157507	32
1546909157514	32
1546909157520	31
1546909157526	30
1546909217001	29
1546909217020	28
1546909217027	28
1546909217033	27
1546909217039	26
1546909217045	25
1546909277286	24
1546909277308	23
1546909277316	22
1546909277322	21
1546909277329	20
1546909277335	19
1546909277341	18
1546909346826	17
1546909346844	16
1546909346851	16
1546909346858	15
1546909346864	14
1546909346870	14
1546909407087	14
1546909407108	14
1546909407116	14
1546909407122	14
1546909407129	14
1546909407135	14
1546909476988	14
1546909477009	13
1546909477016	13
1546909477023	13
1546909477029	12
1546909477035	12
1546909477041	12
1546909536487	13
1546909536500	14
1546909536504	17
1546909536507	20
1546909536510	23
1546909536513	28
1546909596898	33
1546909596919	38
1546909596927	44
1546909596935	49
1546909596941	54
1546909596949	58
1546909596955	61
1546909666681	64
1546909666702	65
1546909666710	66
1546909666716	66
1546909666723	65
1546909666729	64
1546909726515	62
1546909726534	60
1546909726541	58
1546909726548	55
1546909726554	53
1546909726560	51
1546909796456	50
1546909796477	48
1546909796484	47
1546909796491	46
1546909796497	45
1546909796504	45
1546909796509	45
1546909856443	44
1546909856464	44
1546909856471	44
1546909856478	44
1546909856484	44
1546909856490	43
1546909916293	43
1546909916313	42
1546909916321	42
1546909916328	41
1546909916335	41
1546909916342	40
1546909916348	39
1546909986024	38
1546909986036	37
1546909986040	36
1546909986043	35
1546909986046	34
1546909986050	33
1546910045691	31
1546910045712	30
1546910045720	29
1546910045726	27
1546910045732	25
1546910045738	24
1546910115600	22
1546910115619	20
1546910115627	19
1546910115634	17
1546910115641	16
1546910115648	14
1546910115654	13
1546910175469	12
1546910175485	11
1546910175492	10
1546910175497	9
1546910175503	8
1546910175508	7
1546910235433	7
1546910235451	6
1546910235459	5
1546910235465	5
1546910235471	5
1546910235477	5
1546910235483	5
1546910305712	5
1546910305730	5
1546910305738	5
1546910305744	5
1546910305751	5
1546910305757	5
1546910365648	5
1546910365669	5
1546910365677	5
1546910365684	5
1546910365690	6
1546910365697	8
1546910435154	11
1546910435171	14
1546910435179	18
1546910435185	22
1546910435192	27
1546910435198	32
1546910435203	37
1546910495306	41
1546910495328	45
1546910495336	48
1546910495343	51
1546910495349	52
1546910495356	53
1546910555039	53
1546910555057	52
1546910555065	51
1546910555071	50
1546910555077	48
1546910555083	46
1546910555089	44
1546910624878	42
1546910624895	41
1546910624902	39
1546910624907	38
1546910624916	37
1546910624922	36
1546910684838	35
1546910684857	34
1546910684865	34
1546910684872	34
1546910684878	33
1546910684884	33
1546910755077	33
1546910755098	33
1546910755106	34
1546910755112	34
1546910755118	34
1546910755124	34
1546910755130	35
1546910814514	35
1546910814523	35
1546910814526	35
1546910814529	35
1546910814532	35
1546910814534	35
1546910874484	34
1546910874504	34
1546910874512	33
1546910874519	33
1546910874526	32
1546910874533	31
1546910874539	30
1546910944387	29
1546910944407	28
1546910944415	28
1546910944423	27
1546910944430	27
1546910944436	26
1546911004269	26
1546911004277	26
1546911004280	26
1546911004282	26
1546911004284	26
1546911004286	27
1546911074476	27
1546911074493	27
1546911074501	27
1546911074507	28
1546911074514	28
1546911074520	27
1546911074526	27
1546911134587	27
1546911134607	26
1546911134616	26
1546911134623	25
1546911134630	24
1546911134637	24
1546911194066	23
1546911194089	22
1546911194097	22
1546911194104	21
1546911194111	21
1546911194118	22
1546911194125	23
1546911264013	25
1546911264027	27
1546911264033	30
1546911264037	34
1546911264042	39
1546911264046	44
1546911323780	49
1546911323794	54
1546911323800	59
1546911323804	63
1546911323809	67
1546911323813	70
1546911393990	72
1546911394009	74
1546911394016	75
1546911394022	75
1546911394029	74
1546911394035	73
1546911394041	72
1546911453572	70
1546911453580	68
1546911453582	67
1546911453585	65
1546911453587	63
1546911453590	61
1546911513488	60
1546911513499	58
1546911513501	56
1546911513504	55
1546911513506	54
1546911513508	53
1546911513510	52
1546911583451	51
1546911583469	50
1546911583477	50
1546911583483	50
1546911583490	50
1546911583496	50
1546911643626	50
1546911643644	50
1546911643652	50
1546911643658	51
1546911643664	51
1546911643670	51
1546911713691	50
1546911713712	50
1546911713720	50
1546911713727	49
1546911713733	48
1546911713739	47
1546911713745	45
1546911773193	44
1546911773210	43
1546911773218	41
1546911773224	40
1546911773230	39
1546911773246	38
1546911832999	37
1546911833008	35
1546911833011	34
1546911833014	33
1546911833016	33
1546911833019	32
1546911833021	31
1546911902963	30
1546911902979	29
1546911902986	28
1546911902991	27
1546911902996	26
1546911903001	25
1546911963237	24
1546911963259	23
1546911963266	22
1546911963273	21
1546911963279	21
1546911963285	20
1546912032820	20
1546912032829	19
1546912032831	19
1546912032834	19
1546912032836	19
1546912032838	19
1546912032840	18
1546912092959	18
1546912092998	19
1546912093006	19
1546912093012	20
1546912093019	22
1546912093025	24
1546912152531	28
1546912152540	31
1546912152542	36
1546912152545	41
1546912152547	46
1546912152549	52
1546912152552	57
1546912222446	62
1546912222459	67
1546912222466	71
1546912222472	74
1546912222477	76
1546912222483	77
1546912282463	78
1546912282483	78
1546912282491	77
1546912282497	76
1546912282503	74
1546912282510	72
1546912352243	70
1546912352261	68
1546912352268	66
1546912352275	64
1546912352281	61
1546912352287	59
1546912352293	57
1546912412215	55
1546912412225	54
1546912412228	53
1546912412230	52
1546912412233	51
1546912412235	51
1546912472159	50
1546912472172	50
1546912472178	50
1546912472182	50
1546912472187	50
1546912472191	50
1546912472196	50
1546912542030	50
1546912542048	50
1546912542055	49
1546912542062	48
1546912542068	47
1546912542074	46
1546912601914	44
1546912601928	43
1546912601933	41
1546912601938	40
1546912601942	38
1546912601947	37
1546912671884	36
1546912671902	35
1546912671909	34
1546912671916	33
1546912671922	32
1546912671928	31
1546912671934	31
1546912732017	30
1546912732035	30
1546912732043	29
1546912732049	28
1546912732056	28
1546912732062	27
1546912791614	26
1546912791622	25
1546912791625	24
1546912791628	23
1546912791630	22
1546912791632	21
1546912791635	20
1546912861854	19
1546912861873	19
1546912861880	18
1546912861887	18
1546912861893	17
1546912861899	17
1546912921528	16
1546912921545	16
1546912921553	16
1546912921559	15
1546912921565	15
1546912921571	14
1546912991420	14
1546912991436	14
1546912991443	15
1546912991449	16
1546912991454	19
1546912991460	22
1546912991465	27
1546913051328	32
1546913051341	39
1546913051346	46
1546913051351	53
1546913051356	60
1546913051360	67
1546913111151	73
1546913111165	78
1546913111170	82
1546913111175	85
1546913111180	87
1546913111185	87
1546913111189	87
1546913181133	85
1546913181153	83
1546913181161	81
1546913181167	78
1546913181173	75
1546913181179	71
1546913241228	69
1546913241246	66
1546913241253	64
1546913241260	62
1546913241266	60
1546913241272	59
1546913311152	58
1546913311170	57
1546913311178	57
1546913311184	57
1546913311190	57
1546913311196	57
1546913311202	57
1546913371079	56
1546913371098	56
1546913371105	56
1546913371112	55
1546913371118	55
1546913371124	54
1546913431002	53
1546913431021	52
1546913431028	50
1546913431035	49
1546913431041	48
1546913431047	46
1546913431053	45
1546913500742	44
1546913500763	43
1546913500770	42
1546913500777	41
1546913500783	40
1546913500789	39
1546913561040	38
1546913561062	37
1546913561069	36
1546913561076	35
1546913561082	34
1546913561088	33
1546913630659	31
1546913630678	30
1546913630685	29
1546913630692	27
1546913630698	26
1546913630704	25
1546913630710	24
1546913690644	23
1546913690653	22
1546913690656	21
1546913690659	20
1546913690661	20
1546913690664	19
1546913750339	19
1546913750360	19
1546913750367	18
1546913750374	18
1546913750380	17
1546913750387	17
1546913750393	16
1546913820092	14
1546913820110	13
1546913820117	12
1546913820124	10
1546913820129	9
1546913820136	9
1546913879926	9
1546913879935	10
1546913879938	13
1546913879941	16
1546913879943	22
1546913879946	28
1546913949939	36
1546913949948	44
1546913949951	53
1546913949954	62
1546913949956	70
1546913949959	77
1546913949961	84
1546914009739	89
1546914009748	93
1546914009751	95
1546914009754	95
1546914009757	94
1546914009760	93
1546914069729	90
1546914069747	87
1546914069754	84
1546914069761	81
1546914069767	77
1546914069773	74
1546914069779	72
1546914140208	69
1546914140226	67
1546914140234	65
1546914140241	63
1546914140247	62
1546914140254	61
1546914199769	60
1546914199788	59
1546914199796	59
1546914199803	58
1546914199810	58
1546914199817	57
1546914269384	57
1546914269402	57
1546914269411	56
1546914269418	56
1546914269425	55
1546914269432	55
1546914269438	54
1546914329565	54
1546914329581	53
1546914329587	53
1546914329592	52
1546914329598	51
1546914329603	51
1546914389153	50
1546914389167	48
1546914389172	47
1546914389177	45
1546914389182	44
1546914389186	42
1546914389190	39
1546914459409	37
1546914459427	35
1546914459434	32
1546914459440	30
1546914459446	28
1546914459452	26
1546914519279	25
1546914519298	24
1546914519307	23
1546914519314	22
1546914519321	22
1546914519328	21
1546914589324	21
1546914589344	21
1546914589352	21
1546914589358	21
1546914589364	21
1546914589370	21
1546914589376	20
1546914649255	20
1546914649276	19
1546914649284	18
1546914649291	16
1546914649297	15
1546914649303	13
1546914709262	11
1546914709283	10
1546914709291	8
1546914709297	7
1546914709304	7
1546914709310	7
1546914709316	8
1546914779138	11
1546914779160	15
1546914779168	20
1546914779175	26
1546914779182	34
1546914779217	42
1546914838971	51
1546914838992	60
1546914839000	68
1546914839007	76
1546914839013	82
1546914839019	88
1546914908714	92
1546914908729	94
1546914908735	94
1546914908741	94
1546914908746	93
1546914908751	92
1546914908756	90
1546914968833	87
1546914968852	84
1546914968859	82
1546914968866	79
1546914968872	76
1546914968878	74
1546915028374	72
1546915028382	70
1546915028385	68
1546915028388	66
1546915028391	64
1546915028393	63
1546915028396	62
1546915098241	60
1546915098259	59
1546915098267	59
1546915098273	58
1546915098279	58
1546915098285	57
1546915158458	57
1546915158479	57
1546915158487	57
1546915158494	57
1546915158501	57
1546915158507	57
1546915228014	57
1546915228033	56
1546915228042	55
1546915228049	54
1546915228056	53
1546915228063	51
1546915228070	49
1546915288284	47
1546915288302	45
1546915288309	43
1546915288316	40
1546915288322	38
1546915288328	36
1546915347892	34
1546915347910	32
1546915347917	31
1546915347924	29
1546915347929	28
1546915347936	27
1546915347942	26
1546915418214	26
1546915418234	25
1546915418242	25
1546915418249	24
1546915418256	23
1546915418263	22
1546915477539	22
1546915477555	21
1546915477561	19
1546915477566	18
1546915477571	17
1546915477576	16
1546915547579	15
1546915547600	14
1546915547608	13
1546915547615	11
1546915547622	11
1546915547628	10
1546915547634	9
1546915607721	9
1546915607740	9
1546915607759	10
1546915607765	11
1546915607771	14
1546915607777	18
1546915667359	23
1546915667379	30
1546915667386	37
1546915667392	45
1546915667398	54
1546915667404	62
1546915667410	71
1546915737682	79
1546915737705	85
1546915737713	91
1546915737721	95
1546915737728	95
1546915737735	95
1546915797544	95
1546915797565	94
1546915797573	93
1546915797580	91
1546915797586	89
1546915797593	86
1546915867615	83
1546915867636	80
1546915867644	77
1546915867650	74
1546915867657	71
1546915867664	68
1546915867670	66
1546915927339	64
1546915927360	62
1546915927367	61
1546915927374	60
1546915927380	59
1546915927387	59
1546915987195	59
1546915987214	59
1546915987222	59
1546915987229	59
1546915987236	60
1546915987243	60
1546915987249	60
1546916056706	61
1546916056716	60
1546916056719	60
1546916056722	59
1546916056724	58
1546916056727	56
1546916116969	55
1546916116988	52
1546916116995	50
1546916117002	48
1546916117008	45
1546916117014	43
1546916187030	41
1546916187051	39
1546916187059	37
1546916187066	35
1546916187072	34
1546916187078	32
1546916187084	31
1546916246756	30
1546916246773	29
1546916246781	28
1546916246787	27
1546916246793	26
1546916246799	25
1546916306425	24
1546916306434	22
1546916306437	21
1546916306440	19
1546916306442	17
1546916306445	15
1546916306447	13
1546916376442	11
1546916376460	9
1546916376467	8
1546916376474	6
1546916376480	5
1546916376486	5
1546916436630	5
1546916436651	5
1546916436660	5
1546916436666	5
1546916436672	5
1546916436679	6
1546916506182	8
1546916506202	11
1546916506210	15
1546916506216	20
1546916506223	25
1546916506229	32
1546916506235	39
1546916565994	46
1546916566012	53
1546916566020	60
1546916566026	66
1546916566033	71
1546916566039	75
1546916625994	78
1546916626012	80
1546916626019	81
1546916626025	81
1546916626031	80
1546916626038	79
1546916626044	76
1546916695834	74
1546916695855	71
1546916695864	68
1546916695871	65
1546916695878	62
1546916695885	59
1546916755939	56
1546916755957	54
1546916755965	52
1546916755971	50
1546916755978	49
1546916755984	48
1546916825883	47
1546916825901	47
1546916825909	47
1546916825915	47
1546916825922	47
1546916825928	48
1546916825934	48
1546916885499	49
1546916885514	49
1546916885517	50
1546916885519	50
1546916885522	50
1546916885525	49
1546916945446	49
1546916945468	48
1546916945477	47
1546916945484	46
1546916945491	45
1546916945498	43
1546916945505	42
1546917015443	41
1546917015464	39
1546917015472	38
1546917015479	37
1546917015485	36
1546917015491	35
1546917075192	34
1546917075206	34
1546917075211	33
1546917075216	33
1546917075221	32
1546917075226	32
1546917145127	32
1546917145145	31
1546917145150	31
1546917145155	31
1546917145159	30
1546917145164	30
1546917145168	30
1546917204987	29
1546917205002	29
1546917205008	28
1546917205013	28
1546917205017	27
1546917205022	27
1546917264841	27
1546917264852	27
1546917264855	27
1546917264857	29
1546917264859	31
1546917264862	34
1546917264864	38
1546917334840	43
1546917334860	49
1546917334867	56
1546917334873	63
1546917334880	71
1546917334886	79
1546917394672	86
1546917394681	93
1546917394683	95
1546917394686	95
1546917394688	95
1546917394690	95
1546917464617	95
1546917464636	95
1546917464644	94
1546917464652	93
1546917464659	92
1546917464666	90
1546917464673	89
1546917524518	87
1546917524528	85
1546917524531	83
1546917524533	81
1546917524536	79
1546917524538	77
1546917584546	75
1546917584564	74
1546917584571	72
1546917584577	71
1546917584583	70
1546917584588	70
1546917584594	69
1546917654620	69
1546917654638	69
1546917654645	69
1546917654651	70
1546917654657	70
1546917654663	70
1546917714437	70
1546917714454	71
1546917714460	70
1546917714465	70
1546917714471	70
1546917714476	69
1546917784611	68
1546917784633	67
1546917784641	65
1546917784647	64
1546917784653	62
1546917784660	60
1546917784665	58
1546917844220	56
1546917844238	55
1546917844245	53
1546917844252	52
1546917844258	51
1546917844264	49
1546917904597	49
1546917904618	48
1546917904625	47
1546917904632	47
1546917904638	46
1546917904644	46
1546917904650	45
1546917974334	45
1546917974356	44
1546917974364	43
1546917974371	43
1546917974377	42
1546917974384	41
1546918033808	40
1546918033826	39
1546918033834	37
1546918033840	36
1546918033846	35
1546918033852	34
1546918104000	34
1546918104019	34
1546918104026	35
1546918104033	36
1546918104039	39
1546918104045	43
1546918104051	47
1546918163898	53
1546918163907	59
1546918163910	65
1546918163913	72
1546918163916	78
1546918163918	84
1546918223584	90
1546918223602	94
1546918223609	95
1546918223616	95
1546918223622	95
1546918223628	95
1546918223634	94
1546918293742	94
1546918293761	93
1546918293770	91
1546918293777	89
1546918293783	88
1546918293790	86
1546918353565	84
1546918353575	82
1546918353578	80
1546918353581	78
1546918353583	77
1546918353586	75
1546918423182	74
1546918423191	72
1546918423194	71
1546918423196	70
1546918423198	69
1546918423200	68
1546918423202	67
1546918483208	67
1546918483229	66
1546918483237	66
1546918483243	66
1546918483250	66
1546918483256	66
1546918543492	66
1546918543513	66
1546918543520	66
1546918543527	66
1546918543534	66
1546918543540	65
1546918543546	64
1546918613282	63
1546918613301	62
1546918613308	61
1546918613315	59
1546918613321	58
1546918613327	56
1546918673394	54
1546918673407	53
1546918673411	51
1546918673414	50
1546918673417	48
1546918673420	47
1546918742878	46
1546918742897	46
1546918742904	45
1546918742910	44
1546918742916	44
1546918742922	44
1546918742928	43
1546918802794	43
1546918802815	42
1546918802823	42
1546918802829	41
1546918802836	40
1546918802842	39
1546918862952	38
1546918862970	37
1546918862978	37
1546918862985	36
1546918862991	35
1546918862997	34
1546918863003	33
1546918932858	33
1546918932875	32
1546918932883	33
1546918932889	33
1546918932895	35
1546918932901	37
1546918992498	41
1546918992512	45
1546918992518	50
1546918992522	55
1546918992527	61
1546918992532	67
1546919062865	73
1546919062886	79
1546919062894	84
1546919062901	88
1546919062907	91
1546919062914	94
1546919062919	95
1546919122539	95
1546919122557	94
1546919122565	94
1546919122571	93
1546919122578	91
1546919122584	90
1546919182143	88
1546919182153	86
1546919182157	84
1546919182160	82
1546919182162	80
1546919182165	79
1546919182167	77
1546919252038	75
1546919252047	74
1546919252050	73
1546919252053	71
1546919252056	70
1546919252058	69
1546919312288	69
1546919312306	69
1546919312313	68
1546919312320	68
1546919312326	68
1546919312332	68
1546919382032	69
1546919382050	69
1546919382058	69
1546919382064	69
1546919382071	69
1546919382077	68
1546919382083	68
1546919441885	67
1546919441908	66
1546919441916	64
1546919441924	63
1546919441931	61
1546919441939	60
1546919501731	58
1546919501749	57
1546919501756	55
1546919501763	53
1546919501769	52
1546919501775	51
1546919501781	50
1546919571584	49
1546919571593	48
1546919571596	47
1546919571598	46
1546919571600	45
1546919571602	45
1546919631866	44
1546919631885	43
1546919631892	42
1546919631898	41
1546919631904	40
1546919631910	39
1546919701459	38
1546919701477	37
1546919701484	36
1546919701491	35
1546919701497	35
1546919701503	34
1546919701509	33
1546919761396	32
1546919761414	32
1546919761421	31
1546919761428	31
1546919761434	31
1546919761440	31
1546919821633	32
1546919821652	34
1546919821659	36
1546919821665	40
1546919821671	44
1546919821677	50
1546919821683	55
1546919891268	61
1546919891287	67
1546919891294	74
1546919891301	79
1546919891307	85
1546919891313	89
1546919951508	93
1546919951529	95
1546919951537	95
1546919951544	95
1546919951550	94
1546919951557	94
1546920021080	93
1546920021097	92
1546920021102	90
1546920021107	88
1546920021112	86
1546920021116	84
1546920021121	82
1546920080924	80
1546920080946	78
1546920080954	76
1546920080962	74
1546920080968	73
1546920080976	71
1546920141349	70
1546920141370	69
1546920141377	68
1546920141384	67
1546920141390	67
1546920141396	66
1546920141402	65
1546920210714	64
1546920210731	63
1546920210738	62
1546920210745	60
1546920210751	59
1546920210757	57
1546920270738	54
1546920270756	52
1546920270764	50
1546920270771	47
1546920270777	45
1546920270783	43
1546920340550	41
1546920340569	40
1546920340576	39
1546920340582	38
1546920340588	38
1546920340594	38
1546920340600	39
1546920400823	41
1546920400845	42
1546920400852	44
1546920400859	46
1546920400865	48
1546920400872	50
1546920460370	52
1546920460388	54
1546920460396	55
1546920460402	55
1546920460408	55
1546920460414	55
1546920460420	54
1546920530235	52
1546920530254	51
1546920530263	49
1546920530270	47
1546920530277	45
1546920530284	43
1546920590131	41
1546920590149	39
1546920590157	37
1546920590163	36
1546920590169	34
1546920590175	33
1546920660108	32
1546920660126	31
1546920660133	31
1546920660140	31
1546920660146	33
1546920660152	35
1546920660158	38
1546920719990	42
1546920720009	47
1546920720016	53
1546920720023	59
1546920720029	66
1546920720035	72
1546920780232	79
1546920780254	85
1546920780262	90
1546920780269	94
1546920780276	95
1546920780282	95
1546920780289	95
1546920850116	94
1546920850134	94
1546920850142	93
1546920850148	92
1546920850154	90
1546920850160	87
1546920909666	85
1546920909675	83
1546920909678	80
1546920909681	78
1546920909684	76
1546920909686	74
1546920979639	72
1546920979657	70
1546920979665	69
1546920979671	68
1546920979677	67
1546920979683	67
1546920979689	67
1546921039365	67
1546921039374	67
1546921039377	66
1546921039380	66
1546921039382	66
1546921039385	65
1546921099281	65
1546921099290	64
1546921099293	62
1546921099296	61
1546921099298	60
1546921099301	58
1546921099303	56
1546921169555	55
1546921169572	53
1546921169580	51
1546921169586	50
1546921169606	48
1546921169612	47
1546921229189	45
1546921229208	44
1546921229217	43
1546921229224	42
1546921229231	41
1546921229238	40
1546921299313	39
1546921299322	38
1546921299326	36
1546921299329	35
1546921299331	34
1546921299334	33
1546921299336	32
1546921359068	30
1546921359089	29
1546921359097	28
1546921359104	27
1546921359110	26
1546921359117	26
1546921419189	25
1546921419208	24
1546921419215	24
1546921419221	24
1546921419227	23
1546921419234	23
1546921419240	23
1546921489132	22
1546921489150	22
1546921489158	22
1546921489164	23
1546921489170	24
1546921489176	26
1546921548990	28
1546921549009	32
1546921549016	36
1546921549023	41
1546921549029	46
1546921549035	52
1546921619059	58
1546921619080	64
1546921619088	69
1546921619094	74
1546921619101	78
1546921619107	81
1546921619113	83
1546921678918	85
1546921678939	85
1546921678947	85
1546921678954	84
1546921678960	82
1546921678966	80
1546921738414	78
1546921738429	75
1546921738436	73
1546921738441	71
1546921738447	68
1546921738452	67
1546921738457	65
1546921808367	64
1546921808388	63
1546921808396	63
1546921808403	63
1546921808409	63
1546921808415	64
1546921868577	65
1546921868598	66
1546921868607	67
1546921868613	68
1546921868620	69
1546921868627	70
1546921938053	70
1546921938062	70
1546921938065	70
1546921938068	70
1546921938071	70
1546921938073	69
1546921938076	68
1546921998765	67
1546921998786	66
1546921998794	65
1546921998801	64
1546921998808	63
1546921998814	62
1546922058032	61
1546922058053	60
1546922058061	59
1546922058068	58
1546922058074	57
1546922058081	56
1546922058087	55
1546922127765	54
1546922127774	53
1546922127776	52
1546922127778	51
1546922127780	50
1546922127783	48
1546922187687	47
1546922187697	47
1546922187699	46
1546922187702	45
1546922187704	45
1546922187706	44
1546922257585	44
1546922257598	43
1546922257604	43
1546922257608	43
1546922257613	43
1546922257617	42
1546922257621	43
1546922317586	43
1546922317605	44
1546922317612	46
1546922317619	48
1546922317625	51
1546922317631	56
1546922377505	60
1546922377523	66
1546922377531	72
1546922377537	79
1546922377543	85
1546922377550	92
1546922377555	95
1546922447662	95
1546922447681	95
1546922447689	95
1546922447696	95
1546922447702	95
1546922447708	95
1546922507690	94
1546922507712	93
1546922507720	92
1546922507727	91
1546922507733	89
1546922507739	87
1546922577427	85
1546922577450	83
1546922577458	81
1546922577466	80
1546922577473	78
1546922577479	77
1546922577485	76
1546922637076	75
1546922637094	74
1546922637101	74
1546922637108	74
1546922637114	74
1546922637121	74
1546922697308	74
1546922697326	75
1546922697334	75
1546922697340	75
1546922697346	75
1546922697352	74
1546922697358	74
1546922767014	73
1546922767032	72
1546922767039	71
1546922767046	69
1546922767052	68
1546922767058	66
1546922826773	65
1546922826782	63
1546922826785	62
1546922826788	60
1546922826791	59
1546922826794	58
1546922896810	57
1546922896827	56
1546922896834	55
1546922896841	54
1546922896847	53
1546922896854	52
1546922896859	52
1546922956707	51
1546922956723	50
1546922956731	49
1546922956735	48
1546922956739	47
1546922956743	47
1546923016673	46
1546923016692	45
1546923016700	44
1546923016707	44
1546923016714	43
1546923016721	42
1546923016727	42
1546923086649	41
1546923086662	40
1546923086668	40
1546923086672	39
1546923086677	39
1546923086681	39
1546923146356	39
1546923146369	40
1546923146375	42
1546923146379	44
1546923146384	47
1546923146388	51
1546923216291	55
1546923216305	60
1546923216311	65
1546923216316	70
1546923216320	75
1546923216325	80
1546923216329	84
1546923276122	87
1546923276131	89
1546923276133	91
1546923276136	92
1546923276138	92
1546923276140	92
1546923336250	90
1546923336269	89
1546923336277	87
1546923336285	85
1546923336292	83
1546923336299	81
1546923336305	79
1546923406292	77
1546923406310	75
1546923406317	73
1546923406324	72
1546923406329	71
1546923406336	70
1546923466000	69
1546923466018	69
1546923466025	68
1546923466032	68
1546923466038	68
1546923466044	68
1546923535913	68
1546923535934	67
1546923535941	67
1546923535948	67
1546923535955	67
1546923535961	66
1546923535967	65
1546923595779	65
1546923595797	64
1546923595804	63
1546923595811	62
1546923595817	61
1546923595823	60
1546923655652	59
1546923655662	58
1546923655665	57
1546923655667	57
1546923655669	56
1546923655671	55
1546923655673	54
1546923725547	53
1546923725560	52
1546923725566	51
1546923725571	50
1546923725575	49
1546923725580	48
1546923785659	47
1546923785680	45
1546923785688	44
1546923785694	43
1546923785700	42
1546923785707	41
1546923855446	41
1546923855464	40
1546923855472	39
1546923855478	39
1546923855485	38
1546923855491	38
1546923855497	37
1546923915178	36
1546923915186	36
1546923915190	35
1546923915192	34
1546923915195	33
1546923915197	32
1546923975272	31
1546923975294	31
1546923975302	32
1546923975309	34
1546923975316	36
1546923975322	40
1546923975329	44
1546924045155	49
1546924045176	55
1546924045183	60
1546924045190	67
1546924045196	72
1546924045202	78
1546924105446	83
1546924105459	87
1546924105465	90
1546924105469	92
1546924105474	93
1546924105478	93
1546924174900	93
1546924174918	92
1546924174926	91
1546924174932	89
1546924174938	87
1546924174944	85
1546924174950	83
1546924234825	81
1546924234839	79
1546924234844	78
1546924234849	77
1546924234853	76
1546924234858	75
1546924294744	75
1546924294762	75
1546924294771	75
1546924294778	75
1546924294784	76
1546924294791	76
1546924294798	76
1546924364650	76
1546924364661	76
1546924364664	75
1546924364667	75
1546924364670	74
1546924364672	74
1546924424961	73
1546924424982	72
1546924424989	71
1546924424996	70
1546924425002	69
1546924425008	68
1546924494733	67
1546924494751	67
1546924494759	66
1546924494765	66
1546924494772	65
1546924494778	64
1546924494784	64
1546924554362	63
1546924554376	62
1546924554382	61
1546924554387	60
1546924554392	58
1546924554396	56
1546924614235	55
1546924614249	53
1546924614254	50
1546924614259	48
1546924614264	46
1546924614268	44
1546924614272	42
1546924684592	40
1546924684610	38
1546924684618	36
1546924684624	34
1546924684630	33
1546924684637	31
1546924744221	30
1546924744239	28
1546924744247	27
1546924744253	26
1546924744260	24
1546924744266	23
1546924814289	21
1546924814307	20
1546924814314	20
1546924814321	19
1546924814327	20
1546924814333	22
1546924814339	25
1546924874211	29
1546924874230	34
1546924874237	40
1546924874244	46
1546924874250	53
1546924874256	60
1546924933954	66
1546924933968	73
1546924933974	78
1546924933978	83
1546924933983	86
1546924933987	89
1546924933992	90
1546925003715	91
1546925003724	90
1546925003728	89
1546925003730	88
1546925003733	86
1546925003735	84
1546925063879	82
1546925063901	80
1546925063909	78
1546925063916	76
1546925063923	75
1546925063930	74
1546925133544	73
1546925133558	72
1546925133563	71
1546925133568	71
1546925133572	70
1546925133577	70
1546925133581	69
1546925193840	69
1546925193859	68
1546925193867	68
1546925193873	67
1546925193880	67
1546925193886	66
1546925253857	65
1546925253878	64
1546925253886	63
1546925253894	62
1546925253900	61
1546925253907	60
1546925253913	59
1546925323228	57
1546925323237	56
1546925323239	54
1546925323242	52
1546925323244	50
1546925323246	48
1546925383486	45
1546925383503	43
1546925383510	41
1546925383517	38
1546925383523	36
1546925383529	34
1546925453085	31
1546925453101	29
1546925453108	28
1546925453113	26
1546925453119	25
1546925453124	23
1546925453129	22
1546925513178	21
1546925513200	20
1546925513209	19
1546925513215	18
1546925513222	17
1546925513229	16
1546925573301	15
1546925573315	14
1546925573321	12
1546925573325	11
1546925573329	10
1546925573334	8
1546925573338	7
1546925642802	5
1546925642816	5
1546925642822	5
1546925642827	5
1546925642831	5
1546925642836	6
1546925702811	8
1546925702828	11
1546925702836	16
1546925702843	21
1546925702849	27
1546925702855	34
1546925772938	41
1546925772956	48
1546925772964	54
1546925772970	61
1546925772976	66
1546925772982	70
1546925772988	73
1546925832567	76
1546925832581	76
1546925832586	76
1546925832591	76
1546925832595	74
1546925832599	72
1546925892633	69
1546925892642	67
1546925892645	64
1546925892648	62
1546925892651	59
1546925892654	58
1546925892656	56
1546925962788	55
1546925962808	55
1546925962816	55
1546925962822	55
1546925962828	55
1546925962835	56
1546926022255	57
1546926022270	59
1546926022277	60
1546926022283	61
1546926022288	63
1546926022293	64
1546926092100	65
1546926092109	66
1546926092112	66
1546926092115	66
1546926092118	66
1546926092120	66
1546926092122	66
1546926152103	66
1546926152120	65
1546926152128	65
1546926152134	64
1546926152141	64
1546926152147	64
1546926212101	63
1546926212121	63
1546926212129	63
1546926212136	63
1546926212142	63
1546926212149	63
1546926212155	63
1546926281928	62
1546926281937	61
1546926281940	60
1546926281943	58
1546926281946	56
1546926281948	53
1546926341784	49
1546926341800	46
1546926341806	42
1546926341812	37
1546926341817	33
1546926341823	28
1546926411793	24
1546926411813	20
1546926411821	16
1546926411828	13
1546926411834	10
1546926411841	7
1546926411847	5
1546926471663	5
1546926471681	5
1546926471689	5
1546926471695	6
1546926471701	9
1546926471708	13
1546926531620	18
1546926531641	24
1546926531649	31
1546926531655	40
1546926531662	48
1546926531669	58
1546926531676	67
1546926601858	75
1546926601880	83
1546926601888	90
1546926601894	95
1546926601901	95
1546926601907	95
1546926661789	95
1546926661811	94
1546926661819	94
1546926661826	92
1546926661833	90
1546926661839	87
1546926731621	84
1546926731639	81
1546926731647	78
1546926731653	75
1546926731659	72
1546926731665	70
1546926731671	68
1546926791465	67
1546926791483	66
1546926791490	65
1546926791497	65
1546926791503	65
1546926791509	66
1546926851210	66
1546926851228	67
1546926851236	68
1546926851242	69
1546926851248	70
1546926851254	71
1546926851260	71
1546926921116	72
1546926921134	72
1546926921141	72
1546926921148	71
1546926921154	70
1546926921160	69
1546926981045	67
1546926981068	66
1546926981076	64
1546926981083	62
1546926981092	60
1546926981101	58
1546927050848	56
1546927050866	54
1546927050874	52
1546927050880	50
1546927050886	49
1546927050892	47
1546927050898	46
1546927111046	45
1546927111065	44
1546927111073	43
1546927111079	42
1546927111085	42
1546927111091	41
1546927170596	40
1546927170605	40
1546927170608	39
1546927170610	38
1546927170612	38
1546927170614	37
1546927170616	36
1546927240510	35
1546927240519	33
1546927240521	32
1546927240524	31
1546927240526	29
1546927240528	28
1546927300557	27
1546927300576	27
1546927300584	28
1546927300590	29
1546927300596	32
1546927300602	35
1546927370440	39
1546927370458	44
1546927370465	50
1546927370472	56
1546927370478	63
1546927370484	69
1546927370490	75
1546927430717	81
1546927430738	85
1546927430746	89
1546927430753	92
1546927430759	94
1546927430766	95
1546927490493	95
1546927490512	94
1546927490519	94
1546927490525	93
1546927490531	91
1546927490538	90
1546927490544	89
1546927560396	88
1546927560411	86
1546927560418	85
1546927560424	84
1546927560429	83
1546927560434	82
1546927620323	81
1546927620335	81
1546927620338	80
1546927620341	79
1546927620344	79
1546927620347	78
1546927690052	78
1546927690071	77
1546927690078	77
1546927690085	76
1546927690091	76
1546927690097	75
1546927690103	75
1546927749893	74
1546927749907	73
1546927749912	73
1546927749917	72
1546927749921	71
1546927749926	70
1546927810173	69
1546927810191	67
1546927810198	66
1546927810205	65
1546927810211	63
1546927810217	62
1546927810223	61
