0	48
1	47
2	47
3	47
4	47
5	47
6	47
7	47
8	47
9	47
10	47
11	47
12	47
13	47
14	47
15	47
16	47
17	47
18	47
19	47
20	47
21	47
22	47
23	47
24	47
25	47
26	47
27	47
28	48
29	48
30	48
31	48
32	48
33	48
34	48
35	48
36	48
37	48
38	48
39	48
40	48
41	48
42	48
43	48
44	48
45	48
46	49
47	49
48	49
49	49
50	49
51	49
52	49
53	49
54	49
55	49
56	49
57	49
58	49
59	49
60	49
61	49
62	49
63	49
64	50
65	50
66	50
67	50
68	50
69	50
70	51
71	50
72	50
73	50
74	50
75	50
76	50
77	50
78	50
79	50
80	50
81	49
82	49
83	49
84	49
85	49
86	48
87	48
88	48
89	48
90	47
91	47
92	47
93	46
94	46
95	46
96	46
97	46
98	45
99	45
100	45
101	45
102	45
103	44
104	44
105	44
106	44
107	44
108	44
109	44
110	44
111	44
112	44
113	44
114	45
115	45
116	45
117	45
118	46
119	46
120	47
121	47
122	47
123	47
124	47
125	47
126	47
127	47
128	47
129	47
130	47
131	47
132	46
133	46
134	46
135	46
136	45
137	45
138	45
139	45
140	44
141	44
142	44
143	44
144	44
145	44
146	44
147	44
148	44
149	44
150	44
151	44
152	44
153	45
154	45
155	45
156	45
157	45
158	45
159	45
160	44
161	44
162	44
163	44
164	44
165	44
166	44
167	44
168	44
169	44
170	44
171	44
172	44
173	44
174	44
175	44
176	44
177	44
178	44
179	45
180	45
181	45
182	45
183	45
184	45
185	45
186	45
187	45
188	45
189	45
190	45
191	45
192	45
193	45
194	45
195	45
196	45
197	45
198	45
199	46
200	46
201	47
202	47
203	48
204	48
205	48
206	49
207	49
208	49
209	49
210	50
211	50
212	50
213	50
214	49
215	49
216	49
217	49
218	49
219	49
220	49
221	49
222	49
223	49
224	49
225	49
226	49
227	49
228	49
229	49
230	49
231	49
232	49
233	49
234	50
235	50
236	50
237	50
238	50
239	51
240	51
241	51
242	51
243	51
244	51
245	51
246	51
247	51
248	51
249	51
250	50
251	50
252	50
253	50
254	50
255	49
256	49
257	49
258	49
259	49
260	49
261	48
262	48
263	48
264	48
265	48
266	48
267	48
268	48
269	47
270	47
271	47
272	47
273	47
274	47
275	47
276	48
277	48
278	48
279	48
280	48
281	49
282	49
283	49
284	49
285	49
286	49
287	50
288	50
289	50
290	50
291	50
292	50
293	50
294	50
295	49
296	49
297	49
298	49
299	49
300	49
301	48
302	48
303	48
304	48
305	48
306	48
307	48
308	48
309	48
310	48
311	48
312	48
313	48
314	48
315	48
316	48
317	48
318	48
319	49
320	49
321	49
322	49
323	49
324	49
325	49
326	49
327	49
328	49
329	49
330	48
331	48
332	48
333	48
334	48
335	48
336	48
337	48
338	47
339	47
340	47
341	47
342	47
343	47
344	46
345	46
346	46
347	46
348	45
349	45
350	45
351	45
352	45
353	45
354	46
355	46
356	46
357	46
358	47
359	47
360	47
361	48
362	48
363	49
364	49
365	49
366	50
367	50
368	50
369	50
370	50
371	50
372	50
373	50
374	50
375	50
376	50
377	50
378	49
379	49
380	49
381	49
382	49
383	49
384	48
385	48
386	48
387	48
388	48
389	48
390	48
391	48
392	48
393	48
394	48
395	48
396	48
397	48
398	48
399	48
400	48
401	48
402	48
403	49
404	49
405	49
406	49
407	49
408	49
409	49
410	48
411	48
412	48
413	48
414	48
415	48
416	48
417	48
418	48
419	47
420	47
421	47
422	47
423	47
424	47
425	46
426	46
427	46
428	46
429	46
430	45
431	45
432	45
433	45
434	44
435	44
436	44
437	44
438	44
439	44
440	44
441	44
442	44
443	44
444	45
445	45
446	46
447	46
448	46
449	47
450	48
451	48
452	49
453	49
454	50
455	50
456	50
457	50
458	50
459	50
460	50
461	50
462	50
463	50
464	50
465	49
466	49
467	49
468	49
469	49
470	48
471	48
472	48
473	48
474	48
475	48
476	47
477	47
478	47
479	47
480	47
481	47
482	46
483	46
484	46
485	46
486	45
487	45
488	45
489	44
490	44
491	44
492	43
493	43
494	43
495	43
496	42
497	42
498	42
499	42
500	42
501	42
502	42
503	42
504	42
505	42
506	41
507	41
508	41
509	41
510	41
511	41
512	41
513	41
514	41
515	41
516	41
517	40
518	40
519	40
520	40
521	40
522	40
523	40
524	40
525	40
526	40
527	40
528	40
529	40
530	40
531	41
532	41
533	42
534	43
535	44
536	45
537	46
538	46
539	47
540	47
541	48
542	49
543	49
544	49
545	49
546	49
547	49
548	49
549	49
550	49
551	48
552	48
553	48
554	48
555	47
556	47
557	47
558	47
559	47
560	47
561	47
562	47
563	47
564	46
565	46
566	46
567	46
568	46
569	46
570	45
571	45
572	45
573	45
574	45
575	44
576	44
577	44
578	44
579	44
580	44
581	43
582	43
583	43
584	43
585	43
586	43
587	43
588	43
589	42
590	42
591	42
592	42
593	42
594	42
595	42
596	42
597	42
598	42
599	42
600	42
601	42
602	42
603	42
604	42
605	42
606	42
607	42
608	43
609	44
610	44
611	45
612	46
613	46
614	47
615	47
616	48
617	49
618	49
619	50
620	50
621	50
622	50
623	50
624	50
625	50
626	50
627	50
628	50
629	49
630	49
631	49
632	48
633	48
634	48
635	48
636	48
637	48
638	48
639	48
640	48
641	48
642	48
643	48
644	48
645	48
646	48
647	48
648	48
649	48
650	48
651	48
652	48
653	47
654	47
655	47
656	47
657	47
658	46
659	46
660	46
661	45
662	45
663	45
664	44
665	44
666	44
667	44
668	43
669	43
670	43
671	43
672	42
673	42
674	42
675	42
676	42
677	41
678	41
679	41
680	41
681	41
682	40
683	40
684	40
685	40
686	40
687	40
688	39
689	39
690	39
691	39
692	40
693	40
694	41
695	42
696	42
697	43
698	44
699	46
700	47
701	48
702	49
703	50
704	51
705	51
706	51
707	51
708	52
709	52
710	52
711	52
712	51
713	51
714	51
715	50
716	50
717	49
718	49
719	49
720	49
721	48
722	48
723	48
724	48
725	48
726	48
727	48
728	48
729	48
730	47
731	47
732	47
733	47
734	47
735	47
736	47
737	47
738	46
739	46
740	46
741	45
742	45
743	45
744	44
745	44
746	43
747	43
748	43
749	42
750	42
751	42
752	42
753	41
754	41
755	41
756	41
757	40
758	40
759	40
760	40
761	40
762	39
763	39
764	39
765	39
766	39
767	39
768	39
769	38
770	38
771	38
772	38
773	38
774	38
775	38
776	38
777	38
778	38
779	38
780	39
781	40
782	41
783	41
784	42
785	43
786	44
787	45
788	47
789	48
790	50
791	51
792	53
793	53
794	53
795	53
796	53
797	53
798	53
799	53
800	52
801	52
802	51
803	51
804	51
805	50
806	50
807	50
808	49
809	49
810	49
811	49
812	48
813	48
814	48
815	48
816	47
817	47
818	47
819	46
820	45
821	44
822	44
823	43
824	42
825	41
826	40
827	39
828	39
829	38
830	37
831	37
832	37
833	37
834	37
835	37
836	37
837	37
838	37
839	37
840	38
841	38
842	38
843	38
844	38
845	38
846	37
847	37
848	37
849	37
850	36
851	35
852	34
853	32
854	31
855	30
856	28
857	28
858	27
859	27
860	27
861	26
862	26
863	27
864	28
865	29
866	31
867	32
868	33
869	34
870	35
871	36
872	37
873	38
874	39
875	41
876	40
877	40
878	40
879	40
880	40
881	40
882	40
883	39
884	39
885	38
886	38
887	37
888	37
889	36
890	36
891	36
892	36
893	35
894	35
895	35
896	35
897	35
898	35
899	35
900	35
901	35
902	34
903	34
904	34
905	33
906	33
907	33
908	32
909	32
910	32
911	31
912	31
913	30
914	30
915	30
916	29
917	29
918	28
919	28
920	28
921	27
922	27
923	27
924	27
925	26
926	26
927	26
928	26
929	26
930	26
931	26
932	26
933	26
934	26
935	26
936	26
937	26
938	26
939	27
940	27
941	28
942	28
943	29
944	29
945	30
946	30
947	32
948	34
949	36
950	38
951	39
952	41
953	42
954	43
955	44
956	45
957	46
958	47
959	47
960	47
961	47
962	46
963	46
964	46
965	46
966	45
967	45
968	44
969	44
970	44
971	43
972	43
973	43
974	42
975	42
976	42
977	42
978	42
979	41
980	41
981	41
982	41
983	41
984	41
985	40
986	40
987	40
988	40
989	40
990	40
991	39
992	39
993	39
994	38
995	38
996	38
997	37
998	37
999	37
1000	36
1001	36
1002	36
1003	36
1004	35
1005	35
1006	35
1007	35
1008	35
1009	34
1010	34
1011	34
1012	34
1013	34
1014	33
1015	33
1016	33
1017	33
1018	32
1019	32
1020	32
1021	32
1022	31
1023	31
1024	31
1025	31
1026	30
1027	30
1028	30
1029	30
1030	30
1031	31
1032	32
1033	32
1034	33
1035	33
1036	35
1037	37
1038	38
1039	40
1040	42
1041	43
1042	45
1043	46
1044	47
1045	48
1046	49
1047	50
1048	51
1049	51
1050	50
1051	50
1052	50
1053	49
1054	49
1055	48
1056	47
1057	47
1058	46
1059	45
1060	45
1061	44
1062	44
1063	43
1064	43
1065	43
1066	42
1067	42
1068	42
1069	42
1070	42
1071	41
1072	41
1073	41
1074	41
1075	41
1076	40
1077	40
1078	39
1079	39
1080	39
1081	38
1082	37
1083	37
1084	36
1085	36
1086	35
1087	35
1088	35
1089	35
1090	34
1091	34
1092	34
1093	34
1094	33
1095	33
1096	33
1097	33
1098	33
1099	32
1100	32
1101	32
1102	32
1103	31
1104	31
1105	31
1106	31
1107	30
1108	30
1109	29
1110	29
1111	28
1112	28
1113	27
1114	27
1115	27
1116	26
1117	26
1118	25
1119	25
1120	25
1121	25
1122	25
1123	25
1124	25
1125	25
1126	26
1127	28
1128	29
1129	31
1130	32
1131	34
1132	35
1133	37
1134	38
1135	40
1136	41
1137	43
1138	44
1139	44
1140	44
1141	44
1142	44
1143	44
1144	44
1145	43
1146	42
1147	41
1148	40
1149	39
1150	38
1151	37
1152	37
1153	36
1154	35
1155	35
1156	34
1157	34
1158	33
1159	33
1160	33
1161	33
1162	33
1163	32
1164	32
1165	32
1166	32
1167	31
1168	31
1169	31
1170	31
1171	30
1172	29
1173	29
1174	28
1175	28
1176	27
1177	27
1178	26
1179	26
1180	25
1181	25
1182	24
1183	24
1184	24
1185	24
1186	23
1187	23
1188	23
1189	23
1190	23
1191	23
1192	23
1193	23
1194	23
1195	23
1196	23
1197	23
1198	23
1199	23
1200	23
1201	23
1202	24
1203	23
1204	23
1205	23
1206	23
1207	23
1208	23
1209	23
1210	23
1211	23
1212	23
1213	23
1214	24
1215	25
1216	26
1217	27
1218	29
1219	30
1220	31
1221	33
1222	34
1223	36
1224	38
1225	40
1226	42
1227	44
1228	45
1229	46
1230	47
1231	48
1232	49
1233	50
1234	51
1235	51
1236	52
1237	52
1238	53
1239	53
1240	53
1241	54
1242	54
1243	54
1244	54
1245	54
1246	55
1247	55
1248	55
1249	55
1250	56
1251	56
1252	56
1253	56
1254	56
1255	56
1256	55
1257	55
1258	55
1259	54
1260	53
1261	52
1262	51
1263	50
1264	48
1265	47
1266	46
1267	44
1268	42
1269	41
1270	39
1271	37
1272	35
1273	34
1274	33
1275	32
1276	30
1277	29
1278	28
1279	28
1280	28
1281	28
1282	28
1283	28
1284	28
1285	28
1286	29
1287	30
1288	31
1289	31
1290	32
1291	33
1292	33
1293	34
1294	34
1295	35
1296	35
1297	35
1298	36
1299	37
1300	39
1301	40
1302	41
1303	42
1304	44
1305	46
1306	48
1307	51
1308	53
1309	56
1310	58
1311	59
1312	59
1313	60
1314	60
1315	61
1316	61
1317	62
1318	61
1319	61
1320	60
1321	59
1322	58
1323	58
1324	57
1325	57
1326	56
1327	56
1328	55
1329	55
1330	54
1331	54
1332	55
1333	55
1334	55
1335	55
1336	55
1337	55
1338	56
1339	56
1340	56
1341	56
1342	56
1343	55
1344	55
1345	54
1346	53
1347	53
1348	52
1349	51
1350	50
1351	48
1352	47
1353	45
1354	44
1355	42
1356	42
1357	41
1358	40
1359	40
1360	39
1361	38
1362	38
1363	38
1364	38
1365	38
1366	38
1367	38
1368	39
1369	39
1370	39
1371	39
1372	40
1373	40
1374	40
1375	40
1376	40
1377	39
1378	39
1379	39
1380	38
1381	38
1382	38
1383	37
1384	37
1385	37
1386	36
1387	36
1388	38
1389	40
1390	42
1391	44
1392	46
1393	48
1394	50
1395	53
1396	55
1397	58
1398	61
1399	64
1400	67
1401	67
1402	67
1403	68
1404	68
1405	68
1406	69
1407	68
1408	67
1409	66
1410	65
1411	64
1412	63
1413	62
1414	61
1415	60
1416	59
1417	58
1418	57
1419	56
1420	56
1421	55
1422	54
1423	53
1424	53
1425	52
1426	51
1427	51
1428	50
1429	49
1430	49
1431	48
1432	47
1433	47
1434	46
1435	45
1436	44
1437	44
1438	43
1439	42
1440	42
1441	41
1442	41
1443	40
1444	40
1445	39
1446	38
1447	38
1448	37
1449	36
1450	36
1451	35
1452	34
1453	34
1454	33
1455	33
1456	32
1457	32
1458	31
1459	30
1460	30
1461	29
1462	29
1463	28
1464	28
1465	28
1466	28
1467	28
1468	28
1469	28
1470	29
1471	31
1472	32
1473	33
1474	34
1475	36
1476	37
1477	41
1478	45
1479	48
1480	52
1481	56
1482	60
1483	62
1484	65
1485	67
1486	70
1487	72
1488	74
1489	77
1490	75
1491	74
1492	73
1493	71
1494	70
1495	69
1496	66
1497	64
1498	62
1499	60
1500	58
1501	56
1502	54
1503	53
1504	52
1505	51
1506	50
1507	49
1508	48
1509	47
1510	46
1511	45
1512	44
1513	44
1514	43
1515	42
1516	41
1517	40
1518	40
1519	39
1520	38
1521	37
1522	36
1523	35
1524	35
1525	34
1526	33
1527	32
1528	31
1529	30
1530	29
1531	29
1532	28
1533	27
1534	26
1535	26
1536	25
1537	24
1538	24
1539	23
1540	22
1541	22
1542	21
1543	21
1544	20
1545	20
1546	19
1547	18
1548	18
1549	17
1550	17
1551	16
1552	16
1553	15
1554	14
1555	13
1556	12
1557	12
1558	11
1559	10
1560	10
1561	11
1562	12
1563	12
1564	13
1565	14
1566	16
1567	19
1568	21
1569	24
1570	27
1571	29
1572	32
1573	33
1574	35
1575	36
1576	37
1577	39
1578	40
1579	39
1580	38
1581	37
1582	36
1583	35
1584	34
1585	33
1586	31
1587	30
1588	28
1589	26
1590	25
1591	23
1592	21
1593	20
1594	18
1595	17
1596	15
1597	14
1598	13
1599	12
1600	11
1601	11
1602	10
1603	9
1604	8
1605	8
1606	7
1607	7
1608	6
1609	6
1610	5
1611	6
1612	6
1613	6
1614	6
1615	7
1616	7
1617	7
1618	8
1619	9
1620	11
1621	12
1622	13
1623	14
1624	15
1625	17
1626	18
1627	19
1628	21
1629	22
1630	23
1631	24
1632	25
1633	26
1634	27
1635	28
1636	29
1637	30
1638	32
1639	33
1640	34
1641	35
1642	37
1643	40
1644	43
1645	47
1646	50
1647	53
1648	57
1649	60
1650	65
1651	70
1652	75
1653	80
1654	85
1655	90
1656	90
1657	91
1658	91
1659	92
1660	92
1661	93
1662	92
1663	90
1664	89
1665	88
1666	87
1667	85
1668	84
1669	83
1670	81
1671	80
1672	78
1673	77
1674	76
1675	75
1676	74
1677	73
1678	72
1679	71
1680	70
1681	70
1682	68
1683	67
1684	65
1685	64
1686	62
1687	61
1688	59
1689	56
1690	54
1691	52
1692	50
1693	48
1694	46
1695	44
1696	43
1697	41
1698	39
1699	37
1700	36
1701	35
1702	34
1703	33
1704	32
1705	31
1706	30
1707	30
1708	30
1709	30
1710	29
1711	29
1712	29
1713	29
1714	30
1715	30
1716	31
1717	31
1718	32
1719	32
1720	33
1721	33
1722	33
1723	34
1724	34
1725	35
1726	35
1727	36
1728	37
1729	38
1730	39
1731	39
1732	40
1733	44
1734	47
1735	51
1736	55
1737	58
1738	62
1739	66
1740	69
1741	73
1742	76
1743	80
1744	83
1745	87
1746	88
1747	89
1748	90
1749	91
1750	92
1751	93
1752	92
1753	91
1754	90
1755	89
1756	88
1757	88
1758	86
1759	84
1760	82
1761	81
1762	79
1763	77
1764	76
1765	74
1766	72
1767	70
1768	68
1769	66
1770	64
1771	62
1772	60
1773	59
1774	57
1775	55
1776	54
1777	52
1778	50
1779	48
1780	46
1781	44
1782	42
1783	40
1784	39
1785	38
1786	37
1787	35
1788	34
1789	33
1790	33
1791	32
1792	32
1793	32
1794	31
1795	31
1796	31
1797	30
1798	30
1799	30
1800	29
1801	29
1802	29
1803	28
1804	27
1805	27
1806	26
1807	25
1808	24
1809	24
1810	23
1811	23
1812	23
1813	22
1814	22
1815	22
1816	22
1817	23
1818	23
1819	24
1820	25
1821	25
1822	28
1823	32
1824	35
1825	38
1826	41
1827	45
1828	48
1829	52
1830	56
1831	60
1832	64
1833	68
1834	72
1835	73
1836	74
1837	76
1838	77
1839	78
1840	79
1841	80
1842	80
1843	79
1844	79
1845	78
1846	78
1847	77
1848	76
1849	75
1850	74
1851	73
1852	72
1853	71
1854	70
1855	69
1856	68
1857	67
1858	66
1859	65
1860	64
1861	63
1862	62
1863	61
1864	60
1865	59
1866	58
1867	56
1868	55
1869	54
1870	53
1871	51
1872	50
1873	49
1874	48
1875	47
1876	46
1877	45
1878	45
1879	44
1880	44
1881	43
1882	43
1883	43
1884	42
1885	42
1886	41
1887	40
1888	39
1889	38
1890	37
1891	36
1892	35
1893	33
1894	32
1895	30
1896	28
1897	26
1898	25
1899	24
1900	23
1901	22
1902	22
1903	21
1904	20
1905	19
1906	22
1907	25
1908	27
1909	30
1910	33
1911	36
1912	40
1913	44
1914	48
1915	52
1916	57
1917	61
1918	61
1919	62
1920	62
1921	62
1922	63
1923	63
1924	64
1925	62
1926	60
1927	59
1928	57
1929	56
1930	54
1931	53
1932	52
1933	51
1934	50
1935	49
1936	48
1937	47
1938	46
1939	46
1940	45
1941	45
1942	44
1943	44
1944	43
1945	42
1946	41
1947	40
1948	40
1949	39
1950	38
1951	36
1952	35
1953	34
1954	33
1955	32
1956	31
1957	30
1958	29
1959	29
1960	28
1961	27
1962	26
1963	26
1964	25
1965	24
1966	24
1967	23
1968	22
1969	22
1970	21
1971	20
1972	19
1973	18
1974	17
1975	17
1976	16
1977	15
1978	14
1979	13
1980	12
1981	12
1982	11
1983	11
1984	11
1985	11
1986	11
1987	11
1988	11
1989	14
1990	17
1991	20
1992	23
1993	26
1994	29
1995	33
1996	37
1997	41
1998	45
1999	50
2000	54
2001	58
2002	59
2003	60
2004	61
2005	62
2006	64
2007	65
2008	63
2009	61
2010	60
2011	58
2012	56
2013	55
2014	53
2015	51
2016	49
2017	47
2018	46
2019	44
2020	42
2021	41
2022	39
2023	38
2024	36
2025	35
2026	33
2027	32
2028	32
2029	31
2030	30
2031	29
2032	28
2033	27
2034	26
2035	25
2036	25
2037	24
2038	23
2039	22
2040	21
2041	20
2042	19
2043	17
2044	16
2045	15
2046	14
2047	13
2048	12
2049	11
2050	10
2051	9
2052	8
2053	7
2054	7
2055	6
2056	6
2057	5
2058	5
2059	5
2060	5
2061	5
2062	5
2063	5
2064	5
2065	5
2066	5
2067	5
2068	5
2069	5
2070	5
2071	5
2072	5
2073	5
2074	5
2075	5
2076	5
2077	5
2078	5
2079	6
2080	6
2081	7
2082	8
2083	8
2084	9
2085	13
2086	17
2087	22
2088	26
2089	30
2090	35
2091	38
2092	42
2093	46
2094	50
2095	54
2096	58
2097	62
2098	62
2099	63
2100	63
2101	64
2102	64
2103	65
2104	64
2105	62
2106	61
2107	60
2108	59
2109	58
2110	57
2111	55
2112	54
2113	53
2114	52
2115	50
2116	49
2117	48
2118	46
2119	45
2120	44
2121	42
2122	41
2123	39
2124	37
2125	35
2126	33
2127	31
2128	29
2129	27
2130	25
2131	22
2132	20
2133	17
2134	15
2135	12
2136	11
2137	10
2138	8
2139	7
2140	6
2141	5
2142	5
2143	5
2144	5
2145	5
2146	5
2147	5
2148	5
2149	5
2150	5
2151	5
2152	5
2153	5
2154	5
2155	5
2156	5
2157	5
2158	5
2159	5
2160	5
2161	5
2162	5
2163	5
2164	5
2165	5
2166	5
2167	5
2168	5
2169	5
2170	5
2171	5
2172	5
2173	5
2174	6
2175	7
2176	8
2177	9
2178	10
2179	11
2180	14
2181	17
2182	21
2183	24
2184	28
2185	31
2186	33
2187	35
2188	38
2189	40
2190	42
2191	44
2192	47
2193	47
2194	46
2195	46
2196	46
2197	46
2198	46
2199	45
2200	43
2201	42
2202	41
2203	40
2204	39
2205	38
2206	36
2207	35
2208	34
2209	33
2210	31
2211	30
2212	29
2213	28
2214	27
2215	25
2216	24
2217	23
2218	22
2219	22
2220	21
2221	20
2222	20
2223	19
2224	19
2225	18
2226	18
2227	18
2228	18
2229	18
2230	18
2231	17
2232	17
2233	17
2234	17
2235	17
2236	17
2237	17
2238	16
2239	16
2240	16
2241	16
2242	15
2243	15
2244	14
2245	14
2246	13
2247	13
2248	12
2249	12
2250	11
2251	11
2252	10
2253	10
2254	9
2255	8
2256	8
2257	8
2258	7
2259	7
2260	7
2261	6
2262	6
2263	6
2264	7
2265	8
2266	8
2267	9
2268	9
2269	12
2270	14
2271	17
2272	20
2273	22
2274	25
2275	27
2276	30
2277	32
2278	34
2279	36
2280	38
2281	40
2282	40
2283	40
2284	39
2285	39
2286	39
2287	38
2288	38
2289	37
2290	36
2291	35
2292	34
2293	33
2294	32
2295	31
2296	31
2297	31
2298	30
2299	30
2300	30
2301	30
2302	30
2303	30
2304	30
2305	30
2306	30
2307	31
2308	30
2309	30
2310	30
2311	30
2312	30
2313	30
2314	29
2315	29
2316	28
2317	28
2318	27
2319	26
2320	26
2321	26
2322	25
2323	25
2324	24
2325	24
2326	24
2327	24
2328	24
2329	24
2330	24
2331	24
2332	24
2333	24
2334	24
2335	24
2336	24
2337	24
2338	24
2339	24
2340	24
2341	24
2342	24
2343	24
2344	24
2345	24
2346	24
2347	25
2348	26
2349	26
2350	27
2351	28
2352	28
2353	32
2354	35
2355	39
2356	42
2357	46
2358	49
2359	52
2360	55
2361	58
2362	61
2363	64
2364	67
2365	66
2366	66
2367	66
2368	66
2369	65
2370	65
2371	65
2372	64
2373	63
2374	62
2375	60
2376	59
2377	58
2378	57
2379	57
2380	56
2381	55
2382	54
2383	53
2384	53
2385	52
2386	52
2387	51
2388	51
2389	50
2390	50
2391	49
2392	49
2393	48
2394	48
2395	47
2396	47
2397	46
2398	45
2399	45
2400	44
2401	43
2402	43
2403	42
2404	41
2405	40
2406	39
2407	38
2408	37
2409	37
2410	36
2411	35
2412	35
2413	34
2414	34
2415	33
2416	33
2417	33
2418	32
2419	32
2420	32
2421	31
2422	31
2423	31
2424	31
2425	30
2426	30
2427	30
2428	30
2429	29
2430	29
2431	28
2432	28
2433	27
2434	27
2435	27
2436	27
2437	27
2438	27
2439	27
2440	27
2441	28
2442	31
2443	34
2444	37
2445	40
2446	43
2447	46
2448	50
2449	54
2450	58
2451	62
2452	66
2453	70
2454	74
2455	74
2456	74
2457	74
2458	74
2459	74
2460	75
2461	73
2462	72
2463	70
2464	69
2465	68
2466	66
2467	65
2468	64
2469	63
2470	62
2471	61
2472	59
2473	58
2474	58
2475	57
2476	57
2477	56
2478	56
2479	55
2480	55
2481	54
2482	54
2483	53
2484	53
2485	52
2486	52
2487	51
2488	50
2489	50
2490	49
2491	48
2492	47
2493	46
2494	46
2495	45
2496	44
2497	43
2498	42
2499	41
2500	40
2501	39
2502	38
2503	37
2504	36
2505	36
2506	35
2507	34
2508	34
2509	33
2510	33
2511	32
2512	31
2513	30
2514	30
2515	29
2516	28
2517	27
2518	26
2519	25
2520	24
2521	23
2522	22
2523	21
2524	21
2525	20
2526	19
2527	18
2528	18
2529	17
2530	16
2531	16
2532	16
2533	17
2534	18
2535	19
2536	19
2537	20
2538	24
2539	28
2540	32
2541	36
2542	40
2543	44
2544	48
2545	51
2546	54
2547	58
2548	61
2549	64
2550	67
2551	66
2552	65
2553	64
2554	63
2555	62
2556	61
2557	60
2558	58
2559	57
2560	56
2561	54
2562	53
2563	51
2564	50
2565	49
2566	49
2567	48
2568	47
2569	46
2570	45
2571	45
2572	45
2573	44
2574	44
2575	44
2576	43
2577	42
2578	41
2579	40
2580	39
2581	38
2582	38
2583	36
2584	34
2585	33
2586	31
2587	30
2588	28
2589	27
2590	26
2591	26
2592	25
2593	24
2594	23
2595	22
2596	22
2597	22
2598	22
2599	22
2600	22
2601	22
2602	22
2603	23
2604	24
2605	24
2606	25
2607	25
2608	26
2609	27
2610	28
2611	29
2612	31
2613	32
2614	33
2615	34
2616	35
2617	37
2618	38
2619	39
2620	40
2621	43
2622	46
2623	49
2624	51
2625	54
2626	57
2627	60
2628	65
2629	70
2630	75
2631	80
2632	85
2633	90
2634	91
2635	91
2636	92
2637	92
2638	93
2639	93
2640	94
2641	92
2642	91
2643	90
2644	89
2645	87
2646	86
2647	85
2648	83
2649	82
2650	81
2651	80
2652	78
2653	78
2654	77
2655	76
2656	75
2657	75
2658	74
2659	73
2660	72
2661	72
2662	71
2663	70
2664	69
2665	68
2666	67
2667	65
2668	64
2669	63
2670	61
2671	60
2672	59
2673	57
2674	56
2675	54
2676	52
2677	51
2678	49
2679	48
2680	46
2681	45
2682	44
2683	42
2684	41
2685	40
2686	40
2687	39
2688	38
2689	37
2690	37
2691	36
2692	35
2693	35
2694	34
2695	34
2696	33
2697	33
2698	32
2699	31
2700	30
2701	30
2702	29
2703	28
2704	28
2705	27
2706	26
2707	25
2708	24
2709	23
2710	22
2711	24
2712	26
2713	28
2714	30
2715	32
2716	34
2717	38
2718	42
2719	46
2720	50
2721	54
2722	58
2723	62
2724	63
2725	64
2726	66
2727	67
2728	68
2729	70
2730	69
2731	67
2732	66
2733	65
2734	63
2735	62
2736	61
2737	59
2738	57
2739	55
2740	53
2741	51
2742	50
2743	49
2744	48
2745	47
2746	45
2747	44
2748	43
2749	43
2750	42
2751	42
2752	41
2753	41
2754	40
2755	40
2756	39
2757	38
2758	37
2759	36
2760	36
2761	35
2762	34
2763	33
2764	31
2765	30
2766	29
2767	28
2768	27
2769	26
2770	25
2771	24
2772	23
2773	22
2774	21
2775	20
2776	19
2777	18
2778	17
2779	16
2780	15
2781	15
2782	14
2783	13
2784	12
2785	12
2786	11
2787	10
2788	10
2789	9
2790	8
2791	7
2792	7
2793	6
2794	6
2795	6
2796	6
2797	5
2798	5
2799	5
2800	5
2801	7
2802	9
2803	11
2804	13
2805	15
2806	17
2807	22
2808	26
2809	31
2810	36
2811	40
2812	45
2813	46
2814	48
2815	49
2816	50
2817	52
2818	53
2819	55
2820	53
2821	52
2822	50
2823	49
2824	47
2825	46
2826	44
2827	42
2828	41
2829	39
2830	38
2831	36
2832	35
2833	34
2834	33
2835	32
2836	31
2837	30
2838	29
2839	28
2840	28
2841	27
2842	27
2843	26
2844	26
2845	25
2846	24
2847	23
2848	22
2849	21
2850	21
2851	20
2852	19
2853	18
2854	17
2855	16
2856	15
2857	14
2858	13
2859	13
2860	12
2861	11
2862	11
2863	10
2864	9
2865	9
2866	9
2867	8
2868	8
2869	8
2870	8
2871	8
2872	8
2873	8
2874	8
2875	8
2876	8
2877	7
2878	7
2879	7
2880	7
2881	7
2882	7
2883	8
2884	10
2885	11
2886	12
2887	14
2888	15
2889	20
2890	24
2891	29
2892	33
2893	38
2894	42
2895	47
2896	51
2897	55
2898	59
2899	64
2900	68
2901	72
2902	71
2903	71
2904	70
2905	69
2906	69
2907	68
2908	67
2909	65
2910	64
2911	62
2912	61
2913	60
2914	58
2915	58
2916	57
2917	56
2918	56
2919	55
2920	55
2921	54
2922	54
2923	54
2924	53
2925	53
2926	53
2927	52
2928	51
2929	50
2930	49
2931	48
2932	47
2933	46
2934	44
2935	43
2936	41
2937	39
2938	38
2939	36
2940	35
2941	34
2942	32
2943	31
2944	30
2945	29
2946	28
2947	27
2948	27
2949	26
2950	25
2951	25
2952	24
2953	24
2954	24
2955	23
2956	23
2957	22
2958	22
2959	22
2960	21
2961	20
2962	20
2963	19
2964	19
2965	18
2966	18
2967	17
2968	17
2969	17
2970	16
2971	16
2972	19
2973	22
2974	25
2975	27
2976	30
2977	33
2978	36
2979	42
2980	47
2981	53
2982	58
2983	64
2984	70
2985	71
2986	72
2987	74
2988	75
2989	77
2990	78
2991	79
2992	78
2993	76
2994	74
2995	72
2996	71
2997	69
2998	67
2999	66
3000	64
3001	62
3002	60
3003	59
3004	58
3005	57
3006	56
3007	55
3008	54
3009	53
3010	52
3011	51
3012	51
3013	50
3014	49
3015	48
3016	48
3017	46
3018	45
3019	44
3020	42
3021	41
3022	40
3023	39
3024	37
3025	35
3026	34
3027	32
3028	31
3029	29
3030	28
3031	27
3032	25
3033	24
3034	23
3035	22
3036	21
3037	21
3038	20
3039	19
3040	19
3041	18
3042	17
3043	17
3044	16
3045	15
3046	15
3047	14
3048	13
3049	12
3050	12
3051	11
3052	10
3053	10
3054	9
3055	8
3056	8
3057	7
3058	7
3059	6
3060	6
3061	5
3062	6
3063	6
3064	7
3065	8
3066	8
3067	9
3068	13
3069	17
3070	21
3071	25
3072	29
3073	33
3074	37
3075	43
3076	48
3077	53
3078	58
3079	63
3080	69
3081	69
3082	69
3083	69
3084	69
3085	70
3086	70
3087	70
3088	68
3089	66
3090	64
3091	62
3092	60
3093	58
3094	57
3095	56
3096	54
3097	53
3098	52
3099	51
3100	50
3101	50
3102	49
3103	49
3104	48
3105	48
3106	47
3107	47
3108	46
3109	46
3110	45
3111	45
3112	44
3113	43
3114	42
3115	41
3116	40
3117	39
3118	38
3119	37
3120	36
3121	35
3122	34
3123	32
3124	31
3125	30
3126	29
3127	28
3128	27
3129	26
3130	25
3131	25
3132	24
3133	23
3134	23
3135	22
3136	22
3137	21
3138	21
3139	20
3140	19
3141	18
3142	17
3143	16
3144	15
3145	14
3146	13
3147	12
3148	11
3149	11
3150	10
3151	9
3152	8
3153	7
3154	7
3155	6
3156	5
3157	5
3158	6
3159	7
3160	9
3161	10
3162	11
3163	13
3164	17
3165	22
3166	27
3167	32
3168	37
3169	42
3170	47
3171	50
3172	53
3173	57
3174	60
3175	63
3176	67
3177	65
3178	64
3179	63
3180	61
3181	60
3182	59
3183	58
3184	55
3185	53
3186	50
3187	48
3188	45
3189	43
3190	41
3191	39
3192	38
3193	36
3194	34
3195	33
3196	32
3197	31
3198	30
3199	30
3200	29
3201	28
3202	27
3203	26
3204	25
3205	24
3206	23
3207	22
3208	21
3209	20
3210	19
3211	17
3212	16
3213	15
3214	13
3215	12
3216	11
3217	10
3218	8
3219	7
3220	6
3221	5
3222	5
3223	5
3224	5
3225	5
3226	5
3227	5
3228	5
3229	5
3230	5
3231	5
3232	5
3233	5
3234	5
3235	5
3236	5
3237	5
3238	5
3239	5
3240	5
3241	5
3242	5
3243	5
3244	5
3245	5
3246	5
3247	5
3248	5
3249	5
3250	5
3251	6
3252	6
3253	6
3254	10
3255	14
3256	18
3257	21
3258	25
3259	29
3260	34
3261	39
3262	44
3263	48
3264	53
3265	58
3266	63
3267	64
3268	65
3269	66
3270	67
3271	68
3272	69
3273	68
3274	66
3275	64
3276	63
3277	61
3278	59
3279	58
3280	56
3281	55
3282	53
3283	52
3284	51
3285	49
3286	49
3287	49
3288	49
3289	49
3290	49
3291	49
3292	48
3293	48
3294	47
3295	47
3296	47
3297	46
3298	46
3299	45
3300	44
3301	43
3302	42
3303	40
3304	39
3305	38
3306	37
3307	36
3308	35
3309	34
3310	33
3311	33
3312	32
3313	31
3314	30
3315	30
3316	29
3317	28
3318	28
3319	27
3320	27
3321	27
3322	26
3323	26
3324	26
3325	25
3326	25
3327	24
3328	24
3329	23
3330	23
3331	22
3332	21
3333	21
3334	20
3335	19
3336	19
3337	18
3338	17
3339	17
3340	16
3341	15
3342	15
3343	14
3344	14
3345	14
3346	15
3347	15
3348	15
3349	15
3350	20
3351	25
3352	30
3353	35
3354	40
3355	46
3356	50
3357	55
3358	59
3359	64
3360	68
3361	73
3362	78
3363	78
3364	77
3365	77
3366	77
3367	77
3368	77
3369	75
3370	73
3371	71
3372	69
3373	67
3374	65
3375	63
3376	60
3377	58
3378	56
3379	54
3380	52
3381	50
3382	48
3383	47
3384	45
3385	43
3386	41
3387	39
3388	38
3389	36
3390	34
3391	33
3392	31
3393	29
3394	28
3395	26
3396	24
3397	22
3398	20
3399	18
3400	16
3401	14
3402	13
3403	11
3404	10
3405	9
3406	7
3407	6
3408	6
3409	6
3410	5
3411	5
3412	5
3413	5
3414	5
3415	5
3416	5
3417	5
3418	5
3419	5
3420	5
3421	5
3422	5
3423	5
3424	5
3425	5
3426	5
3427	5
3428	5
3429	5
3430	5
3431	5
3432	5
3433	5
3434	5
3435	5
3436	5
3437	5
3438	5
3439	5
3440	5
3441	5
3442	6
3443	6
3444	6
3445	7
3446	11
3447	14
3448	18
3449	22
3450	26
3451	30
3452	33
3453	37
3454	41
3455	45
3456	49
3457	53
3458	57
3459	58
3460	58
3461	59
3462	59
3463	60
3464	60
3465	59
3466	58
3467	57
3468	56
3469	55
3470	54
3471	53
3472	53
3473	52
3474	52
3475	51
3476	51
3477	51
3478	51
3479	51
3480	51
3481	52
3482	52
3483	52
3484	52
3485	52
3486	52
3487	52
3488	52
3489	52
3490	52
3491	51
3492	50
3493	49
3494	49
3495	48
3496	47
3497	46
3498	46
3499	45
3500	44
3501	43
3502	43
3503	42
3504	41
3505	40
3506	40
3507	39
3508	38
3509	37
3510	36
3511	35
3512	34
3513	33
3514	32
3515	32
3516	31
3517	30
3518	29
3519	29
3520	28
3521	27
3522	27
3523	26
3524	25
3525	25
3526	24
3527	23
3528	23
3529	22
3530	22
3531	22
3532	22
3533	21
3534	21
3535	21
3536	24
3537	27
3538	31
3539	34
3540	37
3541	40
3542	45
3543	49
3544	54
3545	59
3546	63
3547	68
3548	68
3549	69
3550	70
3551	70
3552	71
3553	71
3554	72
3555	71
3556	69
3557	68
3558	67
3559	65
3560	64
3561	63
3562	62
3563	61
3564	60
3565	59
3566	58
3567	57
3568	57
3569	57
3570	56
3571	56
3572	56
3573	56
3574	55
3575	55
3576	55
3577	55
3578	55
3579	54
3580	54
3581	53
3582	52
3583	51
3584	51
3585	50
3586	49
3587	48
3588	47
3589	45
3590	44
3591	43
3592	42
3593	41
3594	41
3595	40
3596	39
3597	38
3598	38
3599	37
3600	37
3601	37
3602	36
3603	36
3604	36
3605	35
3606	34
3607	33
3608	33
3609	32
3610	31
3611	31
3612	30
3613	29
3614	28
3615	27
3616	27
3617	26
3618	25
3619	24
3620	23
3621	22
3622	21
3623	21
3624	22
3625	23
3626	24
3627	25
3628	27
3629	28
3630	29
3631	35
3632	41
3633	47
3634	53
3635	59
3636	65
3637	69
3638	73
3639	77
3640	80
3641	84
3642	88
3643	87
3644	86
3645	86
3646	85
3647	84
3648	83
3649	83
3650	81
3651	79
3652	77
3653	75
3654	73
3655	72
3656	71
3657	70
3658	69
3659	68
3660	67
3661	66
3662	65
3663	64
3664	63
3665	63
3666	62
3667	61
3668	61
3669	60
3670	59
3671	58
3672	57
3673	56
3674	56
3675	54
3676	53
3677	52
3678	51
3679	50
3680	49
3681	48
3682	46
3683	45
3684	43
3685	42
3686	41
3687	39
3688	38
3689	37
3690	36
3691	35
3692	34
3693	33
3694	32
3695	32
3696	31
3697	31
3698	30
3699	30
3700	29
3701	29
3702	29
3703	29
3704	28
3705	28
3706	28
3707	28
3708	27
3709	27
3710	26
3711	26
3712	25
3713	25
3714	24
3715	23
3716	22
3717	21
3718	20
3719	20
3720	21
3721	23
3722	24
3723	26
3724	27
3725	29
3726	31
3727	38
3728	44
3729	51
3730	58
3731	65
3732	72
3733	76
3734	79
3735	83
3736	86
3737	90
3738	93
3739	92
3740	91
3741	89
3742	88
3743	87
3744	86
3745	84
3746	82
3747	80
3748	78
3749	76
3750	74
3751	72
3752	70
3753	68
3754	67
3755	65
3756	64
3757	62
3758	61
3759	59
3760	58
3761	56
3762	55
3763	53
3764	52
3765	50
3766	49
3767	47
3768	46
3769	45
3770	43
3771	42
3772	40
3773	39
3774	38
3775	36
3776	35
3777	34
3778	32
3779	31
3780	29
3781	28
3782	26
3783	25
3784	23
3785	22
3786	21
3787	20
3788	18
3789	17
3790	16
3791	15
3792	14
3793	12
3794	11
3795	10
3796	9
3797	8
3798	7
3799	7
3800	6
3801	5
3802	5
3803	5
3804	5
3805	5
3806	5
3807	5
3808	5
3809	5
3810	5
3811	5
3812	5
3813	5
3814	5
3815	5
3816	7
3817	9
3818	11
3819	12
3820	14
3821	16
3822	18
3823	24
3824	30
3825	36
3826	42
3827	48
3828	54
3829	57
3830	60
3831	64
3832	67
3833	71
3834	74
3835	74
3836	73
3837	72
3838	72
3839	71
3840	71
3841	70
3842	69
3843	68
3844	68
3845	67
3846	66
3847	65
3848	65
3849	65
3850	65
3851	64
3852	64
3853	64
3854	64
3855	64
3856	64
3857	64
3858	64
3859	64
3860	64
3861	63
3862	62
3863	61
3864	60
3865	59
3866	58
3867	56
3868	55
3869	54
3870	52
3871	51
3872	50
3873	49
3874	47
3875	46
3876	45
3877	44
3878	43
3879	42
3880	42
3881	41
3882	40
3883	40
3884	39
3885	38
3886	38
3887	37
3888	36
3889	36
3890	35
3891	34
3892	34
3893	33
3894	32
3895	31
3896	31
3897	30
3898	29
3899	28
3900	28
3901	27
3902	26
3903	25
3904	25
3905	24
3906	24
3907	23
3908	23
3909	23
3910	22
3911	22
3912	26
3913	29
3914	32
3915	36
3916	39
3917	42
3918	46
3919	52
3920	58
3921	64
3922	71
3923	77
3924	83
3925	85
3926	86
3927	87
3928	89
3929	90
3930	92
3931	90
3932	89
3933	87
3934	86
3935	85
3936	83
3937	82
3938	80
3939	79
3940	77
3941	76
3942	74
3943	73
3944	72
3945	71
3946	70
3947	69
3948	68
3949	67
3950	66
3951	65
3952	64
3953	63
3954	62
3955	61
3956	60
3957	58
3958	56
3959	54
3960	53
3961	51
3962	49
3963	47
3964	46
3965	44
3966	43
3967	41
3968	39
3969	38
3970	37
3971	36
3972	34
3973	33
3974	32
3975	31
3976	30
3977	29
3978	29
3979	28
3980	27
3981	26
3982	26
3983	25
3984	24
3985	23
3986	22
3987	21
3988	20
3989	19
3990	18
3991	18
3992	17
3993	16
3994	15
3995	14
3996	14
3997	13
3998	13
3999	12
4000	12
4001	11
4002	10
4003	10
4004	9
4005	8
4006	8
4007	7
4008	8
4009	10
4010	11
4011	13
4012	14
4013	15
4014	17
4015	23
4016	30
4017	37
4018	43
4019	50
4020	56
4021	60
4022	64
4023	68
4024	71
4025	75
4026	79
4027	78
4028	76
4029	75
4030	74
4031	72
4032	71
4033	70
4034	67
4035	65
4036	63
4037	61
4038	59
4039	57
4040	56
4041	55
4042	54
4043	52
4044	51
4045	50
4046	49
4047	48
4048	47
4049	47
4050	46
4051	45
4052	44
4053	43
4054	41
4055	40
4056	38
4057	37
4058	35
4059	34
4060	32
4061	30
4062	29
4063	27
4064	26
4065	24
4066	23
4067	21
4068	19
4069	18
4070	16
4071	15
4072	14
4073	12
4074	11
4075	10
4076	9
4077	8
4078	7
4079	6
4080	6
4081	6
4082	6
4083	6
4084	5
4085	5
4086	5
4087	5
4088	5
4089	5
4090	5
4091	5
4092	5
4093	5
4094	5
4095	5
4096	5
4097	5
4098	5
4099	5
4100	5
4101	5
4102	5
4103	5
4104	5
4105	5
4106	6
4107	6
4108	6
4109	7
4110	7
4111	10
4112	14
4113	17
4114	21
4115	24
4116	28
4117	32
4118	37
4119	41
4120	46
4121	50
4122	55
4123	55
4124	56
4125	56
4126	57
4127	57
4128	58
4129	59
4130	57
4131	56
4132	55
4133	54
4134	53
4135	52
4136	51
4137	51
4138	50
4139	50
4140	50
4141	49
4142	49
4143	49
4144	50
4145	50
4146	50
4147	51
4148	51
4149	51
4150	51
4151	51
4152	51
4153	51
4154	51
4155	50
4156	49
4157	49
4158	48
4159	48
4160	47
4161	47
4162	46
4163	45
4164	45
4165	44
4166	43
4167	43
4168	42
4169	42
4170	42
4171	42
4172	41
4173	41
4174	41
4175	41
4176	40
4177	40
4178	40
4179	40
4180	40
4181	39
4182	39
4183	38
4184	38
4185	38
4186	37
4187	37
4188	36
4189	36
4190	35
4191	35
4192	34
4193	34
4194	33
4195	33
4196	32
4197	32
4198	31
4199	31
4200	33
4201	35
4202	36
4203	38
4204	40
4205	42
4206	44
4207	49
4208	55
4209	61
4210	66
4211	72
4212	77
4213	80
4214	82
4215	84
4216	87
4217	89
4218	92
4219	91
4220	89
4221	88
4222	87
4223	86
4224	85
4225	84
4226	82
4227	81
4228	79
4229	77
4230	76
4231	74
4232	73
4233	72
4234	70
4235	69
4236	68
4237	67
4238	65
4239	64
4240	63
4241	62
4242	61
4243	60
4244	59
4245	58
4246	57
4247	56
4248	54
4249	53
4250	52
4251	52
4252	51
4253	50
4254	49
4255	48
4256	48
4257	42
4258	41
4259	39
4260	37
4261	36
4262	34
4263	33
4264	31
4265	29
4266	27
4267	25
4268	23
4269	21
4270	20
4271	19
4272	17
4273	16
4274	15
4275	14
4276	13
4277	11
4278	10
4279	9
4280	8
4281	7
4282	6
4283	5
4284	5
4285	5
4286	5
4287	5
4288	5
4289	5
4290	6
4291	6
4292	7
4293	7
4294	8
4295	12
4296	16
4297	20
4298	24
4299	28
4300	32
4301	36
4302	42
4303	48
4304	55
4305	61
4306	67
4307	73
4308	75
4309	76
4310	77
4311	78
4312	79
4313	81
4314	79
4315	77
4316	76
4317	74
4318	72
4319	71
4320	69
4321	67
4322	66
4323	64
4324	63
4325	61
4326	60
4327	59
4328	58
4329	57
4330	57
4331	56
4332	55
4333	54
4334	53
4335	52
4336	51
4337	50
4338	49
4339	48
4340	46
4341	44
4342	42
4343	40
4344	38
4345	37
4346	34
4347	32
4348	30
4349	28
4350	26
4351	24
4352	22
4353	19
4354	17
4355	14
4356	12
4357	9
4358	7
4359	7
4360	6
4361	6
4362	6
4363	5
4364	5
4365	5
4366	5
4367	5
4368	5
4369	5
4370	5
4371	5
4372	5
4373	5
4374	5
4375	5
4376	5
4377	5
4378	5
4379	5
4380	5
4381	5
4382	5
4383	5
4384	5
4385	6
4386	7
4387	8
4388	9
4389	10
4390	12
4391	14
4392	17
4393	20
4394	23
4395	26
4396	29
4397	32
4398	34
4399	35
4400	37
4401	39
4402	40
4403	42
4404	41
4405	40
4406	39
4407	38
4408	37
4409	36
4410	35
4411	34
4412	33
4413	32
4414	30
4415	29
4416	28
4417	28
4418	28
4419	28
4420	27
4421	27
4422	27
4423	27
4424	27
4425	27
4426	27
4427	27
4428	27
4429	28
4430	27
4431	27
4432	27
4433	27
4434	26
4435	26
4436	26
4437	26
4438	26
4439	26
4440	26
4441	26
4442	26
4443	27
4444	27
4445	27
4446	28
4447	28
4448	28
4449	29
4450	29
4451	30
4452	30
4453	31
4454	32
4455	32
4456	33
4457	34
4458	35
4459	35
4460	36
4461	37
4462	39
4463	40
4464	42
4465	44
4466	46
4467	48
4468	52
4469	56
4470	61
4471	65
4472	69
4473	74
4474	76
4475	79
4476	82
4477	85
4478	88
4479	91
4480	94
4481	94
4482	94
4483	94
4484	94
4485	93
4486	93
4487	91
4488	90
4489	88
4490	86
4491	84
4492	82
4493	81
4494	76
4495	70
4496	65
4497	60
4498	55
4499	50
4500	51
4501	51
4502	52
4503	52
4504	53
4505	54
4506	59
4507	65
4508	70
4509	76
4510	81
4511	87
4512	92
4513	93
4514	93
4515	93
4516	94
4517	94
4518	95
4519	95
4520	95
4521	95
4522	95
4523	95
4524	95
4525	95
4526	95
4527	95
4528	95
4529	95
4530	95
4531	95
4532	94
4533	94
4534	94
4535	94
4536	94
4537	94
4538	94
4539	93
4540	93
4541	93
4542	92
4543	92
4544	92
4545	91
4546	91
4547	90
4548	90
4549	90
4550	89
4551	90
4552	91
4553	91
4554	92
4555	93
4556	94
4557	95
4558	95
4559	95
4560	95
4561	95
4562	95
4563	95
4564	95
4565	95
4566	95
4567	95
4568	95
4569	95
4570	96
4571	96
4572	96
4573	97
4574	97
4575	97
4576	98
4577	96
4578	94
4579	93
4580	91
4581	90
4582	88
4583	86
4584	83
4585	80
4586	77
4587	75
4588	72
4589	69
4590	66
4591	63
4592	60
4593	57
4594	53
4595	50
4596	49
4597	48
4598	47
4599	45
4600	44
4601	43
4602	43
4603	43
4604	43
4605	43
4606	44
4607	44
4608	44
4609	44
4610	45
4611	45
4612	45
4613	46
4614	46
4615	46
4616	46
4617	46
4618	46
4619	46
4620	46
4621	46
4622	45
4623	45
4624	45
4625	44
4626	44
4627	44
4628	43
4629	43
4630	42
4631	42
4632	42
4633	41
4634	41
4635	41
4636	41
4637	41
4638	41
4639	40
4640	40
4641	40
4642	40
4643	40
4644	39
4645	39
4646	39
4647	39
4648	38
4649	38
4650	37
4651	37
4652	36
4653	36
4654	36
4655	35
4656	35
4657	34
4658	34
4659	33
4660	33
4661	33
4662	33
4663	33
4664	33
4665	33
4666	33
4667	33
4668	33
4669	33
4670	33
4671	33
4672	33
4673	33
4674	33
4675	34
4676	34
4677	34
4678	34
4679	34
4680	34
4681	34
4682	35
4683	35
4684	35
4685	35
4686	35
4687	35
4688	35
4689	36
4690	36
4691	36
4692	36
4693	36
4694	37
4695	37
4696	37
4697	37
4698	37
4699	37
4700	37
4701	38
4702	38
4703	38
4704	38
4705	38
4706	38
4707	38
4708	38
4709	38
4710	39
4711	39
4712	39
4713	39
4714	39
4715	39
4716	39
4717	39
4718	39
4719	39
4720	39
4721	39
4722	39
4723	40
4724	40
4725	40
4726	40
4727	40
4728	40
4729	41
4730	41
4731	41
4732	41
4733	41
4734	41
4735	41
4736	41
4737	41
4738	41
4739	41
4740	42
4741	42
4742	42
4743	42
4744	42
4745	43
4746	43
4747	43
4748	43
4749	43
4750	44
4751	44
4752	44
4753	44
4754	44
4755	45
4756	45
4757	45
4758	45
4759	45
4760	45
4761	45
4762	45
4763	45
4764	45
4765	45
4766	45
4767	45
4768	45
4769	45
4770	45
4771	45
4772	45
4773	45
4774	45
4775	45
4776	45
4777	45
4778	45
4779	45
4780	45
4781	45
4782	45
4783	45
4784	45
4785	45
4786	45
4787	46
4788	46
4789	46
4790	46
4791	46
4792	46
4793	46
4794	46
4795	46
4796	46
4797	46
4798	46
4799	46
4800	46
4801	46
4802	46
4803	46
4804	46
4805	46
4806	47
4807	46
4808	46
4809	46
4810	46
4811	46
4812	46
4813	46
4814	46
4815	46
4816	46
4817	46
4818	46
4819	46
4820	46
4821	46
4822	46
4823	46
4824	46
4825	46
4826	46
4827	46
4828	46
4829	46
4830	46
4831	46
4832	46
4833	46
4834	47
4835	47
4836	47
4837	47
4838	48
4839	48
4840	48
4841	48
4842	48
4843	48
4844	48
4845	48
4846	48
4847	48
4848	48
4849	48
4850	48
4851	48
4852	47
4853	47
4854	47
4855	47
4856	47
4857	47
4858	47
4859	47
4860	47
4861	47
4862	47
4863	47
4864	47
4865	47
4866	47
4867	47
4868	47
4869	47
4870	47
4871	47
4872	47
4873	47
4874	47
4875	47
4876	47
4877	47
4878	47
4879	47
4880	47
4881	47
4882	47
4883	47
4884	47
4885	47
4886	47
4887	47
4888	47
4889	47
4890	47
4891	47
4892	47
4893	47
4894	47
4895	47
4896	47
4897	47
4898	47
4899	47
4900	47
4901	47
4902	47
4903	47
4904	47
4905	47
4906	47
4907	47
4908	47
4909	47
4910	47
4911	47
4912	47
4913	47
4914	47
4915	47
4916	47
4917	48
4918	48
4919	48
4920	48
4921	48
4922	48
4923	48
4924	48
4925	49
4926	49
4927	49
4928	49
4929	49
4930	49
4931	49
4932	49
4933	49
4934	49
4935	49
4936	49
4937	49
4938	49
4939	49
4940	49
4941	49
4942	48
4943	48
4944	48
4945	48
4946	48
4947	48
4948	48
4949	48
4950	48
4951	48
4952	48
4953	48
4954	48
4955	48
4956	48
4957	48
4958	48
4959	48
4960	48
4961	48
4962	48
4963	48
4964	48
4965	48
4966	48
4967	48
4968	48
4969	48
4970	48
4971	48
4972	48
4973	48
4974	47
4975	47
4976	47
4977	47
4978	47
4979	47
4980	47
4981	47
4982	47
4983	47
4984	47
4985	47
4986	47
4987	47
4988	47
4989	47
4990	47
4991	47
4992	47
4993	47
4994	47
4995	47
4996	47
4997	47
4998	47
4999	47
5000	47
5001	47
5002	47
5003	47
5004	47
5005	47
5006	47
5007	48
5008	48
5009	48
5010	48
5011	48
5012	48
5013	48
5014	48
5015	48
5016	48
5017	48
5018	48
5019	48
5020	48
5021	48
5022	48
5023	48
5024	48
5025	48
5026	48
5027	48
5028	48
5029	48
5030	47
5031	47
5032	47
5033	47
5034	47
5035	47
5036	47
5037	47
5038	47
5039	47
5040	47
5041	47
5042	47
5043	47
5044	47
5045	47
5046	47
5047	47
5048	47
5049	47
5050	47
5051	47
5052	47
5053	47
5054	47
5055	47
5056	46
5057	46
5058	46
5059	46
5060	46
5061	46
5062	46
5063	46
5064	46
5065	46
5066	46
5067	46
5068	46
5069	45
5070	45
5071	45
5072	45
5073	45
5074	45
5075	45
5076	45
5077	45
5078	45
5079	45
5080	45
5081	45
5082	45
5083	45
5084	45
5085	45
5086	46
5087	46
5088	46
5089	46
5090	47
5091	47
5092	47
5093	47
5094	47
5095	47
5096	47
5097	47
5098	47
5099	47
5100	48
5101	47
5102	47
5103	47
5104	47
5105	47
5106	47
5107	47
5108	46
5109	46
5110	46
5111	46
5112	46
5113	46
5114	46
5115	46
5116	46
5117	46
5118	46
5119	46
5120	46
5121	46
5122	46
5123	46
5124	46
5125	46
5126	46
5127	46
5128	46
5129	46
5130	46
5131	46
5132	46
5133	46
5134	46
5135	46
5136	46
5137	46
5138	46
5139	46
5140	46
5141	46
5142	46
5143	46
5144	46
5145	46
5146	46
5147	46
5148	46
5149	46
5150	46
5151	46
5152	46
5153	46
5154	46
5155	46
5156	46
5157	46
5158	46
5159	46
5160	46
5161	47
5162	47
5163	47
5164	47
5165	48
5166	48
5167	48
5168	49
5169	49
5170	49
5171	49
5172	49
5173	49
5174	49
5175	49
5176	50
5177	49
5178	49
5179	49
5180	49
5181	49
5182	49
5183	49
5184	49
5185	49
5186	49
5187	49
5188	49
5189	49
5190	48
5191	48
5192	48
5193	48
5194	48
5195	48
5196	48
5197	48
5198	48
5199	48
5200	48
5201	48
5202	48
5203	47
5204	47
5205	47
5206	47
5207	47
5208	47
5209	47
5210	47
5211	47
5212	47
5213	47
5214	47
5215	47
5216	47
5217	47
5218	47
5219	47
5220	47
5221	47
5222	47
5223	47
5224	47
5225	47
5226	47
5227	47
5228	47
5229	47
5230	47
5231	47
5232	47
5233	47
5234	47
5235	47
5236	48
5237	48
5238	48
5239	48
5240	49
5241	49
5242	49
5243	49
5244	50
5245	50
5246	50
5247	50
5248	50
5249	50
5250	50
5251	50
5252	50
5253	50
5254	49
5255	49
5256	49
5257	49
5258	49
5259	49
5260	49
5261	49
5262	49
5263	49
5264	49
5265	49
5266	49
5267	48
5268	48
5269	48
5270	48
5271	48
5272	48
5273	48
5274	48
5275	48
5276	48
5277	48
5278	48
5279	48
5280	47
5281	47
5282	47
5283	47
5284	47
5285	47
5286	47
5287	47
5288	47
5289	47
5290	47
5291	47
5292	47
5293	47
5294	47
5295	47
5296	47
5297	47
5298	47
5299	47
5300	47
5301	47
5302	47
5303	47
5304	47
5305	46
5306	46
5307	46
5308	46
5309	46
5310	46
5311	46
5312	46
5313	46
5314	46
5315	46
5316	46
5317	47
5318	47
5319	47
5320	47
5321	48
5322	48
5323	48
5324	49
5325	49
5326	49
5327	50
5328	50
5329	50
5330	51
5331	50
5332	50
5333	50
5334	50
5335	50
5336	50
5337	50
5338	50
5339	49
5340	49
5341	49
5342	49
5343	49
5344	49
5345	49
5346	49
5347	49
5348	49
5349	49
5350	48
5351	48
5352	48
5353	48
5354	48
5355	48
5356	48
5357	48
5358	48
5359	48
5360	47
5361	47
5362	47
5363	47
5364	47
5365	47
5366	47
5367	47
5368	47
5369	46
5370	46
5371	46
5372	46
5373	46
5374	46
5375	46
5376	46
5377	46
5378	46
5379	46
5380	46
5381	46
5382	45
5383	45
5384	45
5385	45
5386	45
5387	45
5388	45
5389	45
5390	45
5391	44
5392	44
5393	44
5394	44
5395	44
5396	44
5397	44
5398	44
5399	44
5400	44
5401	44
5402	44
5403	44
5404	44
5405	45
5406	45
5407	45
5408	46
5409	46
5410	46
5411	47
5412	47
5413	48
5414	48
5415	48
5416	48
5417	48
5418	48
5419	48
5420	48
5421	48
5422	48
5423	48
5424	47
5425	47
5426	47
5427	47
5428	46
5429	46
5430	46
5431	46
5432	46
5433	46
5434	46
5435	46
5436	46
5437	46
5438	46
5439	46
5440	45
5441	45
5442	45
5443	45
5444	45
5445	45
5446	45
5447	45
5448	45
5449	45
5450	45
5451	44
5452	44
5453	44
5454	44
5455	44
5456	44
5457	44
5458	44
5459	44
5460	44
5461	44
5462	44
5463	44
5464	44
5465	44
5466	44
5467	44
5468	44
5469	44
5470	44
5471	44
5472	44
5473	44
5474	44
5475	44
5476	44
5477	44
5478	44
5479	44
5480	44
5481	44
5482	44
5483	44
5484	45
5485	45
5486	46
5487	46
5488	47
5489	47
5490	48
5491	48
5492	49
5493	49
5494	49
5495	50
5496	50
5497	50
5498	50
5499	50
5500	50
5501	50
5502	49
5503	49
5504	49
5505	49
5506	49
5507	49
5508	48
5509	48
5510	48
5511	48
5512	48
5513	48
5514	48
5515	48
5516	48
5517	48
5518	48
5519	48
5520	48
5521	48
5522	48
5523	47
5524	47
5525	47
5526	47
5527	47
5528	47
5529	47
5530	47
5531	47
5532	47
5533	46
5534	46
5535	46
5536	46
5537	46
5538	46
5539	46
5540	46
5541	46
5542	46
5543	46
5544	46
5545	46
5546	46
5547	46
5548	46
5549	46
5550	46
5551	46
5552	46
5553	46
5554	46
5555	45
5556	45
5557	45
5558	45
5559	45
5560	45
5561	45
5562	46
5563	46
5564	47
5565	47
5566	47
5567	48
5568	48
5569	49
5570	50
5571	50
5572	51
5573	51
5574	51
5575	51
5576	51
5577	51
5578	51
5579	51
5580	51
5581	50
5582	50
5583	50
5584	49
5585	49
5586	49
5587	49
5588	49
5589	48
5590	48
5591	48
5592	48
5593	48
5594	47
5595	47
5596	47
5597	47
5598	47
5599	46
5600	46
5601	46
5602	45
5603	45
5604	45
5605	44
5606	44
5607	44
5608	44
5609	43
5610	43
5611	43
5612	43
5613	43
5614	43
5615	43
5616	43
5617	43
5618	43
5619	42
5620	42
5621	42
5622	42
5623	41
5624	41
5625	41
5626	41
5627	40
5628	40
5629	40
5630	40
5631	39
5632	39
5633	39
5634	39
5635	39
5636	38
5637	38
5638	38
5639	39
5640	39
5641	39
5642	40
5643	40
5644	40
5645	41
5646	42
5647	43
5648	44
5649	45
5650	46
5651	46
5652	47
5653	47
5654	47
5655	48
5656	48
5657	48
5658	48
5659	48
5660	47
5661	47
5662	47
5663	47
5664	47
5665	46
5666	46
5667	46
5668	46
5669	46
5670	46
5671	46
5672	46
5673	46
5674	46
5675	46
5676	46
5677	46
5678	46
5679	46
5680	46
5681	46
5682	46
5683	46
5684	46
5685	46
5686	46
5687	47
5688	46
5689	46
5690	46
5691	46
5692	46
5693	46
5694	46
5695	46
5696	45
5697	45
5698	45
5699	45
5700	45
5701	45
5702	44
5703	44
5704	44
5705	44
5706	44
5707	44
5708	43
5709	43
5710	43
5711	43
5712	43
5713	43
5714	43
5715	44
5716	44
5717	45
5718	45
5719	46
5720	46
5721	47
5722	48
5723	48
5724	49
5725	49
5726	50
5727	50
5728	50
5729	50
5730	50
5731	50
5732	50
5733	50
5734	49
5735	49
5736	49
5737	48
5738	48
5739	48
5740	47
5741	47
5742	47
5743	47
5744	46
5745	46
5746	46
5747	46
5748	46
5749	46
5750	46
5751	47
5752	46
5753	46
5754	46
5755	46
5756	46
5757	46
5758	46
5759	46
5760	46
5761	46
5762	45
5763	45
5764	45
5765	45
5766	45
5767	45
5768	45
5769	45
5770	45
5771	45
5772	45
5773	45
5774	46
5775	46
5776	46
5777	46
5778	46
5779	46
5780	47
5781	47
5782	47
5783	47
5784	48
5785	48
5786	49
5787	50
5788	50
5789	51
5790	51
5791	52
5792	52
5793	52
5794	52
5795	53
5796	53
5797	53
5798	52
5799	52
5800	52
5801	51
5802	51
5803	51
5804	50
5805	50
5806	49
5807	49
5808	48
5809	48
5810	47
5811	47
5812	47
5813	47
5814	47
5815	47
5816	47
5817	47
5818	47
5819	47
5820	47
5821	47
5822	47
5823	46
5824	46
5825	46
5826	45
5827	45
5828	45
5829	45
5830	44
5831	44
5832	44
5833	43
5834	43
5835	43
5836	43
5837	43
5838	43
5839	43
5840	43
5841	43
5842	43
5843	43
5844	43
5845	43
5846	43
5847	44
5848	44
5849	44
5850	44
5851	44
5852	44
5853	45
5854	45
5855	45
5856	46
5857	47
5858	47
5859	48
5860	49
5861	49
5862	50
5863	50
5864	50
5865	51
5866	51
5867	51
5868	51
5869	50
5870	50
5871	49
5872	49
5873	48
5874	47
5875	47
5876	46
5877	45
5878	44
5879	43
5880	43
5881	43
5882	43
5883	42
5884	42
5885	42
5886	42
5887	41
5888	41
5889	41
5890	41
5891	41
5892	41
5893	41
5894	41
5895	41
5896	41
5897	40
5898	40
5899	40
5900	40
5901	39
5902	39
5903	39
5904	39
5905	38
5906	38
5907	38
5908	38
5909	37
5910	37
5911	37
5912	37
5913	37
5914	36
5915	36
5916	36
5917	36
5918	36
5919	36
5920	36
5921	36
5922	36
5923	36
5924	36
5925	36
5926	37
5927	37
5928	38
5929	39
5930	39
5931	40
5932	41
5933	42
5934	43
5935	44
5936	45
5937	47
5938	47
5939	47
5940	47
5941	47
5942	48
5943	48
5944	47
5945	47
5946	47
5947	46
5948	46
5949	45
5950	45
5951	45
5952	44
5953	44
5954	44
5955	43
5956	43
5957	43
5958	43
5959	43
5960	43
5961	43
5962	43
5963	44
5964	44
5965	44
5966	44
5967	44
5968	44
5969	45
5970	44
5971	44
5972	44
5973	44
5974	44
5975	44
5976	43
5977	43
5978	43
5979	43
5980	43
5981	43
5982	43
5983	43
5984	43
5985	43
5986	43
5987	43
5988	43
5989	42
5990	42
5991	42
5992	42
5993	42
5994	42
5995	42
5996	42
5997	42
5998	42
5999	43
6000	43
6001	43
6002	44
6003	45
6004	46
6005	47
6006	48
6007	49
6008	50
6009	50
6010	51
6011	51
6012	51
6013	52
6014	52
6015	52
6016	51
6017	51
6018	51
6019	50
6020	50
6021	49
6022	49
6023	49
6024	48
6025	48
6026	47
6027	47
6028	47
6029	46
6030	46
6031	46
6032	46
6033	46
6034	45
6035	45
6036	45
6037	45
6038	45
6039	45
6040	45
6041	45
6042	45
6043	44
6044	44
6045	44
6046	44
6047	44
6048	43
6049	43
6050	43
6051	42
6052	42
6053	42
6054	42
6055	41
6056	41
6057	41
6058	41
6059	41
6060	41
6061	40
6062	40
6063	40
6064	40
6065	40
6066	40
6067	40
6068	40
6069	40
6070	40
6071	40
6072	40
6073	41
6074	42
6075	42
6076	43
6077	44
6078	45
6079	46
6080	47
6081	48
6082	49
6083	50
6084	51
6085	51
6086	51
6087	51
6088	52
6089	52
6090	52
6091	52
6092	51
6093	50
6094	50
6095	49
6096	49
6097	48
6098	48
6099	47
6100	47
6101	46
6102	46
6103	46
6104	46
6105	46
6106	46
6107	46
6108	46
6109	46
6110	46
6111	45
6112	45
6113	45
6114	45
6115	45
6116	45
6117	44
6118	44
6119	44
6120	43
6121	43
6122	43
6123	42
6124	42
6125	42
6126	41
6127	41
6128	41
6129	40
6130	40
6131	40
6132	40
6133	40
6134	40
6135	40
6136	39
6137	39
6138	39
6139	39
6140	39
6141	39
6142	39
6143	39
6144	39
6145	39
6146	38
6147	38
6148	38
6149	39
6150	39
6151	39
6152	40
6153	40
6154	40
6155	41
6156	42
6157	43
6158	45
6159	46
6160	48
6161	49
6162	50
6163	51
6164	52
6165	52
6166	53
6167	54
6168	54
6169	53
6170	53
6171	52
6172	52
6173	51
6174	51
6175	50
6176	50
6177	49
6178	48
6179	48
6180	47
6181	47
6182	47
6183	46
6184	46
6185	46
6186	46
6187	46
6188	45
6189	45
6190	45
6191	45
6192	45
6193	45
6194	44
6195	44
6196	44
6197	43
6198	43
6199	43
6200	42
6201	42
6202	42
6203	41
6204	41
6205	40
6206	40
6207	40
6208	39
6209	39
6210	39
6211	38
6212	38
6213	38
6214	38
6215	38
6216	38
6217	38
6218	37
6219	37
6220	37
6221	37
6222	37
6223	37
6224	37
6225	37
6226	36
6227	36
6228	36
6229	36
6230	36
6231	36
6232	36
6233	36
6234	36
6235	36
6236	36
6237	36
6238	36
6239	37
6240	39
6241	40
6242	41
6243	42
6244	44
6245	45
6246	46
6247	48
6248	49
6249	50
6250	52
6251	53
6252	53
6253	53
6254	53
6255	53
6256	53
6257	53
6258	52
6259	51
6260	50
6261	49
6262	48
6263	47
6264	46
6265	46
6266	45
6267	45
6268	45
6269	44
6270	44
6271	44
6272	44
6273	44
6274	44
6275	44
6276	44
6277	43
6278	43
6279	43
6280	43
6281	43
6282	43
6283	43
6284	42
6285	42
6286	41
6287	41
6288	40
6289	40
6290	40
6291	39
6292	39
6293	38
6294	38
6295	38
6296	37
6297	37
6298	37
6299	37
6300	37
6301	37
6302	37
6303	37
6304	37
6305	37
6306	37
6307	37
6308	37
6309	36
6310	36
6311	36
6312	36
6313	36
6314	36
6315	35
6316	35
6317	35
6318	35
6319	34
6320	34
6321	34
6322	34
6323	35
6324	35
6325	35
6326	36
6327	36
6328	38
6329	39
6330	41
6331	43
6332	45
6333	46
6334	48
6335	49
6336	51
6337	52
6338	53
6339	55
6340	56
6341	55
6342	55
6343	54
6344	54
6345	53
6346	53
6347	52
6348	51
6349	50
6350	49
6351	48
6352	47
6353	46
6354	46
6355	46
6356	46
6357	45
6358	45
6359	45
6360	45
6361	45
6362	45
6363	46
6364	46
6365	46
6366	46
6367	45
6368	45
6369	45
6370	44
6371	44
6372	43
6373	43
6374	42
6375	41
6376	41
6377	40
6378	39
6379	39
6380	39
6381	38
6382	38
6383	38
6384	37
6385	37
6386	37
6387	37
6388	37
6389	36
6390	36
6391	36
6392	36
6393	36
6394	36
6395	35
6396	35
6397	35
6398	35
6399	34
6400	34
6401	34
6402	33
6403	33
6404	33
6405	33
6406	32
6407	32
6408	32
6409	32
6410	32
6411	33
6412	34
6413	35
6414	36
6415	37
6416	38
6417	40
6418	43
6419	45
6420	48
6421	51
6422	53
6423	54
6424	54
6425	55
6426	56
6427	56
6428	57
6429	57
6430	56
6431	55
6432	54
6433	52
6434	51
6435	50
6436	49
6437	48
6438	47
6439	46
6440	46
6441	45
6442	44
6443	44
6444	44
6445	45
6446	45
6447	45
6448	45
6449	45
6450	45
6451	45
6452	45
6453	45
6454	45
6455	45
6456	44
6457	44
6458	43
6459	42
6460	42
6461	41
6462	41
6463	40
6464	39
6465	38
6466	38
6467	37
6468	37
6469	36
6470	36
6471	36
6472	36
6473	35
6474	35
6475	35
6476	35
6477	35
6478	35
6479	35
6480	35
6481	34
6482	34
6483	34
6484	34
6485	34
6486	33
6487	33
6488	33
6489	32
6490	32
6491	32
6492	32
6493	31
6494	32
6495	32
6496	32
6497	32
6498	33
6499	33
6500	35
6501	37
6502	40
6503	42
6504	44
6505	47
6506	49
6507	51
6508	53
6509	55
6510	57
6511	60
6512	62
6513	61
6514	60
6515	59
6516	58
6517	57
6518	56
6519	54
6520	53
6521	52
6522	50
6523	49
6524	48
6525	46
6526	46
6527	46
6528	46
6529	46
6530	46
6531	46
6532	46
6533	46
6534	46
6535	46
6536	47
6537	47
6538	47
6539	47
6540	46
6541	46
6542	45
6543	45
6544	44
6545	43
6546	42
6547	41
6548	40
6549	39
6550	38
6551	37
6552	37
6553	36
6554	36
6555	35
6556	35
6557	35
6558	35
6559	35
6560	35
6561	35
6562	35
6563	35
6564	34
6565	34
6566	34
6567	34
6568	34
6569	34
6570	34
6571	33
6572	33
6573	33
6574	32
6575	32
6576	32
6577	32
6578	32
6579	32
6580	32
6581	32
6582	32
6583	34
6584	36
6585	38
6586	40
6587	42
6588	45
6589	47
6590	50
6591	52
6592	55
6593	58
6594	61
6595	64
6596	64
6597	63
6598	63
6599	63
6600	63
6601	63
6602	63
6603	61
6604	59
6605	57
6606	56
6607	54
6608	52
6609	52
6610	51
6611	51
6612	50
6613	49
6614	49
6615	49
6616	49
6617	50
6618	50
6619	50
6620	51
6621	51
6622	51
6623	50
6624	50
6625	50
6626	50
6627	50
6628	49
6629	48
6630	47
6631	47
6632	46
6633	45
6634	45
6635	44
6636	43
6637	42
6638	42
6639	41
6640	40
6641	40
6642	40
6643	39
6644	39
6645	39
6646	38
6647	38
6648	38
6649	38
6650	38
6651	37
6652	37
6653	37
6654	37
6655	37
6656	37
6657	36
6658	36
6659	36
6660	36
6661	36
6662	36
6663	36
6664	36
6665	36
6666	36
6667	38
6668	41
6669	43
6670	46
6671	48
6672	51
6673	54
6674	57
6675	61
6676	64
6677	68
6678	71
6679	71
6680	70
6681	70
6682	70
6683	70
6684	70
6685	69
6686	67
6687	65
6688	63
6689	61
6690	59
6691	57
6692	56
6693	56
6694	55
6695	54
6696	53
6697	53
6698	52
6699	52
6700	53
6701	53
6702	53
6703	54
6704	54
6705	54
6706	53
6707	53
6708	53
6709	52
6710	52
6711	51
6712	50
6713	49
6714	48
6715	47
6716	45
6717	44
6718	43
6719	43
6720	42
6721	41
6722	40
6723	39
6724	39
6725	39
6726	38
6727	38
6728	38
6729	38
6730	38
6731	38
6732	38
6733	38
6734	38
6735	38
6736	38
6737	37
6738	37
6739	36
6740	36
6741	36
6742	35
6743	35
6744	35
6745	35
6746	35
6747	35
6748	35
6749	35
6750	37
6751	40
6752	42
6753	45
6754	47
6755	50
6756	53
6757	55
6758	58
6759	61
6760	64
6761	67
6762	70
6763	69
6764	69
6765	68
6766	68
6767	67
6768	67
6769	64
6770	62
6771	60
6772	58
6773	56
6774	54
6775	53
6776	53
6777	52
6778	51
6779	51
6780	50
6781	50
6782	50
6783	50
6784	51
6785	51
6786	51
6787	51
6788	51
6789	51
6790	50
6791	50
6792	49
6793	49
6794	49
6795	47
6796	46
6797	45
6798	44
6799	43
6800	42
6801	41
6802	40
6803	39
6804	39
6805	38
6806	37
6807	37
6808	37
6809	37
6810	36
6811	36
6812	36
6813	36
6814	36
6815	35
6816	35
6817	35
6818	35
6819	35
6820	34
6821	34
6822	34
6823	33
6824	33
6825	33
6826	32
6827	33
6828	33
6829	33
6830	33
6831	34
6832	34
6833	38
6834	42
6835	46
6836	50
6837	53
6838	57
6839	60
6840	63
6841	67
6842	70
6843	73
6844	76
6845	79
6846	78
6847	77
6848	76
6849	76
6850	75
6851	74
6852	72
6853	70
6854	68
6855	66
6856	64
6857	62
6858	60
6859	60
6860	59
6861	59
6862	58
6863	58
6864	57
6865	58
6866	58
6867	58
6868	59
6869	59
6870	59
6871	59
6872	58
6873	57
6874	56
6875	56
6876	55
6877	54
6878	53
6879	52
6880	50
6881	49
6882	47
6883	46
6884	45
6885	44
6886	44
6887	43
6888	42
6889	42
6890	41
6891	41
6892	41
6893	40
6894	40
6895	40
6896	40
6897	39
6898	39
6899	38
6900	38
6901	37
6902	37
6903	36
6904	36
6905	35
6906	35
6907	34
6908	34
6909	33
6910	33
6911	33
6912	33
6913	33
6914	33
6915	33
6916	36
6917	39
6918	43
6919	46
6920	49
6921	52
6922	55
6923	60
6924	65
6925	70
6926	75
6927	79
6928	84
6929	84
6930	84
6931	83
6932	83
6933	83
6934	83
6935	81
6936	78
6937	76
6938	74
6939	72
6940	70
6941	68
6942	67
6943	66
6944	65
6945	64
6946	63
6947	62
6948	62
6949	62
6950	63
6951	63
6952	63
6953	64
6954	64
6955	63
6956	63
6957	63
6958	62
6959	62
6960	62
6961	61
6962	59
6963	58
6964	57
6965	56
6966	55
6967	54
6968	53
6969	53
6970	52
6971	52
6972	51
6973	50
6974	50
6975	50
6976	50
6977	50
6978	50
6979	49
6980	49
6981	48
6982	48
6983	47
6984	47
6985	47
6986	46
6987	45
6988	44
6989	43
6990	42
6991	41
6992	40
6993	39
6994	38
6995	37
6996	36
6997	35
6998	34
6999	36
7000	38
7001	40
7002	41
7003	43
7004	45
7005	47
7006	52
7007	58
7008	63
7009	69
7010	75
7011	80
7012	82
7013	83
7014	85
7015	86
7016	88
7017	90
7018	91
7019	89
7020	87
7021	85
7022	83
7023	81
7024	79
7025	77
7026	76
7027	74
7028	72
7029	71
7030	69
7031	69
7032	69
7033	69
7034	69
7035	69
7036	68
7037	68
7038	68
7039	68
7040	68
7041	68
7042	68
7043	68
7044	66
7045	65
7046	64
7047	63
7048	62
7049	61
7050	60
7051	59
7052	58
7053	56
7054	55
7055	54
7056	52
7057	52
7058	51
7059	51
7060	50
7061	50
7062	50
7063	49
7064	49
7065	49
7066	48
7067	48
7068	48
7069	47
7070	47
7071	46
7072	45
7073	45
7074	44
7075	44
7076	43
7077	42
7078	42
7079	41
7080	40
7081	40
7082	39
7083	39
7084	39
7085	40
7086	40
7087	40
7088	40
7089	45
7090	51
7091	56
7092	61
7093	67
7094	70
7095	73
7096	76
7097	79
7098	83
7099	86
7100	89
7101	92
7102	92
7103	91
7104	90
7105	90
7106	89
7107	87
7108	86
7109	85
7110	83
7111	82
7112	80
7113	79
7114	78
7115	77
7116	76
7117	75
7118	74
7119	73
7120	73
7121	72
7122	72
7123	71
7124	71
7125	71
7126	70
7127	70
7128	69
7129	69
7130	69
7131	68
7132	68
7133	67
7134	66
7135	65
7136	65
7137	64
7138	63
7139	62
7140	61
7141	60
7142	59
7143	58
7144	57
7145	56
7146	55
7147	54
7148	53
7149	52
7150	51
7151	51
7152	50
7153	50
7154	49
7155	49
7156	48
7157	48
7158	47
7159	47
7160	46
7161	45
7162	45
7163	44
7164	43
7165	42
7166	41
7167	40
7168	39
7169	38
7170	37
7171	38
7172	39
7173	41
7174	42
7175	43
7176	44
7177	46
7178	52
7179	57
7180	63
7181	69
7182	75
7183	81
7184	83
7185	85
7186	87
7187	89
7188	91
7189	93
7190	91
7191	89
7192	88
7193	86
7194	84
7195	83
7196	81
7197	79
7198	78
7199	76
7200	74
7201	73
7202	71
7203	71
7204	70
7205	70
7206	70
7207	69
7208	69
7209	69
7210	69
7211	68
7212	68
7213	68
7214	68
7215	68
7216	67
7217	66
7218	65
7219	64
7220	63
7221	62
7222	61
7223	59
7224	58
7225	57
7226	56
7227	55
7228	53
7229	52
7230	51
7231	50
7232	49
7233	48
7234	47
7235	46
7236	45
7237	45
7238	44
7239	43
7240	42
7241	42
7242	40
7243	39
7244	38
7245	36
7246	35
7247	34
7248	31
7249	29
7250	27
7251	25
7252	23
7253	21
7254	20
7255	18
7256	16
7257	15
7258	13
7259	12
7260	10
7261	12
7262	15
7263	17
7264	19
7265	21
7266	24
7267	29
7268	34
7269	39
7270	44
7271	49
7272	55
7273	60
7274	61
7275	63
7276	65
7277	67
7278	68
7279	70
7280	68
7281	66
7282	63
7283	61
7284	59
7285	57
7286	55
7287	53
7288	51
7289	49
7290	47
7291	46
7292	44
7293	43
7294	42
7295	41
7296	40
7297	39
7298	38
7299	38
7300	37
7301	37
7302	36
7303	36
7304	35
7305	35
7306	34
7307	33
7308	32
7309	32
7310	31
7311	30
7312	29
7313	29
7314	28
7315	27
7316	26
7317	25
7318	24
7319	23
7320	23
7321	22
7322	21
7323	20
7324	19
7325	18
7326	17
7327	16
7328	15
7329	13
7330	12
7331	12
7332	12
7333	12
7334	11
7335	11
7336	11
7337	11
7338	11
7339	12
7340	12
7341	13
7342	13
7343	14
7344	15
7345	16
7346	17
7347	17
7348	18
7349	19
7350	23
7351	28
7352	32
7353	36
7354	40
7355	44
7356	48
7357	54
7358	60
7359	65
7360	71
7361	77
7362	82
7363	83
7364	84
7365	85
7366	85
7367	86
7368	87
7369	88
7370	86
7371	83
7372	81
7373	79
7374	77
7375	75
7376	74
7377	73
7378	72
7379	71
7380	70
7381	69
7382	69
7383	69
7384	69
7385	69
7386	69
7387	70
7388	70
7389	69
7390	68
7391	68
7392	67
7393	66
7394	66
7395	64
7396	62
7397	61
7398	59
7399	58
7400	56
7401	55
7402	53
7403	51
7404	49
7405	48
7406	46
7407	44
7408	44
7409	43
7410	42
7411	41
7412	40
7413	40
7414	39
7415	38
7416	37
7417	37
7418	36
7419	35
7420	34
7421	33
7422	32
7423	30
7424	29
7425	28
7426	27
7427	26
7428	25
7429	24
7430	23
7431	22
7432	21
7433	20
7434	20
7435	21
7436	21
7437	22
7438	22
7439	23
7440	29
7441	35
7442	40
7443	46
7444	52
7445	58
7446	62
7447	66
7448	70
7449	74
7450	78
7451	83
7452	87
7453	86
7454	86
7455	85
7456	85
7457	84
7458	84
7459	82
7460	80
7461	79
7462	77
7463	75
7464	74
7465	72
7466	72
7467	72
7468	72
7469	71
7470	71
7471	71
7472	72
7473	72
7474	73
7475	73
7476	74
7477	74
7478	73
7479	73
7480	72
7481	71
7482	71
7483	70
7484	69
7485	68
7486	66
7487	64
7488	63
7489	61
7490	59
7491	58
7492	57
7493	56
7494	55
7495	54
7496	53
7497	52
7498	51
7499	51
7500	50
7501	49
7502	49
7503	48
7504	47
7505	46
7506	45
7507	44
7508	43
7509	42
7510	41
7511	39
7512	38
7513	36
7514	35
7515	33
7516	32
7517	30
7518	28
7519	26
7520	24
7521	22
7522	20
7523	21
7524	23
7525	24
7526	25
7527	27
7528	28
7529	30
7530	36
7531	43
7532	50
7533	57
7534	64
7535	71
7536	73
7537	76
7538	79
7539	82
7540	85
7541	87
7542	85
7543	83
7544	81
7545	79
7546	77
7547	75
7548	73
7549	70
7550	68
7551	65
7552	63
7553	60
7554	58
7555	57
7556	56
7557	56
7558	55
7559	55
7560	54
7561	54
7562	54
7563	53
7564	53
7565	53
7566	53
7567	53
7568	51
7569	49
7570	48
7571	46
7572	44
7573	42
7574	40
7575	38
7576	36
7577	34
7578	32
7579	30
7580	28
7581	27
7582	26
7583	25
7584	24
7585	24
7586	23
7587	22
7588	22
7589	22
7590	21
7591	21
7592	20
7593	20
7594	19
7595	17
7596	16
7597	14
7598	13
7599	12
7600	11
7601	10
7602	9
7603	8
7604	7
7605	6
7606	7
7607	8
7608	9
7609	10
7610	11
7611	12
7612	13
7613	18
7614	24
7615	30
7616	36
7617	41
7618	47
7619	52
7620	58
7621	63
7622	68
7623	73
7624	78
7625	83
7626	83
7627	83
7628	84
7629	84
7630	84
7631	84
7632	81
7633	78
7634	76
7635	73
7636	70
7637	68
7638	66
7639	65
7640	64
7641	62
7642	61
7643	60
7644	58
7645	58
7646	58
7647	58
7648	58
7649	58
7650	58
7651	58
7652	57
7653	57
7654	56
7655	56
7656	55
7657	55
7658	53
7659	51
7660	49
7661	47
7662	45
7663	44
7664	42
7665	40
7666	38
7667	37
7668	35
7669	33
7670	33
7671	33
7672	32
7673	32
7674	31
7675	31
7676	31
7677	30
7678	29
7679	28
7680	27
7681	26
7682	26
7683	24
7684	23
7685	22
7686	21
7687	19
7688	18
7689	17
7690	16
7691	15
7692	15
7693	14
7694	13
7695	12
7696	15
7697	17
7698	19
7699	21
7700	24
7701	26
7702	32
7703	38
7704	44
7705	51
7706	57
7707	63
7708	69
7709	73
7710	77
7711	81
7712	85
7713	89
7714	93
7715	92
7716	91
7717	90
7718	89
7719	88
7720	87
7721	86
7722	83
7723	80
7724	78
7725	75
7726	73
7727	70
7728	69
7729	68
7730	67
7731	66
7732	65
7733	64
7734	64
7735	63
7736	63
7737	63
7738	63
7739	63
7740	63
7741	62
7742	61
7743	59
7744	58
7745	57
7746	56
7747	54
7748	51
7749	49
7750	47
7751	44
7752	42
7753	40
7754	38
7755	37
7756	35
7757	33
7758	32
7759	30
7760	30
7761	29
7762	29
7763	28
7764	28
7765	28
7766	27
7767	27
7768	26
7769	26
7770	26
7771	25
7772	25
7773	24
7774	23
7775	23
7776	22
7777	21
7778	21
7779	20
7780	19
7781	18
7782	17
7783	16
7784	15
7785	16
7786	17
7787	18
7788	20
7789	21
7790	22
7791	30
7792	38
7793	46
7794	54
7795	62
7796	71
7797	74
7798	77
7799	81
7800	84
7801	87
7802	91
7803	94
7804	92
7805	91
7806	89
7807	88
7808	86
7809	85
7810	83
7811	81
7812	79
7813	77
7814	75
7815	73
7816	71
7817	70
7818	69
7819	69
7820	68
7821	67
7822	67
7823	66
7824	66
7825	66
7826	66
7827	66
7828	65
7829	65
7830	64
7831	63
7832	63
7833	62
7834	61
7835	61
7836	59
7837	57
7838	55
7839	53
7840	51
7841	49
7842	46
7843	44
7844	42
7845	39
7846	37
7847	34
7848	32
7849	30
7850	29
7851	27
7852	26
7853	24
7854	22
7855	22
7856	21
7857	20
7858	19
7859	18
7860	18
7861	16
7862	15
7863	14
7864	12
7865	11
7866	10
7867	8
7868	8
7869	7
7870	6
7871	6
7872	5
7873	5
7874	6
7875	7
7876	9
7877	10
7878	12
7879	13
7880	15
7881	21
7882	27
7883	34
7884	40
7885	46
7886	53
7887	57
7888	61
7889	65
7890	69
7891	73
7892	77
7893	76
7894	75
7895	74
7896	73
7897	72
7898	71
7899	71
7900	69
7901	67
7902	65
7903	63
7904	61
7905	60
7906	59
7907	59
7908	58
7909	57
7910	57
7911	56
7912	56
7913	55
7914	55
7915	55
7916	55
7917	55
7918	54
7919	53
7920	52
7921	51
7922	49
7923	48
7924	47
7925	45
7926	44
7927	42
7928	40
7929	39
7930	37
7931	36
7932	34
7933	33
7934	32
7935	31
7936	30
7937	29
7938	29
7939	28
7940	27
7941	27
7942	26
7943	25
7944	25
7945	24
7946	23
7947	22
7948	21
7949	20
7950	19
7951	18
7952	18
7953	17
7954	17
7955	16
7956	16
7957	16
7958	16
7959	17
7960	17
7961	17
7962	18
7963	18
7964	22
7965	27
7966	31
7967	36
7968	40
7969	45
7970	50
7971	55
7972	60
7973	66
7974	71
7975	76
7976	82
7977	82
7978	83
7979	84
7980	84
7981	85
7982	86
7983	83
7984	80
7985	77
7986	74
7987	71
7988	68
7989	67
7990	65
7991	64
7992	62
7993	61
7994	59
7995	58
7996	58
7997	58
7998	58
7999	58
8000	58
8001	58
8002	57
8003	57
8004	56
8005	56
8006	55
8007	55
8008	54
8009	53
8010	52
8011	50
8012	49
8013	48
8014	46
8015	45
8016	44
8017	43
8018	42
8019	41
8020	40
8021	40
8022	39
8023	38
8024	38
8025	37
8026	36
8027	36
8028	35
8029	34
8030	34
8031	33
8032	32
8033	32
8034	31
8035	30
8036	30
8037	29
8038	28
8039	28
8040	27
8041	27
8042	26
8043	26
8044	26
8045	26
8046	25
8047	30
8048	35
8049	40
8050	45
8051	50
8052	55
8053	60
8054	65
8055	70
8056	75
8057	80
8058	85
8059	90
8060	90
8061	89
8062	89
8063	88
8064	87
8065	87
8066	84
8067	81
8068	79
8069	76
8070	73
8071	70
8072	68
8073	66
8074	64
8075	63
8076	61
8077	60
8078	58
8079	59
8080	59
8081	60
8082	60
8083	61
8084	62
8085	61
8086	61
8087	61
8088	61
8089	61
8090	61
8091	61
8092	59
8093	58
8094	56
8095	55
8096	54
8097	52
8098	51
8099	50
8100	48
8101	47
8102	46
8103	45
8104	44
8105	43
8106	42
8107	41
8108	40
8109	39
8110	38
8111	36
8112	35
8113	34
8114	32
8115	31
8116	30
8117	28
8118	27
8119	26
8120	25
8121	24
8122	22
8123	21
8124	21
8125	20
8126	20
8127	19
8128	19
8129	18
8130	21
8131	25
8132	28
8133	32
8134	35
8135	39
8136	42
8137	49
8138	56
8139	63
8140	70
8141	77
8142	85
8143	86
8144	87
8145	88
8146	89
8147	90
8148	92
8149	90
8150	88
8151	86
8152	85
8153	83
8154	81
8155	80
8156	78
8157	76
8158	74
8159	73
8160	71
8161	69
8162	69
8163	68
8164	67
8165	66
8166	66
8167	65
8168	64
8169	63
8170	63
8171	62
8172	61
8173	61
8174	60
8175	58
8176	57
8177	55
8178	53
8179	52
8180	50
8181	49
8182	47
8183	46
8184	44
8185	42
8186	41
8187	39
8188	38
8189	37
8190	36
8191	35
8192	34
8193	34
8194	33
8195	32
8196	31
8197	30
8198	29
8199	28
8200	28
8201	27
8202	26
8203	24
8204	23
8205	22
8206	21
8207	20
8208	19
8209	18
8210	18
8211	17
8212	16
8213	16
8214	17
8215	17
8216	17
8217	18
8218	18
8219	19
8220	25
8221	31
8222	37
8223	43
8224	49
8225	55
8226	60
8227	65
8228	71
8229	76
8230	81
8231	86
8232	92
8233	91
8234	90
8235	90
8236	89
8237	88
8238	88
8239	85
8240	82
8241	79
8242	76
8243	73
8244	71
8245	69
8246	67
8247	66
8248	64
8249	63
8250	61
8251	60
8252	59
8253	59
8254	59
8255	59
8256	59
8257	58
8258	58
8259	57
8260	56
8261	55
8262	54
8263	54
8264	53
8265	51
8266	49
8267	47
8268	46
8269	44
8270	42
8271	41
8272	40
8273	39
8274	38
8275	37
8276	36
8277	36
8278	35
8279	34
8280	34
8281	33
8282	32
8283	32
8284	30
8285	29
8286	28
8287	26
8288	25
8289	24
8290	23
8291	23
8292	22
8293	22
8294	21
8295	21
8296	20
8297	20
8298	20
8299	20
8300	20
8301	20
8302	20
8303	21
8304	22
8305	24
8306	25
8307	26
8308	27
8309	33
8310	39
8311	46
8312	52
8313	58
8314	65
8315	71
8316	75
8317	79
8318	83
8319	87
8320	91
8321	95
8322	94
8323	93
8324	92
8325	91
8326	91
8327	90
8328	89
8329	87
8330	85
8331	83
8332	81
8333	79
8334	77
8335	76
8336	75
8337	75
8338	74
8339	73
8340	72
8341	72
8342	72
8343	71
8344	71
8345	71
8346	70
8347	70
8348	69
8349	68
8350	67
8351	66
8352	65
8353	64
8354	63
8355	62
8356	61
8357	59
8358	58
8359	57
8360	56
8361	55
8362	54
8363	53
8364	52
8365	51
8366	50
8367	49
8368	49
8369	48
8370	48
8371	47
8372	47
8373	46
8374	45
8375	45
8376	44
8377	43
8378	43
8379	42
8380	41
8381	40
8382	39
8383	38
8384	36
8385	35
8386	34
8387	33
8388	32
8389	31
8390	30
8391	29
8392	29
8393	29
8394	29
8395	29
8396	29
8397	29
8398	29
8399	34
8400	38
8401	43
8402	48
8403	52
8404	57
8405	61
8406	65
8407	68
8408	72
8409	76
8410	79
8411	83
8412	83
8413	82
8414	81
8415	81
8416	80
8417	80
8418	78
8419	76
8420	74
8421	72
8422	70
8423	68
8424	66
8425	65
8426	64
8427	62
8428	61
8429	59
8430	58
8431	57
8432	56
8433	54
8434	53
8435	52
8436	51
8437	49
8438	48
8439	46
8440	44
8441	43
8442	41
8443	40
8444	38
8445	36
8446	34
8447	32
8448	30
8449	28
8450	27
8451	26
8452	25
8453	24
8454	23
8455	22
8456	21
8457	20
8458	19
8459	18
8460	18
8461	17
8462	16
8463	15
8464	14
8465	13
8466	12
8467	11
8468	10
8469	9
8470	8
8471	7
8472	7
8473	6
8474	5
8475	5
8476	5
8477	5
8478	5
8479	5
8480	5
8481	5
8482	5
8483	6
8484	6
8485	7
8486	7
8487	8
8488	8
8489	13
8490	17
8491	22
8492	26
8493	31
8494	35
8495	40
8496	45
8497	49
8498	54
8499	59
8500	63
8501	63
8502	63
8503	63
8504	62
8505	62
8506	62
8507	60
8508	57
8509	55
8510	53
8511	51
8512	49
8513	48
8514	47
8515	46
8516	44
8517	43
8518	42
8519	41
8520	41
8521	40
8522	39
8523	38
8524	38
8525	37
8526	36
8527	34
8528	33
8529	31
8530	30
8531	28
8532	27
8533	25
8534	23
8535	22
8536	20
8537	19
8538	17
8539	16
8540	15
8541	14
8542	12
8543	11
8544	10
8545	9
8546	9
8547	8
8548	7
8549	7
8550	6
8551	6
8552	5
8553	5
8554	5
8555	5
8556	5
8557	5
8558	5
8559	5
8560	5
8561	5
8562	5
8563	5
8564	5
8565	5
8566	5
8567	5
8568	5
8569	5
8570	5
8571	5
8572	6
8573	6
8574	6
8575	7
8576	7
8577	10
8578	13
8579	15
8580	18
8581	21
8582	24
8583	27
8584	30
8585	33
8586	36
8587	39
8588	42
8589	45
8590	44
8591	43
8592	42
8593	41
8594	41
8595	40
8596	38
8597	37
8598	35
8599	34
8600	32
8601	31
8602	29
8603	28
8604	28
8605	27
8606	26
8607	26
8608	25
8609	25
8610	25
8611	25
8612	24
8613	24
8614	24
8615	24
8616	23
8617	23
8618	22
8619	21
8620	21
8621	20
8622	19
8623	18
8624	17
8625	16
8626	15
8627	14
8628	13
8629	12
8630	12
8631	11
8632	10
8633	10
8634	9
8635	9
8636	9
8637	9
8638	9
8639	9
8640	9
8641	8
8642	8
8643	8
8644	7
8645	7
8646	7
8647	7
8648	6
8649	6
8650	6
8651	5
8652	5
8653	5
8654	5
8655	6
8656	7
8657	8
8658	9
8659	10
8660	14
8661	17
8662	21
8663	24
8664	28
8665	31
8666	35
8667	38
8668	41
8669	44
8670	46
8671	49
8672	52
8673	52
8674	51
8675	51
8676	50
8677	50
8678	50
8679	49
8680	48
8681	46
8682	45
8683	43
8684	42
8685	41
8686	40
8687	40
8688	40
8689	39
8690	39
8691	39
8692	39
8693	39
8694	39
8695	39
8696	40
8697	40
8698	40
8699	39
8700	39
8701	39
8702	38
8703	38
8704	37
8705	37
8706	36
8707	35
8708	35
8709	34
8710	33
8711	33
8712	33
8713	32
8714	32
8715	32
8716	32
8717	32
8718	32
8719	32
8720	32
8721	32
8722	32
8723	32
8724	31
8725	31
8726	31
8727	31
8728	31
8729	31
8730	30
8731	32
8732	33
8733	34
8734	35
8735	36
8736	38
8737	42
8738	46
8739	49
8740	53
8741	57
8742	61
8743	65
8744	68
8745	70
8746	73
8747	75
8748	78
8749	81
8750	79
8751	78
8752	77
8753	76
8754	75
8755	74
8756	73
8757	72
8758	71
8759	70
8760	69
8761	67
8762	66
8763	66
8764	65
8765	65
8766	64
8767	63
8768	63
8769	62
8770	62
8771	61
8772	61
8773	60
8774	60
8775	59
8776	58
8777	57
8778	55
8779	54
8780	53
8781	52
8782	50
8783	49
8784	48
8785	47
8786	46
8787	44
8788	44
8789	43
8790	42
8791	42
8792	41
8793	40
8794	40
8795	39
8796	39
8797	38
8798	37
8799	37
8800	36
8801	35
8802	35
8803	34
8804	33
8805	32
8806	31
8807	31
8808	30
8809	29
8810	28
8811	28
8812	27
8813	26
8814	30
8815	33
8816	36
8817	39
8818	42
8819	46
8820	50
8821	55
8822	59
8823	64
8824	68
8825	73
8826	77
8827	79
8828	80
8829	81
8830	83
8831	84
8832	85
8833	84
8834	83
8835	82
8836	81
8837	80
8838	79
8839	78
8840	77
8841	76
8842	74
8843	73
8844	71
8845	70
8846	69
8847	68
8848	67
8849	66
8850	65
8851	64
8852	63
8853	62
8854	62
8855	61
8856	60
8857	59
8858	59
8859	58
8860	56
8861	55
8862	54
8863	53
8864	52
8865	51
8866	50
8867	49
8868	48
8869	47
8870	46
8871	45
8872	44
8873	43
8874	42
8875	41
8876	40
8877	39
8878	38
8879	38
8880	37
8881	36
8882	35
8883	35
8884	34
8885	33
8886	33
8887	32
8888	31
8889	30
8890	30
8891	29
8892	28
8893	27
8894	26
8895	25
8896	24
8897	25
8898	26
8899	27
8900	28
8901	29
8902	30
8903	32
8904	38
8905	44
8906	50
8907	57
8908	63
8909	69
8910	73
8911	77
8912	81
8913	85
8914	89
8915	93
8916	92
8917	91
8918	91
8919	90
8920	89
8921	88
8922	88
8923	86
8924	84
8925	82
8926	81
8927	79
8928	77
8929	76
8930	75
8931	73
8932	72
8933	71
8934	70
8935	69
8936	67
8937	66
8938	65
8939	64
8940	63
8941	62
8942	61
8943	59
8944	58
8945	57
8946	55
8947	54
8948	53
8949	51
8950	50
8951	49
8952	47
8953	46
8954	45
8955	43
8956	42
8957	40
8958	39
8959	37
8960	36
8961	35
8962	33
8963	32
8964	31
8965	30
8966	29
8967	28
8968	27
8969	25
8970	24
8971	23
8972	22
8973	21
8974	20
8975	19
8976	17
8977	16
8978	15
8979	14
8980	12
8981	11
8982	10
8983	9
8984	8
8985	7
8986	6
8987	6
8988	5
8989	5
8990	5
8991	5
8992	5
8993	7
8994	9
8995	11
8996	14
8997	16
8998	18
8999	21
9000	26
9001	32
9002	37
9003	43
9004	48
9005	54
9006	55
9007	57
9008	58
9009	60
9010	61
9011	63
9012	61
9013	60
9014	58
9015	57
9016	55
9017	54
9018	52
9019	51
9020	50
9021	49
9022	48
9023	46
9024	45
9025	45
9026	44
9027	44
9028	44
9029	43
9030	43
9031	43
9032	42
9033	41
9034	41
9035	40
9036	39
9037	39
9038	38
9039	37
9040	36
9041	35
9042	34
9043	33
9044	32
9045	31
9046	30
9047	29
9048	28
9049	27
9050	26
9051	25
9052	25
9053	25
9054	24
9055	24
9056	24
9057	24
9058	24
9059	24
9060	24
9061	24
9062	24
9063	24
9064	23
9065	23
9066	23
9067	23
9068	23
9069	23
9070	23
9071	22
9072	22
9073	22
9074	22
9075	21
9076	23
9077	25
9078	27
9079	29
9080	31
9081	32
9082	34
9083	40
9084	46
9085	52
9086	58
9087	64
9088	70
9089	73
9090	76
9091	79
9092	82
9093	86
9094	89
9095	92
9096	91
9097	90
9098	89
9099	88
9100	87
9101	86
9102	84
9103	82
9104	80
9105	79
9106	77
9107	75
9108	75
9109	74
9110	74
9111	74
9112	73
9113	73
9114	73
9115	72
9116	72
9117	72
9118	71
9119	71
9120	71
9121	70
9122	69
9123	68
9124	67
9125	66
9126	65
9127	65
9128	63
9129	62
9130	60
9131	59
9132	57
9133	56
9134	54
9135	53
9136	52
9137	51
9138	50
9139	49
9140	48
9141	47
9142	47
9143	46
9144	45
9145	44
9146	44
9147	43
9148	42
9149	41
9150	40
9151	39
9152	38
9153	37
9154	37
9155	36
9156	35
9157	34
9158	33
9159	33
9160	33
9161	32
9162	32
9163	32
9164	32
9165	32
9166	37
9167	42
9168	46
9169	51
9170	56
9171	61
9172	65
9173	70
9174	74
9175	79
9176	84
9177	88
9178	93
9179	92
9180	92
9181	92
9182	92
9183	92
9184	92
9185	90
9186	89
9187	88
9188	86
9189	85
9190	84
9191	82
9192	81
9193	80
9194	78
9195	77
9196	76
9197	74
9198	73
9199	73
9200	72
9201	71
9202	70
9203	70
9204	69
9205	68
9206	67
9207	67
9208	66
9209	65
9210	64
9211	63
9212	62
9213	61
9214	60
9215	59
9216	58
9217	57
9218	56
9219	55
9220	54
9221	53
9222	52
9223	51
9224	50
9225	49
9226	49
9227	48
9228	47
9229	46
9230	45
9231	44
9232	44
9233	43
9234	42
9235	41
9236	40
9237	40
9238	39
9239	38
9240	37
9241	37
9242	36
9243	35
9244	34
9245	33
9246	32
9247	31
9248	31
9249	30
9250	29
9251	29
9252	28
9253	27
9254	27
9255	29
9256	31
9257	33
9258	35
9259	37
9260	39
9261	45
9262	51
9263	57
9264	64
9265	70
9266	76
9267	79
9268	81
9269	84
9270	86
9271	88
9272	91
9273	93
9274	92
9275	91
9276	90
9277	88
9278	87
9279	86
9280	85
9281	83
9282	82
9283	80
9284	79
9285	77
9286	76
9287	75
9288	74
9289	73
9290	71
9291	70
9292	69
9293	68
9294	67
9295	65
9296	64
9297	63
9298	62
9299	60
9300	59
9301	57
9302	56
9303	55
9304	53
9305	52
9306	50
9307	49
9308	47
9309	45
9310	43
9311	42
9312	40
9313	39
9314	37
9315	36
9316	34
9317	33
9318	31
9319	30
9320	28
9321	27
9322	26
9323	24
9324	23
9325	22
9326	20
9327	19
9328	18
9329	16
9330	15
9331	14
9332	13
9333	12
9334	10
9335	9
9336	8
9337	7
9338	6
9339	6
9340	6
9341	5
9342	5
9343	5
9344	5
9345	6
9346	6
9347	7
9348	7
9349	8
9350	8
9351	12
9352	17
9353	21
9354	25
9355	29
9356	34
9357	38
9358	43
9359	47
9360	52
9361	56
9362	61
9363	60
9364	60
9365	60
9366	60
9367	60
9368	60
9369	59
9370	57
9371	55
9372	53
9373	51
9374	49
9375	47
9376	46
9377	45
9378	44
9379	43
9380	42
9381	41
9382	40
9383	40
9384	39
9385	39
9386	39
9387	39
9388	39
9389	38
9390	38
9391	38
9392	38
9393	37
9394	37
9395	37
9396	36
9397	36
9398	35
9399	35
9400	34
9401	34
9402	33
9403	33
9404	33
9405	33
9406	33
9407	33
9408	33
9409	33
9410	33
9411	33
9412	33
9413	33
9414	33
9415	32
9416	32
9417	31
9418	31
9419	31
9420	30
9421	29
9422	28
9423	27
9424	26
9425	24
9426	23
9427	23
9428	23
9429	23
9430	23
9431	24
9432	24
9433	24
9434	28
9435	32
9436	36
9437	40
9438	44
9439	49
9440	52
9441	55
9442	59
9443	62
9444	65
9445	69
9446	72
9447	71
9448	71
9449	71
9450	70
9451	70
9452	69
9453	68
9454	66
9455	65
9456	63
9457	62
9458	61
9459	61
9460	61
9461	61
9462	60
9463	60
9464	60
9465	60
9466	60
9467	60
9468	60
9469	59
9470	59
9471	59
9472	57
9473	55
9474	53
9475	51
9476	49
9477	47
9478	45
9479	41
9480	38
9481	35
9482	31
9483	28
9484	25
9485	23
9486	22
9487	21
9488	19
9489	18
9490	17
9491	17
9492	17
9493	17
9494	18
9495	18
9496	18
9497	18
9498	18
9499	17
9500	17
9501	16
9502	16
9503	15
9504	17
9505	19
9506	21
9507	23
9508	25
9509	27
9510	29
9511	35
9512	41
9513	47
9514	53
9515	59
9516	65
9517	68
9518	70
9519	73
9520	75
9521	78
9522	81
9523	81
9524	82
9525	83
9526	84
9527	85
9528	85
9529	86
9530	88
9531	89
9532	90
9533	92
9534	93
9535	95
9536	95
9537	95
9538	95
9539	95
9540	95
9541	95
9542	95
9543	94
9544	94
9545	94
9546	93
9547	93
9548	93
9549	90
9550	88
9551	86
9552	84
9553	82
9554	79
9555	76
9556	74
9557	71
9558	68
9559	65
9560	62
9561	59
9562	56
9563	53
9564	50
9565	47
9566	44
9567	41
9568	39
9569	38
9570	36
9571	34
9572	33
9573	31
9574	29
9575	28
9576	27
9577	27
9578	26
9579	25
9580	24
9581	24
9582	24
9583	24
9584	25
9585	25
9586	25
9587	28
9588	31
9589	34
9590	37
9591	40
9592	43
9593	46
9594	50
9595	53
9596	57
9597	61
9598	65
9599	69
9600	70
9601	71
9602	72
9603	73
9604	74
9605	75
9606	76
9607	75
9608	74
9609	73
9610	72
9611	71
9612	70
9613	70
9614	69
9615	69
9616	68
9617	67
9618	67
9619	67
9620	68
9621	68
9622	68
9623	68
9624	69
9625	69
9626	69
9627	69
9628	69
9629	70
9630	70
9631	70
9632	69
9633	68
9634	67
9635	66
9636	66
9637	65
9638	64
9639	63
9640	62
9641	61
9642	59
9643	58
9644	57
9645	56
9646	56
9647	55
9648	54
9649	54
9650	53
9651	52
9652	51
9653	50
9654	49
9655	49
9656	48
9657	47
9658	46
9659	45
9660	43
9661	42
9662	41
9663	40
9664	40
9665	40
9666	41
9667	41
9668	41
9669	42
9670	42
9671	45
9672	48
9673	51
9674	54
9675	57
9676	60
9677	62
9678	63
9679	65
9680	66
9681	67
9682	69
9683	68
9684	67
9685	66
9686	66
9687	65
9688	64
9689	63
9690	62
9691	61
9692	60
9693	59
9694	57
9695	56
9696	56
9697	56
9698	56
9699	55
9700	55
9701	55
9702	55
9703	55
9704	55
9705	55
9706	56
9707	56
9708	56
9709	57
9710	57
9711	57
9712	57
9713	57
9714	58
9715	57
9716	57
9717	57
9718	57
9719	57
9720	57
9721	57
9722	57
9723	56
9724	56
9725	55
9726	55
9727	54
9728	54
9729	53
9730	53
9731	53
9732	52
9733	52
9734	51
9735	52
9736	53
9737	54
9738	55
9739	55
9740	56
9741	59
9742	63
9743	66
9744	69
9745	73
9746	76
9747	78
9748	80
9749	82
9750	84
9751	85
9752	87
9753	89
9754	89
9755	88
9756	88
9757	87
9758	86
9759	86
9760	85
9761	83
9762	82
9763	81
9764	80
9765	78
9766	77
9767	76
9768	75
9769	74
9770	72
9771	71
9772	70
9773	69
9774	68
9775	67
9776	66
9777	65
9778	64
9779	63
9780	62
9781	61
9782	60
9783	59
9784	58
9785	57
9786	55
9787	54
9788	53
9789	52
9790	51
9791	50
9792	49
9793	48
9794	47
9795	46
9796	46
9797	45
9798	44
9799	43
9800	42
9801	41
9802	41
9803	40
9804	39
9805	38
9806	37
9807	36
9808	35
9809	34
9810	33
9811	32
9812	32
9813	32
9814	32
9815	32
9816	31
9817	31
9818	34
9819	37
9820	40
9821	44
9822	47
9823	50
9824	53
9825	57
9826	61
9827	64
9828	68
9829	71
9830	75
9831	76
9832	77
9833	78
9834	79
9835	80
9836	81
9837	80
9838	79
9839	78
9840	77
9841	76
9842	75
9843	74
9844	72
9845	71
9846	69
9847	68
9848	67
9849	65
9850	64
9851	63
9852	62
9853	60
9854	59
9855	58
9856	57
9857	56
9858	56
9859	55
9860	54
9861	53
9862	52
9863	51
9864	50
9865	49
9866	48
9867	46
9868	45
9869	44
9870	42
9871	40
9872	39
9873	37
9874	36
9875	34
9876	33
9877	31
9878	30
9879	28
9880	27
9881	26
9882	24
9883	23
9884	21
9885	20
9886	18
9887	17
9888	15
9889	14
9890	12
9891	11
9892	9
9893	8
9894	8
9895	8
9896	7
9897	7
9898	7
9899	7
9900	7
9901	11
9902	15
9903	19
9904	24
9905	28
9906	32
9907	38
9908	43
9909	49
9910	55
9911	61
9912	66
9913	68
9914	70
9915	72
9916	73
9917	75
9918	77
9919	76
9920	76
9921	75
9922	75
9923	74
9924	74
9925	73
9926	72
9927	71
9928	70
9929	69
9930	68
9931	68
9932	67
9933	66
9934	65
9935	65
9936	64
9937	63
9938	63
9939	62
9940	61
9941	60
9942	59
9943	59
9944	58
9945	56
9946	55
9947	54
9948	52
9949	51
9950	50
9951	48
9952	47
9953	46
9954	44
9955	43
9956	42
9957	40
9958	39
9959	38
9960	37
9961	35
9962	34
9963	33
9964	32
9965	31
9966	30
9967	30
9968	29
9969	28
9970	28
9971	28
9972	29
9973	29
9974	29
9975	30
9976	30
9977	34
9978	38
9979	43
9980	47
9981	51
9982	55
9983	60
9984	64
9985	69
9986	73
9987	78
9988	82
9989	87
9990	88
9991	89
9992	90
9993	91
9994	92
9995	93
9996	91
9997	90
9998	89
9999	87
10000	86
10001	85
10002	83
10003	82
10004	81
10005	80
10006	78
10007	77
10008	76
10009	75
10010	74
10011	73
10012	72
10013	71
10014	70
10015	69
10016	68
10017	68
10018	67
10019	66
10020	65
10021	65
10022	63
10023	62
10024	61
10025	60
10026	59
10027	57
10028	56
10029	55
10030	53
10031	52
10032	51
10033	50
10034	49
10035	48
10036	48
10037	47
10038	47
10039	46
10040	46
10041	45
10042	45
10043	45
10044	44
10045	44
10046	44
10047	43
10048	42
10049	41
10050	41
10051	40
10052	39
10053	38
10054	38
10055	38
10056	38
10057	38
10058	38
10059	38
10060	42
10061	47
10062	52
10063	56
10064	61
10065	65
10066	68
10067	71
10068	74
10069	77
10070	81
10071	84
10072	87
10073	85
10074	83
10075	82
10076	80
10077	78
10078	77
10079	74
10080	70
10081	67
10082	64
10083	61
10084	58
10085	55
10086	52
10087	50
10088	47
10089	44
10090	41
10091	39
10092	37
10093	36
10094	34
10095	33
10096	32
10097	30
10098	29
10099	29
10100	28
10101	27
10102	26
10103	26
10104	25
10105	24
10106	23
10107	22
10108	21
10109	20
10110	19
10111	17
10112	16
10113	15
10114	14
10115	13
10116	12
10117	11
10118	10
10119	9
10120	8
10121	7
10122	6
10123	5
10124	5
10125	5
10126	5
10127	5
10128	5
10129	5
10130	5
10131	5
10132	5
10133	5
10134	5
10135	5
10136	5
10137	5
10138	5
10139	5
10140	5
10141	5
10142	5
10143	5
10144	6
10145	7
10146	8
10147	8
10148	9
10149	10
10150	14
10151	18
10152	21
10153	25
10154	29
10155	33
10156	35
10157	37
10158	40
10159	42
10160	44
10161	46
10162	46
10163	45
10164	44
10165	43
10166	43
10167	42
10168	41
10169	40
10170	39
10171	39
10172	38
10173	37
10174	36
10175	36
10176	35
10177	35
10178	35
10179	35
10180	35
10181	35
10182	34
10183	34
10184	34
10185	34
10186	34
10187	34
10188	33
10189	32
10190	31
10191	30
10192	29
10193	29
10194	28
10195	27
10196	26
10197	26
10198	25
10199	24
10200	23
10201	23
10202	23
10203	22
10204	22
10205	22
10206	22
10207	21
10208	21
10209	21
10210	21
10211	21
10212	21
10213	21
10214	21
10215	20
10216	20
10217	20
10218	20
10219	19
10220	19
10221	19
10222	19
10223	19
10224	19
10225	19
10226	21
10227	24
10228	26
10229	29
10230	31
10231	34
10232	37
10233	41
10234	46
10235	50
10236	55
10237	60
10238	64
10239	66
10240	67
10241	68
10242	69
10243	71
10244	72
10245	73
10246	72
10247	70
10248	68
10249	67
10250	65
10251	63
10252	61
10253	60
10254	58
10255	56
10256	55
10257	53
10258	52
10259	51
10260	51
10261	50
10262	49
10263	49
10264	48
10265	47
10266	46
10267	45
10268	44
10269	43
10270	43
10271	41
10272	40
10273	39
10274	38
10275	37
10276	35
10277	34
10278	33
10279	32
10280	31
10281	30
10282	29
10283	28
10284	27
10285	27
10286	26
10287	26
10288	25
10289	25
10290	24
10291	24
10292	24
10293	24
10294	23
10295	23
10296	23
10297	23
10298	22
10299	22
10300	21
10301	21
10302	20
10303	20
10304	19
10305	19
10306	19
10307	18
10308	18
10309	17
10310	20
10311	22
10312	24
10313	27
10314	29
10315	31
10316	36
10317	40
10318	45
10319	49
10320	54
10321	59
10322	59
10323	60
10324	61
10325	62
10326	63
10327	64
10328	64
10329	63
10330	61
10331	59
10332	57
10333	56
10334	54
10335	53
10336	51
10337	50
10338	48
10339	47
10340	45
10341	44
10342	43
10343	42
10344	41
10345	40
10346	40
10347	39
10348	38
10349	38
10350	37
10351	36
10352	36
10353	35
10354	34
10355	33
10356	33
10357	32
10358	31
10359	30
10360	29
10361	28
10362	27
10363	26
10364	25
10365	24
10366	23
10367	22
10368	21
10369	20
10370	19
10371	18
10372	17
10373	17
10374	15
10375	14
10376	13
10377	12
10378	11
10379	10
10380	9
10381	8
10382	7
10383	6
10384	6
10385	5
10386	5
10387	5
10388	5
10389	5
10390	5
10391	5
10392	5
10393	5
10394	5
10395	6
10396	6
10397	6
10398	7
10399	10
10400	13
10401	16
10402	19
10403	22
10404	25
10405	29
10406	32
10407	36
10408	40
10409	44
10410	48
10411	51
10412	52
10413	52
10414	52
10415	52
10416	52
10417	52
10418	51
10419	51
10420	50
10421	49
10422	48
10423	47
10424	46
10425	46
10426	45
10427	44
10428	44
10429	43
10430	43
10431	42
10432	42
10433	42
10434	41
10435	41
10436	41
10437	40
10438	39
10439	38
10440	37
10441	36
10442	35
10443	34
10444	33
10445	31
10446	30
10447	28
10448	27
10449	25
10450	24
10451	23
10452	22
10453	21
10454	19
10455	18
10456	17
10457	16
10458	15
10459	15
10460	14
10461	13
10462	12
10463	11
10464	11
10465	10
10466	9
10467	8
10468	8
10469	7
10470	7
10471	6
10472	6
10473	5
10474	5
10475	5
10476	5
10477	5
10478	5
10479	5
10480	5
10481	5
10482	5
10483	6
10484	6
10485	7
10486	7
10487	8
10488	9
10489	12
10490	16
10491	20
10492	24
10493	28
10494	31
10495	35
10496	38
10497	42
10498	46
10499	49
10500	53
10501	56
10502	56
10503	55
10504	54
10505	54
10506	53
10507	52
10508	49
10509	47
10510	44
10511	41
10512	38
10513	36
10514	34
10515	33
10516	31
10517	30
10518	28
10519	27
10520	25
10521	24
10522	23
10523	22
10524	21
10525	20
10526	19
10527	18
10528	17
10529	16
10530	15
10531	14
10532	13
10533	13
10534	11
10535	10
10536	9
10537	8
10538	7
10539	6
10540	6
10541	5
10542	5
10543	5
10544	5
10545	5
10546	5
10547	5
10548	5
10549	5
10550	5
10551	5
10552	5
10553	5
10554	5
10555	5
10556	5
10557	5
10558	5
10559	5
10560	5
10561	5
10562	5
10563	5
10564	5
10565	5
10566	5
10567	5
10568	5
10569	5
10570	5
10571	5
10572	5
10573	5
10574	6
10575	6
10576	6
10577	7
10578	9
10579	12
10580	14
10581	17
10582	19
10583	22
10584	25
10585	28
10586	32
10587	36
10588	40
10589	44
10590	44
10591	44
10592	44
10593	44
10594	45
10595	45
10596	45
10597	44
10598	43
10599	42
10600	41
10601	40
10602	39
10603	39
10604	39
10605	39
10606	39
10607	39
10608	39
10609	39
10610	40
10611	40
10612	41
10613	41
10614	41
10615	42
10616	41
10617	41
10618	41
10619	40
10620	40
10621	40
10622	39
10623	38
10624	37
10625	36
10626	35
10627	34
10628	33
10629	32
10630	31
10631	30
10632	29
10633	28
10634	28
10635	27
10636	27
10637	27
10638	27
10639	26
10640	26
10641	26
10642	25
10643	25
10644	25
10645	24
10646	24
10647	24
10648	23
10649	22
10650	22
10651	21
10652	20
10653	20
10654	19
10655	19
10656	19
10657	19
10658	19
10659	19
10660	19
10661	22
10662	25
10663	29
10664	32
10665	35
10666	39
10667	43
10668	48
10669	53
10670	57
10671	62
10672	67
10673	67
10674	68
10675	69
10676	69
10677	70
10678	71
10679	71
10680	70
10681	68
10682	66
10683	65
10684	63
10685	61
10686	60
10687	59
10688	58
10689	57
10690	56
10691	55
10692	54
10693	54
10694	54
10695	53
10696	53
10697	53
10698	52
10699	52
10700	51
10701	50
10702	50
10703	49
10704	48
10705	47
10706	47
10707	46
10708	45
10709	44
10710	43
10711	42
10712	41
10713	40
10714	40
10715	39
10716	38
10717	37
10718	37
10719	37
10720	37
10721	37
10722	37
10723	37
10724	37
10725	37
10726	37
10727	37
10728	37
10729	37
10730	38
10731	37
10732	37
10733	37
10734	37
10735	36
10736	36
10737	36
10738	35
10739	35
10740	35
10741	34
10742	34
10743	33
10744	34
10745	34
10746	35
10747	35
10748	36
10749	36
10750	40
10751	43
10752	47
10753	51
10754	54
10755	58
10756	61
10757	65
10758	68
10759	71
10760	75
10761	78
10762	81
10763	81
10764	80
10765	79
10766	78
10767	77
10768	76
10769	75
10770	74
10771	72
10772	71
10773	70
10774	68
10775	67
10776	66
10777	66
10778	65
10779	65
10780	64
10781	64
10782	63
10783	63
10784	63
10785	63
10786	63
10787	63
10788	63
10789	63
10790	62
10791	62
10792	61
10793	61
10794	60
10795	59
10796	58
10797	56
10798	55
10799	54
10800	53
10801	52
10802	51
10803	50
10804	49
10805	48
10806	48
10807	47
10808	46
10809	45
10810	44
10811	43
10812	42
10813	41
10814	40
10815	39
10816	38
10817	37
10818	36
10819	35
10820	35
10821	33
10822	32
10823	31
10824	30
10825	29
10826	27
10827	26
10828	26
10829	25
10830	24
10831	23
10832	22
10833	24
10834	26
10835	27
10836	29
10837	31
10838	33
10839	35
10840	40
10841	46
10842	51
10843	56
10844	62
10845	67
10846	70
10847	72
10848	74
10849	77
10850	79
10851	81
10852	84
10853	82
10854	80
10855	79
10856	77
10857	76
10858	74
10859	72
10860	70
10861	68
10862	66
10863	64
10864	62
10865	61
10866	59
10867	58
10868	57
10869	56
10870	55
10871	54
10872	52
10873	51
10874	50
10875	48
10876	47
10877	46
10878	44
10879	42
10880	41
10881	39
10882	38
10883	36
10884	35
10885	33
10886	31
10887	30
10888	28
10889	26
10890	25
10891	24
10892	23
10893	22
10894	21
10895	21
10896	20
10897	19
10898	19
10899	19
10900	19
10901	18
10902	18
10903	18
10904	17
10905	17
10906	17
10907	17
10908	17
10909	17
10910	16
10911	16
10912	15
10913	15
10914	14
10915	14
10916	13
10917	13
10918	13
10919	12
10920	12
10921	12
10922	12
10923	15
10924	19
10925	22
10926	26
10927	29
10928	33
10929	37
10930	42
10931	46
10932	50
10933	55
10934	59
10935	63
10936	63
10937	64
10938	64
10939	64
10940	65
10941	65
10942	63
10943	61
10944	59
10945	57
10946	55
10947	53
10948	51
10949	50
10950	48
10951	47
10952	46
10953	45
10954	43
10955	44
10956	44
10957	44
10958	44
10959	44
10960	45
10961	45
10962	45
10963	45
10964	45
10965	45
10966	45
10967	45
10968	44
10969	43
10970	43
10971	42
10972	41
10973	41
10974	40
10975	40
10976	40
10977	39
10978	39
10979	38
10980	38
10981	38
10982	38
10983	38
10984	37
10985	37
10986	37
10987	37
10988	36
10989	36
10990	35
10991	35
10992	34
10993	33
10994	33
10995	32
10996	31
10997	30
10998	29
10999	28
11000	29
11001	30
11002	30
11003	31
11004	32
11005	33
11006	37
11007	42
11008	47
11009	52
11010	57
11011	62
11012	67
11013	71
11014	76
11015	80
11016	85
11017	89
11018	94
11019	93
11020	93
11021	92
11022	91
11023	91
11024	90
11025	89
11026	88
11027	87
11028	85
11029	84
11030	83
11031	82
11032	81
11033	80
11034	80
11035	79
11036	78
11037	77
11038	77
11039	76
11040	76
11041	76
11042	75
11043	75
11044	74
11045	73
11046	72
11047	70
11048	69
11049	68
11050	66
11051	65
11052	63
11053	61
11054	59
11055	57
11056	56
11057	54
11058	53
11059	52
11060	51
11061	50
11062	48
11063	47
11064	46
11065	46
11066	45
11067	44
11068	44
11069	43
11070	42
11071	42
11072	42
11073	41
11074	41
11075	40
11076	40
11077	40
11078	39
11079	39
11080	39
11081	38
11082	38
11083	39
11084	40
11085	41
11086	42
11087	43
11088	44
11089	49
11090	53
11091	58
11092	63
11093	67
11094	72
11095	76
11096	79
11097	82
11098	85
11099	88
11100	91
11101	94
11102	93
11103	92
11104	91
11105	90
11106	89
11107	88
11108	87
11109	84
11110	82
11111	80
11112	77
11113	75
11114	73
11115	70
11116	68
11117	66
11118	64
11119	62
11120	60
11121	59
11122	58
11123	56
11124	55
11125	54
11126	52
11127	51
11128	50
11129	49
11130	47
11131	46
11132	45
11133	44
11134	43
11135	42
11136	41
11137	40
11138	39
11139	38
11140	37
11141	36
11142	35
11143	34
11144	34
11145	33
11146	32
11147	32
11148	31
11149	31
11150	30
11151	30
11152	29
11153	28
11154	28
11155	27
11156	27
11157	26
11158	25
11159	25
11160	24
11161	23
11162	22
11163	21
11164	20
11165	19
11166	18
11167	17
11168	16
11169	16
11170	15
11171	14
11172	13
11173	14
11174	15
11175	16
11176	17
11177	18
11178	19
11179	24
11180	28
11181	33
11182	37
11183	42
11184	47
11185	49
11186	51
11187	53
11188	55
11189	57
11190	60
11191	62
11192	61
11193	60
11194	60
11195	59
11196	58
11197	58
11198	57
11199	56
11200	55
11201	54
11202	53
11203	53
11204	52
11205	52
11206	52
11207	52
11208	51
11209	51
11210	51
11211	51
11212	51
11213	51
11214	51
11215	51
11216	51
11217	51
11218	50
11219	50
11220	49
11221	49
11222	48
11223	48
11224	47
11225	46
11226	45
11227	43
11228	42
11229	41
11230	40
11231	39
11232	38
11233	38
11234	37
11235	36
11236	35
11237	34
11238	34
11239	33
11240	32
11241	32
11242	31
11243	31
11244	30
11245	30
11246	29
11247	29
11248	28
11249	28
11250	28
11251	27
11252	27
11253	27
11254	27
11255	27
11256	28
11257	30
11258	32
11259	33
11260	35
11261	37
11262	43
11263	49
11264	55
11265	61
11266	67
11267	73
11268	77
11269	80
11270	84
11271	87
11272	91
11273	94
11274	93
11275	93
11276	92
11277	91
11278	91
11279	90
11280	89
11281	88
11282	87
11283	86
11284	84
11285	83
11286	82
11287	81
11288	80
11289	79
11290	78
11291	77
11292	76
11293	76
11294	75
11295	74
11296	74
11297	73
11298	73
11299	72
11300	71
11301	70
11302	69
11303	68
11304	66
11305	65
11306	64
11307	62
11308	61
11309	60
11310	58
11311	57
11312	56
11313	55
11314	54
11315	54
11316	53
11317	52
11318	51
11319	51
11320	51
11321	50
11322	50
11323	50
11324	50
11325	49
11326	49
11327	48
11328	48
11329	47
11330	47
11331	47
11332	46
11333	45
11334	44
11335	43
11336	42
11337	41
11338	40
11339	39
11340	38
11341	37
11342	36
11343	35
11344	36
11345	38
11346	39
11347	40
11348	41
11349	43
11350	44
11351	49
11352	54
11353	59
11354	63
11355	68
11356	73
11357	76
11358	78
11359	81
11360	83
11361	85
11362	88
11363	90
11364	89
11365	89
11366	88
11367	87
11368	86
11369	85
11370	84
11371	82
11372	80
11373	79
11374	77
11375	75
11376	75
11377	74
11378	73
11379	72
11380	71
11381	71
11382	70
11383	70
11384	69
11385	69
11386	69
11387	68
11388	68
11389	67
11390	66
11391	66
11392	65
11393	64
11394	64
11395	63
11396	62
11397	60
11398	59
11399	58
11400	56
11401	55
11402	54
11403	52
11404	51
11405	49
11406	48
11407	47
11408	45
11409	44
11410	43
11411	42
11412	41
11413	40
11414	39
11415	38
11416	37
11417	36
11418	35
11419	33
11420	32
11421	31
11422	30
11423	28
11424	27
11425	26
11426	25
11427	23
11428	22
11429	20
11430	18
11431	17
11432	15
11433	13
11434	13
11435	12
11436	11
11437	10
11438	9
11439	9
11440	11
11441	14
11442	17
11443	19
11444	22
11445	25
11446	27
11447	34
11448	40
11449	46
11450	52
11451	58
11452	65
11453	67
11454	70
11455	72
11456	75
11457	77
11458	80
11459	82
11460	81
11461	80
11462	78
11463	77
11464	76
11465	75
11466	72
11467	70
11468	68
11469	66
11470	64
11471	62
11472	61
11473	59
11474	58
11475	57
11476	55
11477	54
11478	53
11479	51
11480	50
11481	48
11482	47
11483	45
11484	44
11485	42
11486	40
11487	38
11488	37
11489	35
11490	33
11491	31
11492	29
11493	27
11494	25
11495	23
11496	21
11497	18
11498	17
11499	16
11500	15
11501	13
11502	12
11503	11
11504	10
11505	10
11506	9
11507	9
11508	8
11509	8
11510	7
11511	7
11512	6
11513	6
11514	5
11515	5
11516	5
11517	5
11518	5
11519	5
11520	5
11521	5
11522	5
11523	5
11524	5
11525	5
11526	5
11527	5
11528	5
11529	5
11530	5
11531	5
11532	5
11533	5
11534	5
11535	5
11536	8
11537	10
11538	12
11539	14
11540	16
11541	18
11542	21
11543	24
11544	28
11545	32
11546	35
11547	39
11548	43
11549	43
11550	44
11551	44
11552	45
11553	45
11554	46
11555	46
11556	45
11557	43
11558	42
11559	40
11560	39
11561	37
11562	37
11563	36
11564	35
11565	34
11566	34
11567	33
11568	33
11569	33
11570	33
11571	32
11572	32
11573	32
11574	32
11575	32
11576	31
11577	31
11578	30
11579	30
11580	29
11581	28
11582	27
11583	26
11584	25
11585	24
11586	23
11587	22
11588	21
11589	20
11590	19
11591	18
11592	17
11593	16
11594	16
11595	15
11596	15
11597	15
11598	14
11599	14
11600	14
11601	14
11602	13
11603	13
11604	13
11605	13
11606	13
11607	12
11608	12
11609	11
11610	11
11611	11
11612	10
11613	10
11614	10
11615	10
11616	9
11617	9
11618	9
11619	9
11620	10
11621	12
11622	13
11623	15
11624	17
11625	18
11626	23
11627	29
11628	34
11629	39
11630	44
11631	50
11632	53
11633	56
11634	60
11635	63
11636	66
11637	70
11638	73
11639	72
11640	72
11641	71
11642	71
11643	70
11644	70
11645	68
11646	67
11647	65
11648	64
11649	62
11650	61
11651	59
11652	58
11653	57
11654	56
11655	55
11656	54
11657	53
11658	52
11659	52
11660	51
11661	50
11662	50
11663	49
11664	48
11665	47
11666	46
11667	46
11668	45
11669	44
11670	43
11671	42
11672	41
11673	40
11674	39
11675	38
11676	38
11677	37
11678	37
11679	36
11680	36
11681	36
11682	35
11683	35
11684	35
11685	34
11686	34
11687	34
11688	33
11689	33
11690	32
11691	32
11692	31
11693	30
11694	29
11695	29
11696	28
11697	27
11698	26
11699	25
11700	25
11701	24
11702	23
11703	23
11704	23
11705	23
11706	22
11707	22
11708	22
11709	25
11710	27
11711	30
11712	33
11713	35
11714	38
11715	41
11716	46
11717	50
11718	55
11719	60
11720	65
11721	70
11722	71
11723	71
11724	72
11725	73
11726	74
11727	75
11728	74
11729	72
11730	71
11731	70
11732	68
11733	67
11734	66
11735	65
11736	63
11737	62
11738	61
11739	60
11740	58
11741	58
11742	58
11743	57
11744	57
11745	57
11746	56
11747	56
11748	56
11749	55
11750	55
11751	55
11752	55
11753	54
11754	53
11755	53
11756	52
11757	51
11758	50
11759	49
11760	48
11761	47
11762	46
11763	45
11764	44
11765	43
11766	42
11767	40
11768	39
11769	38
11770	37
11771	36
11772	35
11773	34
11774	33
11775	32
11776	31
11777	30
11778	29
11779	28
11780	26
11781	25
11782	24
11783	23
11784	22
11785	21
11786	20
11787	19
11788	18
11789	17
11790	16
11791	15
11792	15
11793	15
11794	15
11795	15
11796	15
11797	15
11798	15
11799	19
11800	24
11801	28
11802	33
11803	37
11804	41
11805	46
11806	51
11807	56
11808	61
11809	66
11810	70
11811	75
11812	76
11813	77
11814	78
11815	79
11816	80
11817	81
11818	79
11819	78
11820	77
11821	75
11822	74
11823	73
11824	71
11825	70
11826	69
11827	68
11828	67
11829	66
11830	65
11831	64
11832	64
11833	63
11834	62
11835	61
11836	60
11837	59
11838	57
11839	56
11840	55
11841	53
11842	52
11843	51
11844	48
11845	46
11846	43
11847	41
11848	39
11849	36
11850	34
11851	31
11852	29
11853	26
11854	24
11855	22
11856	20
11857	18
11858	17
11859	15
11860	14
11861	12
11862	11
11863	10
11864	9
11865	8
11866	7
11867	6
11868	5
11869	5
11870	5
11871	5
11872	5
11873	5
11874	5
11875	5
11876	7
11877	8
11878	9
11879	11
11880	12
11881	13
11882	15
11883	16
11884	17
11885	19
11886	20
11887	21
11888	24
11889	27
11890	30
11891	33
11892	35
11893	38
11894	41
11895	45
11896	50
11897	54
11898	58
11899	63
11900	67
11901	68
11902	68
11903	69
11904	69
11905	70
11906	71
11907	71
11908	70
11909	68
11910	67
11911	65
11912	63
11913	62
11914	61
11915	60
11916	59
11917	58
11918	57
11919	56
11920	56
11921	55
11922	54
11923	54
11924	53
11925	53
11926	52
11927	51
11928	50
11929	49
11930	48
11931	47
11932	46
11933	44
11934	43
11935	42
11936	41
11937	40
11938	38
11939	37
11940	36
11941	34
11942	33
11943	31
11944	30
11945	28
11946	27
11947	26
11948	24
11949	23
11950	22
11951	21
11952	20
11953	19
11954	18
11955	17
11956	16
11957	15
11958	14
11959	13
11960	12
11961	10
11962	9
11963	8
11964	7
11965	7
11966	6
11967	6
11968	6
11969	5
11970	5
11971	5
11972	5
11973	5
11974	6
11975	6
11976	7
11977	7
11978	11
11979	15
11980	19
11981	23
11982	26
11983	30
11984	34
11985	37
11986	41
11987	45
11988	48
11989	52
11990	51
11991	51
11992	51
11993	50
11994	50
11995	49
11996	49
11997	47
11998	45
11999	43
12000	41
12001	39
12002	37
12003	35
12004	34
12005	33
12006	31
12007	30
12008	29
12009	28
12010	27
12011	26
12012	25
12013	24
12014	24
12015	23
12016	21
12017	20
12018	19
12019	17
12020	16
12021	15
12022	14
12023	13
12024	11
12025	10
12026	9
12027	8
12028	8
12029	8
12030	8
12031	7
12032	7
12033	7
12034	7
12035	7
12036	7
12037	7
12038	8
12039	8
12040	8
12041	8
12042	8
12043	8
12044	8
12045	8
12046	9
12047	9
12048	9
12049	9
12050	9
12051	9
12052	9
12053	9
12054	11
12055	13
12056	16
12057	18
12058	20
12059	23
12060	27
12061	32
12062	37
12063	42
12064	47
12065	52
12066	57
12067	59
12068	62
12069	64
12070	67
12071	69
12072	72
12073	70
12074	68
12075	66
12076	64
12077	62
12078	60
12079	58
12080	56
12081	55
12082	53
12083	51
12084	50
12085	48
12086	48
12087	48
12088	48
12089	48
12090	48
12091	48
12092	47
12093	47
12094	47
12095	47
12096	46
12097	46
12098	46
12099	44
12100	43
12101	41
12102	40
12103	38
12104	37
12105	35
12106	33
12107	32
12108	30
12109	28
12110	27
12111	26
12112	25
12113	25
12114	24
12115	24
12116	23
12117	23
12118	23
12119	23
12120	23
12121	23
12122	23
12123	23
12124	22
12125	22
12126	22
12127	22
12128	21
12129	21
12130	21
12131	21
12132	22
12133	22
12134	23
12135	23
12136	24
12137	28
12138	33
12139	38
12140	42
12141	47
12142	52
12143	55
12144	58
12145	62
12146	65
12147	69
12148	72
12149	76
12150	75
12151	75
12152	75
12153	74
12154	74
12155	73
12156	72
12157	70
12158	68
12159	67
12160	65
12161	64
12162	62
12163	61
12164	60
12165	58
12166	57
12167	56
12168	55
12169	54
12170	53
12171	53
12172	52
12173	51
12174	51
12175	50
12176	49
12177	48
12178	47
12179	46
12180	45
12181	45
12182	44
12183	43
12184	42
12185	41
12186	40
12187	39
12188	39
12189	38
12190	37
12191	37
12192	36
12193	36
12194	35
12195	34
12196	34
12197	33
12198	33
12199	32
12200	32
12201	31
12202	31
12203	30
12204	29
12205	28
12206	28
12207	27
12208	26
12209	25
12210	24
12211	23
12212	22
12213	21
12214	22
12215	23
12216	24
12217	25
12218	25
12219	26
12220	31
12221	36
12222	40
12223	45
12224	50
12225	54
12226	59
12227	63
12228	67
12229	71
12230	75
12231	79
12232	83
12233	82
12234	81
12235	81
12236	80
12237	79
12238	79
12239	77
12240	76
12241	75
12242	73
12243	72
12244	71
12245	69
12246	68
12247	67
12248	66
12249	65
12250	64
12251	63
12252	62
12253	61
12254	59
12255	58
12256	57
12257	56
12258	55
12259	53
12260	51
12261	49
12262	47
12263	46
12264	44
12265	42
12266	40
12267	39
12268	37
12269	35
12270	34
12271	33
12272	32
12273	32
12274	31
12275	30
12276	30
12277	29
12278	28
12279	27
12280	26
12281	25
12282	24
12283	24
12284	22
12285	21
12286	19
12287	18
12288	16
12289	15
12290	13
12291	12
12292	10
12293	9
12294	8
12295	6
12296	5
12297	5
12298	5
12299	5
12300	5
12301	5
12302	5
12303	7
12304	9
12305	11
12306	14
12307	16
12308	18
12309	20
12310	26
12311	31
12312	37
12313	42
12314	48
12315	53
12316	55
12317	58
12318	60
12319	62
12320	64
12321	66
12322	69
12323	67
12324	66
12325	64
12326	63
12327	61
12328	60
12329	58
12330	56
12331	54
12332	52
12333	50
12334	49
12335	48
12336	47
12337	47
12338	46
12339	45
12340	44
12341	44
12342	43
12343	42
12344	42
12345	41
12346	41
12347	40
12348	39
12349	38
12350	37
12351	36
12352	35
12353	34
12354	34
12355	33
12356	32
12357	31
12358	30
12359	30
12360	29
12361	29
12362	29
12363	29
12364	29
12365	29
12366	29
12367	30
12368	30
12369	30
12370	31
12371	31
12372	32
12373	32
12374	32
12375	32
12376	32
12377	32
12378	32
12379	32
12380	32
12381	31
12382	31
12383	31
12384	30
12385	30
12386	30
12387	31
12388	32
12389	33
12390	35
12391	36
12392	37
12393	43
12394	49
12395	54
12396	60
12397	65
12398	71
12399	74
12400	77
12401	80
12402	83
12403	86
12404	89
12405	92
12406	91
12407	90
12408	89
12409	87
12410	86
12411	85
12412	83
12413	81
12414	79
12415	77
12416	75
12417	73
12418	71
12419	69
12420	68
12421	67
12422	65
12423	64
12424	63
12425	62
12426	62
12427	61
12428	61
12429	60
12430	60
12431	59
12432	58
12433	58
12434	57
12435	57
12436	56
12437	55
12438	55
12439	54
12440	53
12441	52
12442	51
12443	50
12444	50
12445	49
12446	48
12447	47
12448	47
12449	46
12450	45
12451	44
12452	43
12453	42
12454	42
12455	41
12456	40
12457	39
12458	38
12459	37
12460	36
12461	35
12462	34
12463	32
12464	31
12465	30
12466	29
12467	28
12468	27
12469	26
12470	25
12471	24
12472	23
12473	21
12474	20
12475	19
12476	20
12477	22
12478	23
12479	24
12480	25
12481	27
12482	28
12483	35
12484	42
12485	48
12486	55
12487	62
12488	69
12489	73
12490	77
12491	81
12492	85
12493	89
12494	93
12495	93
12496	93
12497	92
12498	92
12499	92
12500	91
12501	91
12502	90
12503	89
12504	87
12505	86
12506	85
12507	84
12508	83
12509	82
12510	80
12511	79
12512	78
12513	77
12514	76
12515	74
12516	73
12517	72
12518	70
12519	69
12520	67
12521	65
12522	63
12523	61
12524	59
12525	57
12526	55
12527	53
12528	51
12529	48
12530	46
12531	44
12532	42
12533	40
12534	37
12535	35
12536	33
12537	31
12538	29
12539	27
12540	25
12541	24
12542	22
12543	21
12544	19
12545	18
12546	17
12547	15
12548	14
12549	13
12550	12
12551	10
12552	9
12553	8
12554	8
12555	7
12556	6
12557	5
12558	5
12559	5
12560	5
12561	5
12562	5
12563	5
12564	5
12565	5
12566	5
12567	5
12568	5
12569	5
12570	5
12571	6
12572	9
12573	11
12574	14
12575	17
12576	20
12577	23
12578	26
12579	31
12580	36
12581	41
12582	46
12583	51
12584	56
12585	56
12586	57
12587	58
12588	58
12589	59
12590	59
12591	58
12592	56
12593	54
12594	53
12595	51
12596	49
12597	48
12598	46
12599	45
12600	44
12601	43
12602	42
12603	41
12604	40
12605	40
12606	40
12607	40
12608	40
12609	40
12610	40
12611	40
12612	40
12613	40
12614	41
12615	41
12616	41
12617	41
12618	40
12619	40
12620	40
12621	40
12622	39
12623	39
12624	39
12625	38
12626	38
12627	38
12628	37
12629	37
12630	37
12631	37
12632	37
12633	37
12634	37
12635	37
12636	36
12637	36
12638	36
12639	36
12640	36
12641	35
12642	35
12643	35
12644	34
12645	33
12646	33
12647	32
12648	31
12649	30
12650	30
12651	29
12652	28
12653	27
12654	27
12655	27
12656	28
12657	29
12658	30
12659	31
12660	32
12661	33
12662	39
12663	44
12664	49
12665	55
12666	60
12667	65
12668	69
12669	73
12670	77
12671	81
12672	85
12673	89
12674	93
12675	92
12676	92
12677	92
12678	92
12679	92
12680	91
12681	90
12682	89
12683	88
12684	87
12685	86
12686	85
12687	84
12688	83
12689	82
12690	82
12691	81
12692	80
12693	79
12694	79
12695	78
12696	77
12697	76
12698	76
12699	75
12700	74
12701	73
12702	71
12703	70
12704	69
12705	68
12706	66
12707	65
12708	63
12709	61
12710	60
12711	58
12712	57
12713	55
12714	54
12715	52
12716	51
12717	49
12718	49
12719	48
12720	47
12721	46
12722	45
12723	44
12724	43
12725	43
12726	42
12727	41
12728	40
12729	39
12730	38
12731	38
12732	37
12733	36
12734	36
12735	35
12736	34
12737	34
12738	33
12739	32
12740	32
12741	31
12742	30
12743	30
12744	29
12745	29
12746	29
12747	29
12748	29
12749	29
12750	33
12751	37
12752	41
12753	45
12754	48
12755	52
12756	56
12757	61
12758	67
12759	72
12760	78
12761	83
12762	88
12763	89
12764	89
12765	89
12766	89
12767	89
12768	89
12769	90
12770	87
12771	85
12772	83
12773	81
12774	79
12775	77
12776	75
12777	73
12778	71
12779	69
12780	68
12781	66
12782	65
12783	64
12784	63
12785	63
12786	62
12787	61
12788	60
12789	60
12790	59
12791	58
12792	57
12793	56
12794	56
12795	55
12796	54
12797	53
12798	52
12799	51
12800	50
12801	49
12802	48
12803	47
12804	46
12805	45
12806	44
12807	43
12808	42
12809	41
12810	41
12811	40
12812	39
12813	39
12814	38
12815	38
12816	37
12817	37
12818	36
12819	35
12820	35
12821	34
12822	33
12823	32
12824	32
12825	31
12826	30
12827	29
12828	28
12829	26
12830	25
12831	24
12832	23
12833	22
12834	20
12835	18
12836	16
12837	14
12838	12
12839	11
12840	11
12841	12
12842	13
12843	14
12844	15
12845	16
12846	21
12847	26
12848	31
12849	37
12850	42
12851	47
12852	53
12853	57
12854	61
12855	65
12856	69
12857	73
12858	77
12859	76
12860	75
12861	74
12862	73
12863	72
12864	71
12865	71
12866	68
12867	65
12868	62
12869	59
12870	56
12871	53
12872	51
12873	49
12874	46
12875	44
12876	42
12877	40
12878	38
12879	36
12880	35
12881	33
12882	32
12883	30
12884	28
12885	26
12886	24
12887	22
12888	20
12889	18
12890	16
12891	14
12892	13
12893	11
12894	10
12895	8
12896	6
12897	5
12898	5
12899	5
12900	5
12901	5
12902	5
12903	5
12904	5
12905	5
12906	6
12907	6
12908	6
12909	6
12910	7
12911	7
12912	7
12913	8
12914	8
12915	8
12916	9
12917	9
12918	9
12919	9
12920	9
12921	9
12922	10
12923	10
12924	10
12925	10
12926	10
12927	10
12928	10
12929	10
12930	12
12931	13
12932	15
12933	17
12934	18
12935	20
12936	25
12937	29
12938	34
12939	39
12940	43
12941	48
12942	50
12943	53
12944	55
12945	57
12946	59
12947	62
12948	64
12949	62
12950	61
12951	60
12952	58
12953	57
12954	56
12955	54
12956	53
12957	51
12958	50
12959	49
12960	47
12961	46
12962	46
12963	47
12964	47
12965	47
12966	48
12967	48
12968	49
12969	50
12970	50
12971	51
12972	52
12973	53
12974	52
12975	52
12976	51
12977	51
12978	51
12979	50
12980	50
12981	49
12982	47
12983	46
12984	45
12985	44
12986	43
12987	43
12988	42
12989	42
12990	41
12991	41
12992	40
12993	40
12994	40
12995	39
12996	39
12997	39
12998	39
12999	39
13000	38
13001	38
13002	37
13003	36
13004	35
13005	35
13006	34
13007	33
13008	32
13009	31
13010	30
13011	29
13012	28
13013	29
13014	30
13015	30
13016	31
13017	32
13018	32
13019	37
13020	41
13021	45
13022	50
13023	54
13024	59
13025	63
13026	67
13027	71
13028	74
13029	78
13030	82
13031	86
13032	85
13033	84
13034	82
13035	81
13036	80
13037	79
13038	77
13039	75
13040	73
13041	71
13042	70
13043	68
13044	66
13045	66
13046	66
13047	66
13048	65
13049	65
13050	65
13051	65
13052	66
13053	66
13054	66
13055	66
13056	67
13057	67
13058	65
13059	64
13060	62
13061	60
13062	59
13063	57
13064	54
13065	51
13066	49
13067	46
13068	43
13069	40
13070	39
13071	38
13072	36
13073	35
13074	34
13075	32
13076	31
13077	31
13078	31
13079	31
13080	31
13081	31
13082	31
13083	32
13084	32
13085	32
13086	33
13087	33
13088	33
13089	34
13090	34
13091	34
13092	34
13093	34
13094	35
13095	35
13096	35
13097	36
13098	36
13099	37
13100	37
13101	37
13102	40
13103	43
13104	46
13105	49
13106	52
13107	55
13108	58
13109	63
13110	69
13111	75
13112	80
13113	86
13114	91
13115	92
13116	92
13117	92
13118	92
13119	93
13120	93
13121	93
13122	92
13123	90
13124	89
13125	87
13126	86
13127	84
13128	83
13129	81
13130	79
13131	77
13132	75
13133	73
13134	72
13135	71
13136	70
13137	69
13138	67
13139	66
13140	65
13141	64
13142	63
13143	62
13144	61
13145	60
13146	60
13147	59
13148	58
13149	57
13150	56
13151	56
13152	55
13153	54
13154	54
13155	53
13156	53
13157	52
13158	52
13159	51
13160	51
13161	50
13162	50
13163	49
13164	49
13165	48
13166	47
13167	47
13168	46
13169	45
13170	44
13171	44
13172	43
13173	42
13174	41
13175	40
13176	40
13177	39
13178	38
13179	37
13180	36
13181	35
13182	35
13183	34
13184	33
13185	32
13186	31
13187	30
13188	30
13189	29
13190	28
13191	27
13192	28
13193	29
13194	30
13195	31
13196	32
13197	34
13198	37
13199	41
13200	44
13201	48
13202	51
13203	55
13204	58
13205	60
13206	61
13207	63
13208	65
13209	66
13210	68
13211	67
13212	65
13213	64
13214	63
13215	61
13216	60
13217	59
13218	57
13219	55
13220	54
13221	52
13222	50
13223	49
13224	48
13225	48
13226	48
13227	47
13228	47
13229	47
13230	46
13231	46
13232	45
13233	45
13234	45
13235	44
13236	44
13237	42
13238	40
13239	39
13240	37
13241	35
13242	34
13243	31
13244	29
13245	27
13246	25
13247	23
13248	21
13249	19
13250	17
13251	15
13252	14
13253	12
13254	10
13255	8
13256	7
13257	7
13258	6
13259	6
13260	5
13261	5
13262	5
13263	6
13264	6
13265	7
13266	7
13267	8
13268	8
13269	9
13270	11
13271	12
13272	13
13273	14
13274	15
13275	19
13276	23
13277	28
13278	32
13279	36
13280	40
13281	44
13282	51
13283	58
13284	64
13285	71
13286	78
13287	85
13288	86
13289	88
13290	89
13291	90
13292	91
13293	92
13294	91
13295	90
13296	89
13297	88
13298	87
13299	85
13300	84
13301	83
13302	82
13303	81
13304	80
13305	79
13306	77
13307	77
13308	77
13309	76
13310	76
13311	76
13312	75
13313	75
13314	75
13315	74
13316	74
13317	73
13318	73
13319	73
13320	72
13321	71
13322	70
13323	69
13324	68
13325	67
13326	67
13327	66
13328	66
13329	65
13330	65
13331	64
13332	64
13333	64
13334	63
13335	63
13336	63
13337	63
13338	62
13339	62
13340	62
13341	61
13342	61
13343	60
13344	60
13345	60
13346	59
13347	58
13348	57
13349	56
13350	56
13351	55
13352	56
13353	57
13354	58
13355	58
13356	59
13357	60
13358	64
13359	67
13360	71
13361	74
13362	78
13363	81
13364	85
13365	86
13366	88
13367	89
13368	91
13369	92
13370	94
13371	93
13372	92
13373	91
13374	91
13375	90
13376	89
13377	88
13378	87
13379	85
13380	84
13381	82
13382	81
13383	79
13384	78
13385	77
13386	76
13387	75
13388	74
13389	73
13390	73
13391	72
13392	72
13393	71
13394	70
13395	70
13396	69
13397	68
13398	67
13399	66
13400	65
13401	64
13402	63
13403	62
13404	61
13405	60
13406	59
13407	58
13408	57
13409	56
13410	55
13411	54
13412	53
13413	52
13414	51
13415	50
13416	49
13417	49
13418	48
13419	47
13420	47
13421	46
13422	45
13423	44
13424	43
13425	43
13426	42
13427	41
13428	40
13429	39
13430	38
13431	37
13432	36
13433	35
13434	35
13435	34
13436	34
13437	33
13438	33
13439	32
13440	32
13441	35
13442	38
13443	42
13444	45
13445	48
13446	51
13447	56
13448	61
13449	66
13450	71
13451	75
13452	80
13453	81
13454	82
13455	83
13456	84
13457	84
13458	85
13459	86
13460	84
13461	83
13462	81
13463	79
13464	77
13465	76
13466	74
13467	72
13468	70
13469	68
13470	66
13471	64
13472	62
13473	60
13474	58
13475	56
13476	54
13477	53
13478	51
13479	50
13480	48
13481	47
13482	46
13483	45
13484	44
13485	43
13486	42
13487	41
13488	40
13489	39
13490	38
13491	37
13492	35
13493	34
13494	33
13495	31
13496	30
13497	29
13498	28
13499	27
13500	26
13501	25
13502	24
13503	24
13504	23
13505	22
13506	22
13507	21
13508	21
13509	20
13510	20
13511	20
13512	20
13513	20
13514	20
13515	20
13516	20
13517	20
13518	21
13519	21
13520	21
13521	21
13522	21
13523	21
13524	22
13525	23
13526	24
13527	25
13528	25
13529	26
13530	30
13531	33
13532	37
13533	41
13534	44
13535	48
13536	52
13537	57
13538	62
13539	67
13540	72
13541	77
13542	82
13543	83
13544	83
13545	84
13546	85
13547	85
13548	86
13549	85
13550	84
13551	82
13552	81
13553	80
13554	79
13555	78
13556	77
13557	77
13558	76
13559	76
13560	75
13561	75
13562	75
13563	75
13564	75
13565	75
13566	75
13567	75
13568	75
13569	74
13570	74
13571	73
13572	73
13573	72
13574	72
13575	71
13576	69
13577	68
13578	67
13579	66
13580	64
13581	63
13582	62
13583	61
13584	60
13585	58
13586	57
13587	56
13588	55
13589	54
13590	53
13591	52
13592	51
13593	50
13594	49
13595	48
13596	47
13597	46
13598	45
13599	44
13600	43
13601	41
13602	40
13603	39
13604	38
13605	37
13606	36
13607	35
13608	34
13609	33
13610	32
13611	31
13612	30
13613	31
13614	33
13615	34
13616	36
13617	38
13618	39
13619	41
13620	47
13621	52
13622	58
13623	64
13624	69
13625	75
13626	77
13627	80
13628	83
13629	85
13630	88
13631	91
13632	93
13633	93
13634	92
13635	91
13636	90
13637	89
13638	89
13639	87
13640	86
13641	85
13642	83
13643	82
13644	81
13645	80
13646	80
13647	79
13648	79
13649	78
13650	77
13651	77
13652	76
13653	75
13654	74
13655	74
13656	73
13657	72
13658	70
13659	69
13660	68
13661	66
13662	65
13663	63
13664	62
13665	60
13666	58
13667	56
13668	54
13669	52
13670	50
13671	49
13672	47
13673	46
13674	44
13675	43
13676	42
13677	41
13678	40
13679	39
13680	38
13681	37
13682	37
13683	36
13684	35
13685	34
13686	33
13687	33
13688	32
13689	31
13690	30
13691	29
13692	29
13693	28
13694	27
13695	26
13696	25
13697	25
13698	24
13699	23
13700	23
13701	22
13702	21
13703	24
13704	28
13705	31
13706	34
13707	37
13708	40
13709	46
13710	51
13711	56
13712	61
13713	67
13714	72
13715	77
13716	78
13717	80
13718	81
13719	83
13720	84
13721	86
13722	84
13723	82
13724	80
13725	78
13726	76
13727	74
13728	72
13729	70
13730	68
13731	66
13732	64
13733	62
13734	60
13735	59
13736	58
13737	57
13738	56
13739	55
13740	55
13741	54
13742	53
13743	53
13744	52
13745	52
13746	51
13747	51
13748	50
13749	49
13750	48
13751	47
13752	46
13753	45
13754	44
13755	43
13756	42
13757	41
13758	40
13759	39
13760	38
13761	36
13762	35
13763	33
13764	32
13765	31
13766	29
13767	28
13768	26
13769	25
13770	23
13771	22
13772	21
13773	19
13774	18
13775	17
13776	15
13777	14
13778	13
13779	11
13780	10
13781	9
13782	8
13783	7
13784	6
13785	5
13786	6
13787	6
13788	7
13789	8
13790	8
13791	9
13792	10
13793	15
13794	21
13795	26
13796	32
13797	37
13798	42
13799	47
13800	52
13801	57
13802	62
13803	67
13804	72
13805	72
13806	72
13807	71
13808	71
13809	71
13810	71
13811	71
13812	69
13813	67
13814	65
13815	63
13816	62
13817	60
13818	59
13819	58
13820	58
13821	57
13822	57
13823	56
13824	56
13825	55
13826	55
13827	55
13828	55
13829	55
13830	55
13831	54
13832	53
13833	52
13834	51
13835	50
13836	49
13837	47
13838	46
13839	44
13840	43
13841	41
13842	40
13843	38
13844	37
13845	36
13846	35
13847	34
13848	33
13849	32
13850	31
13851	30
13852	30
13853	29
13854	28
13855	28
13856	27
13857	26
13858	25
13859	24
13860	23
13861	22
13862	21
13863	20
13864	19
13865	18
13866	17
13867	16
13868	15
13869	17
13870	18
13871	20
13872	21
13873	23
13874	24
13875	26
13876	33
13877	41
13878	48
13879	55
13880	63
13881	70
13882	74
13883	77
13884	80
13885	84
13886	87
13887	91
13888	94
13889	93
13890	91
13891	90
13892	88
13893	87
13894	86
13895	83
13896	80
13897	78
13898	75
13899	73
13900	70
13901	69
13902	68
13903	66
13904	65
13905	64
13906	63
13907	62
13908	61
13909	61
13910	60
13911	59
13912	59
13913	58
13914	57
13915	57
13916	56
13917	55
13918	54
13919	53
13920	53
13921	52
13922	51
13923	51
13924	50
13925	50
13926	49
13927	49
13928	49
13929	50
13930	50
13931	50
13932	50
13933	49
13934	49
13935	48
13936	47
13937	47
13938	46
13939	45
13940	44
13941	42
13942	41
13943	39
13944	38
13945	36
13946	35
13947	34
13948	33
13949	32
13950	31
13951	30
13952	30
13953	30
13954	30
13955	30
13956	30
13957	31
13958	31
13959	35
13960	39
13961	43
13962	47
13963	51
13964	55
13965	59
13966	63
13967	67
13968	71
13969	75
13970	79
13971	83
13972	83
13973	82
13974	82
13975	82
13976	82
13977	82
13978	79
13979	77
13980	75
13981	73
13982	71
13983	69
13984	67
13985	65
13986	64
13987	63
13988	62
13989	61
13990	60
13991	59
13992	59
13993	58
13994	58
13995	57
13996	57
13997	56
13998	55
13999	54
14000	53
14001	52
14002	51
14003	50
14004	48
14005	46
14006	44
14007	43
14008	41
14009	39
14010	38
14011	37
14012	35
14013	34
14014	33
14015	32
14016	31
14017	29
14018	28
14019	27
14020	26
14021	25
14022	24
14023	23
14024	22
14025	21
14026	19
14027	18
14028	17
14029	16
14030	15
14031	14
14032	13
14033	12
14034	11
14035	10
14036	9
14037	8
14038	7
14039	6
14040	5
14041	5
14042	6
14043	7
14044	8
14045	9
14046	10
14047	11
14048	13
14049	18
14050	24
14051	30
14052	36
14053	41
14054	47
14055	51
14056	55
14057	59
14058	63
14059	67
14060	71
14061	70
14062	69
14063	68
14064	67
14065	66
14066	65
14067	64
14068	62
14069	60
14070	58
14071	56
14072	54
14073	52
14074	51
14075	51
14076	50
14077	50
14078	49
14079	49
14080	49
14081	48
14082	48
14083	47
14084	47
14085	46
14086	46
14087	44
14088	43
14089	41
14090	39
14091	38
14092	36
14093	35
14094	33
14095	32
14096	30
14097	29
14098	27
14099	26
14100	25
14101	24
14102	23
14103	22
14104	21
14105	20
14106	20
14107	19
14108	19
14109	18
14110	18
14111	17
14112	17
14113	16
14114	15
14115	14
14116	14
14117	13
14118	12
14119	11
14120	11
14121	10
14122	9
14123	8
14124	7
14125	8
14126	10
14127	11
14128	12
14129	13
14130	15
14131	16
14132	21
14133	27
14134	32
14135	38
14136	43
14137	49
14138	52
14139	56
14140	59
14141	63
14142	66
14143	70
14144	68
14145	66
14146	64
14147	62
14148	60
14149	58
14150	55
14151	53
14152	50
14153	48
14154	45
14155	42
14156	42
14157	42
14158	41
14159	41
14160	40
14161	40
14162	40
14163	40
14164	40
14165	41
14166	41
14167	41
14168	42
14169	41
14170	41
14171	40
14172	40
14173	40
14174	39
14175	39
14176	38
14177	38
14178	37
14179	37
14180	36
14181	36
14182	36
14183	36
14184	37
14185	37
14186	37
14187	38
14188	38
14189	38
14190	39
14191	39
14192	39
14193	40
14194	40
14195	40
14196	39
14197	39
14198	39
14199	38
14200	38
14201	37
14202	36
14203	35
14204	34
14205	33
14206	32
14207	31
14208	30
14209	30
14210	29
14211	29
14212	28
14213	28
14214	33
14215	38
14216	43
14217	48
14218	53
14219	58
14220	63
14221	68
14222	73
14223	77
14224	82
14225	87
14226	92
14227	92
14228	91
14229	91
14230	91
14231	90
14232	90
14233	88
14234	86
14235	85
14236	83
14237	81
14238	80
14239	78
14240	77
14241	75
14242	74
14243	72
14244	71
14245	70
14246	69
14247	68
14248	67
14249	67
14250	66
14251	65
14252	64
14253	63
14254	63
14255	62
14256	61
14257	60
14258	59
14259	58
14260	56
14261	55
14262	53
14263	52
14264	51
14265	49
14266	48
14267	46
14268	45
14269	44
14270	42
14271	41
14272	40
14273	39
14274	37
14275	36
14276	35
14277	34
14278	33
14279	32
14280	31
14281	30
14282	29
14283	29
14284	28
14285	27
14286	26
14287	26
14288	25
14289	24
14290	23
14291	23
14292	23
14293	22
14294	22
14295	21
14296	21
14297	23
14298	26
14299	28
14300	31
14301	33
14302	36
14303	38
14304	45
14305	52
14306	59
14307	66
14308	73
14309	80
14310	82
14311	84
14312	87
14313	89
14314	91
14315	93
14316	91
14317	89
14318	88
14319	86
14320	84
14321	82
14322	81
14323	79
14324	77
14325	75
14326	73
14327	71
14328	69
14329	69
14330	68
14331	67
14332	67
14333	66
14334	66
14335	65
14336	64
14337	64
14338	63
14339	63
14340	62
14341	62
14342	60
14343	58
14344	56
14345	54
14346	52
14347	51
14348	49
14349	47
14350	46
14351	44
14352	43
14353	41
14354	39
14355	39
14356	38
14357	38
14358	37
14359	36
14360	36
14361	36
14362	36
14363	36
14364	37
14365	37
14366	37
14367	37
14368	37
14369	37
14370	37
14371	37
14372	37
14373	37
14374	37
14375	36
14376	36
14377	36
14378	36
14379	36
14380	36
14381	37
14382	38
14383	39
14384	40
14385	41
14386	41
14387	47
14388	53
14389	58
14390	64
14391	70
14392	76
14393	78
14394	81
14395	84
14396	86
14397	89
14398	92
14399	94
14400	93
14401	92
14402	91
14403	90
14404	89
14405	88
14406	85
14407	82
14408	79
14409	76
14410	73
14411	70
14412	69
14413	67
14414	66
14415	64
14416	63
14417	61
14418	60
14419	59
14420	58
14421	58
14422	57
14423	56
14424	56
14425	55
14426	53
14427	52
14428	51
14429	50
14430	49
14431	48
14432	46
14433	44
14434	42
14435	40
14436	38
14437	36
14438	34
14439	32
14440	30
14441	28
14442	26
14443	24
14444	23
14445	22
14446	21
14447	19
14448	18
14449	17
14450	16
14451	16
14452	15
14453	14
14454	13
14455	12
14456	12
14457	11
14458	10
14459	10
14460	9
14461	8
14462	7
14463	7
14464	6
14465	6
14466	6
14467	5
14468	5
14469	5
14470	6
14471	8
14472	10
14473	12
14474	14
14475	16
14476	20
14477	24
14478	28
14479	33
14480	37
14481	41
14482	45
14483	47
14484	50
14485	52
14486	54
14487	57
14488	59
14489	58
14490	57
14491	56
14492	56
14493	55
14494	54
14495	53
14496	52
14497	51
14498	50
14499	49
14500	48
14501	47
14502	47
14503	47
14504	47
14505	47
14506	47
14507	47
14508	47
14509	46
14510	46
14511	46
14512	46
14513	46
14514	46
14515	44
14516	43
14517	42
14518	41
14519	40
14520	39
14521	38
14522	37
14523	36
14524	35
14525	33
14526	32
14527	31
14528	30
14529	30
14530	29
14531	28
14532	28
14533	27
14534	26
14535	26
14536	26
14537	25
14538	25
14539	25
14540	24
14541	24
14542	23
14543	23
14544	22
14545	22
14546	22
14547	21
14548	20
14549	19
14550	18
14551	17
14552	17
14553	18
14554	19
14555	20
14556	20
14557	21
14558	22
14559	23
14560	28
14561	33
14562	37
14563	42
14564	46
14565	51
14566	53
14567	56
14568	58
14569	60
14570	63
14571	65
14572	64
14573	62
14574	61
14575	60
14576	58
14577	57
14578	56
14579	54
14580	52
14581	50
14582	49
14583	47
14584	45
14585	45
14586	44
14587	44
14588	43
14589	43
14590	42
14591	42
14592	41
14593	41
14594	40
14595	40
14596	39
14597	39
14598	38
14599	37
14600	36
14601	35
14602	33
14603	32
14604	31
14605	31
14606	30
14607	29
14608	28
14609	27
14610	26
14611	26
14612	25
14613	25
14614	24
14615	24
14616	23
14617	23
14618	22
14619	22
14620	21
14621	21
14622	21
14623	20
14624	19
14625	18
14626	17
14627	16
14628	15
14629	15
14630	14
14631	14
14632	14
14633	14
14634	13
14635	13
14636	17
14637	21
14638	25
14639	28
14640	32
14641	36
14642	40
14643	44
14644	48
14645	53
14646	57
14647	61
14648	66
14649	66
14650	66
14651	66
14652	67
14653	67
14654	67
14655	67
14656	66
14657	65
14658	63
14659	62
14660	61
14661	60
14662	60
14663	60
14664	60
14665	60
14666	60
14667	60
14668	61
14669	61
14670	62
14671	62
14672	62
14673	63
14674	63
14675	63
14676	62
14677	62
14678	61
14679	61
14680	60
14681	60
14682	59
14683	58
14684	57
14685	57
14686	56
14687	55
14688	55
14689	54
14690	54
14691	53
14692	52
14693	52
14694	51
14695	51
14696	50
14697	50
14698	49
14699	49
14700	48
14701	47
14702	47
14703	46
14704	45
14705	44
14706	44
14707	43
14708	41
14709	40
14710	39
14711	38
14712	37
14713	39
14714	41
14715	43
14716	45
14717	47
14718	50
14719	52
14720	58
14721	63
14722	69
14723	75
14724	80
14725	86
14726	87
14727	88
14728	89
14729	90
14730	91
14731	92
14732	90
14733	88
14734	86
14735	84
14736	82
14737	80
14738	78
14739	76
14740	74
14741	73
14742	71
14743	69
14744	67
14745	67
14746	66
14747	65
14748	64
14749	63
14750	63
14751	62
14752	61
14753	60
14754	58
14755	57
14756	56
14757	55
14758	53
14759	51
14760	50
14761	48
14762	46
14763	44
14764	43
14765	42
14766	41
14767	40
14768	39
14769	37
14770	36
14771	36
14772	35
14773	35
14774	35
14775	34
14776	34
14777	34
14778	34
14779	34
14780	34
14781	34
14782	34
14783	34
14784	33
14785	33
14786	33
14787	33
14788	33
14789	33
14790	33
14791	33
14792	34
14793	34
14794	35
14795	35
14796	39
14797	43
14798	47
14799	51
14800	55
14801	59
14802	63
14803	67
14804	72
14805	76
14806	80
14807	85
14808	93
14809	92
14810	91
14811	90
14812	89
14813	88
14814	87
14815	87
14816	83
14817	79
14818	76
14819	72
14820	69
14821	67
14822	65
14823	63
14824	61
14825	60
14826	58
14827	56
14828	55
14829	54
14830	54
14831	53
14832	52
14833	51
14834	50
14835	49
14836	47
14837	46
14838	44
14839	43
14840	42
14841	40
14842	39
14843	37
14844	36
14845	35
14846	33
14847	32
14848	31
14849	30
14850	29
14851	28
14852	27
14853	26
14854	26
14855	25
14856	25
14857	24
14858	24
14859	23
14860	22
14861	22
14862	21
14863	20
14864	20
14865	19
14866	18
14867	17
14868	16
14869	15
14870	14
14871	13
14872	12
14873	12
14874	11
14875	11
14876	10
14877	10
14878	9
14879	12
14880	15
14881	18
14882	21
14883	24
14884	27
14885	34
14886	41
14887	47
14888	54
14889	61
14890	67
14891	70
14892	72
14893	75
14894	77
14895	80
14896	82
14897	85
14898	83
14899	82
14900	81
14901	80
14902	79
14903	78
14904	77
14905	77
14906	76
14907	75
14908	74
14909	73
14910	72
14911	72
14912	72
14913	72
14914	72
14915	73
14916	73
14917	72
14918	72
14919	72
14920	72
14921	71
14922	71
14923	70
14924	69
14925	68
14926	67
14927	66
14928	65
14929	64
14930	63
14931	62
14932	61
14933	60
14934	59
14935	58
14936	58
14937	57
14938	57
14939	56
14940	56
14941	55
14942	55
14943	54
14944	53
14945	53
14946	52
14947	51
14948	51
14949	49
14950	48
14951	47
14952	46
14953	44
14954	43
14955	43
14956	42
14957	42
14958	41
14959	41
14960	40
14961	40
14962	44
14963	48
14964	52
14965	56
14966	61
14967	65
14968	69
14969	73
14970	77
14971	81
14972	85
14973	90
14974	94
14975	93
14976	92
14977	92
14978	91
14979	91
14980	90
14981	88
14982	86
14983	84
14984	82
14985	80
14986	78
14987	77
14988	76
14989	75
14990	74
14991	73
14992	72
14993	71
14994	71
14995	70
14996	70
14997	70
14998	69
14999	69
15000	69
15001	68
15002	68
15003	67
15004	67
15005	66
15006	66
15007	65
15008	64
15009	64
15010	63
15011	62
15012	61
15013	60
15014	60
15015	59
15016	58
15017	57
15018	57
15019	56
15020	55
15021	55
15022	54
15023	53
15024	53
15025	52
15026	52
15027	51
15028	50
15029	50
15030	49
15031	48
15032	47
15033	47
15034	46
15035	45
15036	44
15037	43
15038	43
15039	42
15040	41
15041	40
15042	39
15043	38
15044	37
15045	40
15046	43
15047	45
15048	48
15049	51
15050	53
15051	58
15052	63
15053	67
15054	72
15055	77
15056	81
15057	86
15058	87
15059	88
15060	89
15061	90
15062	91
15063	92
15064	90
15065	89
15066	87
15067	86
15068	84
15069	82
15070	81
15071	79
15072	78
15073	76
15074	74
15075	73
15076	71
15077	70
15078	70
15079	69
15080	69
15081	68
15082	68
15083	67
15084	66
15085	66
15086	65
15087	65
15088	64
15089	64
15090	63
15091	62
15092	61
15093	59
15094	58
15095	57
15096	56
15097	55
15098	54
15099	54
15100	53
15101	52
15102	51
15103	50
15104	49
15105	49
15106	48
15107	47
15108	47
15109	46
15110	45
15111	45
15112	44
15113	44
15114	43
15115	43
15116	42
15117	41
15118	41
15119	40
15120	39
15121	39
15122	38
15123	37
15124	36
15125	35
15126	34
15127	33
15128	34
15129	35
15130	35
15131	36
15132	36
15133	37
15134	38
15135	43
15136	48
15137	53
15138	59
15139	64
15140	69
15141	73
15142	77
15143	81
15144	84
15145	88
15146	92
15147	91
15148	90
15149	89
15150	88
15151	87
15152	86
15153	85
15154	83
15155	81
15156	79
15157	77
15158	75
15159	74
15160	73
15161	72
15162	71
15163	71
15164	70
15165	69
15166	69
15167	68
15168	67
15169	67
15170	66
15171	65
15172	65
15173	64
15174	62
15175	61
15176	60
15177	58
15178	57
15179	56
15180	54
15181	53
15182	51
15183	50
15184	49
15185	47
15186	46
15187	45
15188	44
15189	43
15190	42
15191	41
15192	40
15193	39
15194	38
15195	38
15196	37
15197	36
15198	35
15199	34
15200	33
15201	31
15202	30
15203	29
15204	28
15205	27
15206	26
15207	24
15208	23
15209	22
15210	21
15211	20
15212	19
15213	19
15214	18
15215	17
15216	17
15217	16
15218	19
15219	22
15220	25
15221	28
15222	30
15223	33
15224	39
15225	45
15226	50
15227	56
15228	61
15229	67
15230	73
15231	75
15232	77
15233	79
15234	81
15235	83
15236	85
15237	82
15238	80
15239	78
15240	76
15241	74
15242	71
15243	70
15244	69
15245	68
15246	67
15247	65
15248	64
15249	63
15250	63
15251	62
15252	62
15253	62
15254	61
15255	61
15256	60
15257	60
15258	59
15259	58
15260	57
15261	56
15262	55
15263	53
15264	51
15265	50
15266	48
15267	46
15268	44
15269	42
15270	40
15271	39
15272	37
15273	35
15274	34
15275	33
15276	32
15277	31
15278	30
15279	29
15280	28
15281	27
15282	26
15283	25
15284	23
15285	22
15286	21
15287	20
15288	18
15289	17
15290	15
15291	14
15292	12
15293	11
15294	9
15295	9
15296	8
15297	7
15298	6
15299	5
15300	5
15301	5
15302	6
15303	7
15304	8
15305	9
15306	10
15307	15
15308	19
15309	24
15310	28
15311	32
15312	37
15313	41
15314	45
15315	49
15316	53
15317	57
15318	61
15319	65
15320	64
15321	63
15322	62
15323	61
15324	60
15325	59
15326	59
15327	57
15328	55
15329	53
15330	51
15331	49
15332	47
15333	46
15334	46
15335	46
15336	46
15337	45
15338	45
15339	45
15340	45
15341	45
15342	45
15343	45
15344	45
15345	46
15346	44
15347	43
15348	42
15349	41
15350	40
15351	39
15352	38
15353	37
15354	36
15355	34
15356	33
15357	32
15358	31
15359	30
15360	29
15361	28
15362	27
15363	26
15364	26
15365	25
15366	25
15367	24
15368	24
15369	24
15370	23
15371	23
15372	23
15373	22
15374	22
15375	22
15376	21
15377	21
15378	21
15379	20
15380	20
15381	20
15382	19
15383	19
15384	20
15385	21
15386	22
15387	23
15388	24
15389	25
15390	26
15391	32
15392	38
15393	44
15394	50
15395	56
15396	62
15397	66
15398	71
15399	76
15400	80
15401	85
15402	90
15403	89
15404	87
15405	86
15406	84
15407	83
15408	82
15409	80
15410	77
15411	74
15412	71
15413	68
15414	65
15415	62
15416	62
15417	61
15418	60
15419	59
15420	58
15421	58
15422	57
15423	57
15424	57
15425	57
15426	57
15427	57
15428	57
15429	56
15430	54
15431	53
15432	52
15433	51
15434	49
15435	48
15436	47
15437	46
15438	45
15439	44
15440	42
15441	41
15442	41
15443	41
15444	41
15445	41
15446	40
15447	40
15448	41
15449	41
15450	42
15451	42
15452	43
15453	43
15454	44
15455	43
15456	43
15457	43
15458	42
15459	42
15460	42
15461	40
15462	39
15463	38
15464	36
15465	35
15466	34
15467	35
15468	36
15469	38
15470	39
15471	40
15472	42
15473	43
15474	48
15475	54
15476	60
15477	65
15478	71
15479	77
15480	78
15481	80
15482	82
15483	84
15484	85
15485	87
15486	89
15487	85
15488	82
15489	79
15490	76
15491	73
15492	70
15493	67
15494	65
15495	62
15496	60
15497	57
15498	55
15499	55
15500	55
15501	55
15502	55
15503	55
15504	55
15505	55
15506	55
15507	55
15508	55
15509	55
15510	56
15511	56
15512	55
15513	54
15514	54
15515	53
15516	52
15517	51
15518	51
15519	50
15520	49
15521	48
15522	47
15523	46
15524	45
15525	45
15526	44
15527	44
15528	43
15529	43
15530	43
15531	42
15532	41
15533	41
15534	40
15535	39
15536	39
15537	38
15538	36
15539	35
15540	33
15541	32
15542	30
15543	29
15544	28
15545	27
15546	26
15547	25
15548	24
15549	23
15550	27
15551	31
15552	34
15553	38
15554	42
15555	46
15556	50
15557	57
15558	65
15559	72
15560	80
15561	88
15562	87
15563	87
15564	87
15565	86
15566	86
15567	86
15568	86
15569	83
15570	80
15571	78
15572	75
15573	72
15574	70
15575	69
15576	69
15577	68
15578	67
15579	67
15580	66
15581	66
15582	65
15583	65
15584	65
15585	64
15586	64
15587	64
15588	62
15589	60
15590	58
15591	57
15592	55
15593	53
15594	51
15595	49
15596	46
15597	44
15598	42
15599	40
15600	38
15601	36
15602	35
15603	34
15604	32
15605	31
15606	30
15607	29
15608	29
15609	28
15610	27
15611	27
15612	26
15613	26
15614	24
15615	22
15616	21
15617	19
15618	18
15619	16
15620	15
15621	13
15622	11
15623	10
15624	8
15625	7
15626	9
15627	12
15628	14
15629	17
15630	19
15631	22
15632	24
15633	32
15634	39
15635	47
15636	54
15637	61
15638	69
15639	72
15640	74
15641	77
15642	80
15643	83
15644	86
15645	89
15646	86
15647	83
15648	80
15649	77
15650	74
15651	72
15652	69
15653	67
15654	65
15655	63
15656	61
15657	59
15658	59
15659	58
15660	58
15661	58
15662	58
15663	58
15664	58
15665	57
15666	56
15667	55
15668	55
15669	54
15670	53
15671	51
15672	50
15673	48
15674	46
15675	44
15676	43
15677	41
15678	40
15679	38
15680	37
15681	36
15682	35
15683	34
15684	33
15685	33
15686	33
15687	33
15688	32
15689	32
15690	31
15691	31
15692	30
15693	30
15694	29
15695	29
15696	28
15697	27
15698	26
15699	25
15700	23
15701	22
15702	21
15703	22
15704	23
15705	23
15706	24
15707	25
15708	25
15709	26
15710	34
15711	41
15712	48
15713	56
15714	63
15715	71
15716	75
15717	78
15718	82
15719	86
15720	90
15721	94
15722	92
15723	90
15724	88
15725	86
15726	85
15727	83
15728	81
15729	78
15730	76
15731	73
15732	70
15733	68
15734	65
15735	64
15736	64
15737	63
15738	63
15739	62
15740	62
15741	61
15742	61
15743	62
15744	62
15745	62
15746	62
15747	62
15748	61
15749	60
15750	58
15751	57
15752	56
15753	55
15754	53
15755	51
15756	50
15757	48
15758	46
15759	45
15760	43
15761	41
15762	40
15763	39
15764	37
15765	36
15766	34
15767	33
15768	32
15769	32
15770	31
15771	30
15772	29
15773	28
15774	27
15775	26
15776	24
15777	23
15778	22
15779	21
15780	20
15781	19
15782	19
15783	18
15784	17
15785	17
15786	21
15787	25
15788	29
15789	33
15790	37
15791	41
15792	45
15793	51
15794	58
15795	65
15796	72
15797	79
15798	86
15799	87
15800	88
15801	88
15802	89
15803	90
15804	90
15805	91
15806	88
15807	86
15808	84
15809	81
15810	79
15811	77
15812	76
15813	75
15814	74
15815	73
15816	72
15817	71
15818	71
15819	71
15820	71
15821	72
15822	72
15823	72
15824	72
15825	71
15826	70
15827	69
15828	68
15829	67
15830	66
15831	64
15832	62
15833	61
15834	59
15835	57
15836	55
15837	54
15838	52
15839	50
15840	49
15841	47
15842	46
15843	44
15844	43
15845	42
15846	42
15847	41
15848	40
15849	39
15850	39
15851	39
15852	38
15853	38
15854	37
15855	37
15856	37
15857	36
15858	35
15859	35
15860	34
15861	33
15862	33
15863	34
15864	36
15865	37
15866	39
15867	40
15868	42
15869	44
15870	50
15871	57
15872	64
15873	71
15874	78
15875	84
15876	86
15877	87
15878	89
15879	90
15880	92
15881	94
15882	92
15883	90
15884	89
15885	87
15886	86
15887	84
15888	83
15889	81
15890	79
15891	78
15892	76
15893	74
15894	72
15895	72
15896	72
15897	71
15898	71
15899	70
15900	70
15901	70
15902	69
15903	69
15904	69
15905	68
15906	68
15907	68
15908	67
15909	66
15910	65
15911	64
15912	63
15913	62
15914	61
15915	60
15916	59
15917	58
15918	57
15919	56
15920	55
15921	54
15922	54
15923	53
15924	52
15925	51
15926	51
15927	50
15928	49
15929	49
15930	48
15931	47
15932	47
15933	46
15934	45
15935	44
15936	44
15937	43
15938	42
15939	41
15940	40
15941	39
15942	39
15943	38
15944	37
15945	36
15946	39
15947	42
15948	44
15949	47
15950	49
15951	52
15952	55
15953	60
15954	65
15955	70
15956	75
15957	80
15958	85
15959	86
15960	87
15961	88
15962	88
15963	89
15964	90
15965	91
15966	89
15967	88
15968	86
15969	84
15970	83
15971	81
15972	80
15973	79
15974	78
15975	77
15976	76
15977	75
15978	75
15979	75
15980	75
15981	75
15982	75
15983	74
15984	74
15985	74
15986	73
15987	73
15988	73
15989	72
15990	72
15991	71
15992	69
15993	68
15994	67
15995	66
15996	65
15997	64
15998	62
15999	61
16000	59
16001	57
16002	56
16003	54
16004	53
16005	52
16006	50
16007	49
16008	48
16009	47
16010	46
16011	45
16012	44
16013	43
16014	42
16015	41
16016	40
16017	38
16018	37
16019	36
16020	35
16021	34
16022	33
16023	32
16024	32
16025	31
16026	31
16027	31
16028	30
16029	30
16030	34
16031	38
16032	42
16033	46
16034	51
16035	55
16036	60
16037	66
16038	72
16039	78
16040	83
16041	89
16042	89
16043	90
16044	90
16045	90
16046	90
16047	90
16048	91
16049	89
16050	87
16051	86
16052	84
16053	82
16054	81
16055	80
16056	79
16057	78
16058	76
16059	75
16060	74
16061	73
16062	72
16063	72
16064	71
16065	70
16066	70
16067	69
16068	67
16069	66
16070	64
16071	63
16072	62
16073	60
16074	58
16075	57
16076	55
16077	53
16078	52
16079	50
16080	48
16081	47
16082	46
16083	45
16084	44
16085	42
16086	41
16087	41
16088	40
16089	40
16090	39
16091	39
16092	38
16093	38
16094	37
16095	37
16096	36
16097	36
16098	36
16099	35
16100	35
16101	34
16102	33
16103	33
16104	32
16105	31
16106	31
16107	30
16108	30
16109	29
16110	29
16111	28
16112	28
16113	30
16114	32
16115	35
16116	37
16117	40
16118	42
16119	47
16120	53
16121	58
16122	63
16123	68
16124	73
16125	78
16126	80
16127	82
16128	84
16129	86
16130	88
16131	90
16132	88
16133	85
16134	83
16135	81
16136	79
16137	77
16138	75
16139	74
16140	72
16141	71
16142	70
16143	68
16144	67
16145	67
16146	66
16147	66
16148	66
16149	66
16150	66
16151	66
16152	65
16153	65
16154	64
16155	64
16156	64
16157	63
16158	62
16159	61
16160	60
16161	59
16162	58
16163	56
16164	55
16165	54
16166	53
16167	51
16168	50
16169	49
16170	48
16171	47
16172	47
16173	46
16174	45
16175	45
16176	44
16177	43
16178	42
16179	41
16180	40
16181	39
16182	38
16183	37
16184	36
16185	35
16186	34
16187	33
16188	32
16189	31
16190	29
16191	28
16192	26
16193	25
16194	24
16195	22
16196	24
16197	26
16198	29
16199	31
16200	33
16201	35
16202	41
16203	47
16204	53
16205	59
16206	65
16207	70
16208	76
16209	79
16210	82
16211	84
16212	87
16213	90
16214	92
16215	90
16216	89
16217	87
16218	85
16219	84
16220	82
16221	80
16222	78
16223	76
16224	74
16225	72
16226	70
16227	68
16228	68
16229	67
16230	66
16231	66
16232	65
16233	65
16234	64
16235	63
16236	62
16237	61
16238	60
16239	59
16240	58
16241	56
16242	55
16243	53
16244	52
16245	50
16246	49
16247	48
16248	46
16249	45
16250	44
16251	42
16252	41
16253	40
16254	39
16255	38
16256	37
16257	36
16258	35
16259	35
16260	34
16261	34
16262	34
16263	33
16264	33
16265	32
16266	32
16267	31
16268	30
16269	30
16270	29
16271	28
16272	29
16273	30
16274	32
16275	33
16276	34
16277	35
16278	41
16279	46
16280	52
16281	58
16282	63
16283	69
16284	75
16285	78
16286	81
16287	83
16288	86
16289	89
16290	92
16291	90
16292	88
16293	85
16294	83
16295	81
16296	78
16297	76
16298	74
16299	71
16300	69
16301	66
16302	64
16303	62
16304	61
16305	59
16306	58
16307	57
16308	56
16309	55
16310	54
16311	53
16312	52
16313	52
16314	51
16315	50
16316	49
16317	48
16318	46
16319	45
16320	43
16321	42
16322	40
16323	39
16324	37
16325	35
16326	34
16327	32
16328	31
16329	30
16330	29
16331	28
16332	28
16333	27
16334	26
16335	25
16336	25
16337	25
16338	25
16339	25
16340	25
16341	25
16342	25
16343	25
16344	25
16345	24
16346	24
16347	24
16348	24
16349	26
16350	29
16351	31
16352	33
16353	36
16354	38
16355	44
16356	50
16357	56
16358	62
16359	68
16360	75
16361	76
16362	78
16363	80
16364	82
16365	84
16366	86
16367	88
16368	86
16369	85
16370	83
16371	81
16372	79
16373	77
16374	76
16375	74
16376	72
16377	71
16378	69
16379	68
16380	66
16381	66
16382	65
16383	65
16384	64
16385	64
16386	63
16387	62
16388	62
16389	61
16390	60
16391	59
16392	58
16393	57
16394	55
16395	54
16396	52
16397	51
16398	49
16399	48
16400	46
16401	44
16402	42
16403	40
16404	38
16405	36
16406	34
16407	33
16408	31
16409	30
16410	28
16411	27
16412	26
16413	24
16414	23
16415	22
16416	21
16417	19
16418	18
16419	17
16420	16
16421	15
16422	14
16423	13
16424	12
16425	15
16426	17
16427	20
16428	22
16429	25
16430	27
16431	30
16432	36
16433	43
16434	50
16435	56
16436	63
16437	69
16438	72
16439	75
16440	77
16441	80
16442	82
16443	85
16444	88
16445	86
16446	85
16447	83
16448	82
16449	80
16450	79
16451	78
16452	76
16453	75
16454	74
16455	73
16456	72
16457	72
16458	71
16459	71
16460	71
16461	70
16462	70
16463	70
16464	69
16465	67
16466	66
16467	65
16468	64
16469	63
16470	60
16471	58
16472	56
16473	54
16474	52
16475	49
16476	47
16477	45
16478	43
16479	40
16480	38
16481	36
16482	34
16483	32
16484	31
16485	30
16486	28
16487	27
16488	26
16489	25
16490	24
16491	23
16492	22
16493	21
16494	20
16495	19
16496	18
16497	17
16498	17
16499	16
16500	15
16501	14
16502	17
16503	19
16504	22
16505	24
16506	27
16507	29
16508	32
16509	39
16510	47
16511	54
16512	62
16513	69
16514	77
16515	79
16516	82
16517	84
16518	87
16519	89
16520	92
16521	90
16522	87
16523	85
16524	83
16525	80
16526	78
16527	76
16528	73
16529	71
16530	68
16531	65
16532	63
16533	60
16534	59
16535	59
16536	58
16537	57
16538	56
16539	55
16540	54
16541	53
16542	52
16543	51
16544	49
16545	48
16546	47
16547	44
16548	42
16549	40
16550	38
16551	36
16552	34
16553	32
16554	31
16555	30
16556	28
16557	27
16558	26
16559	25
16560	24
16561	24
16562	23
16563	23
16564	22
16565	22
16566	21
16567	21
16568	20
16569	20
16570	19
16571	19
16572	18
16573	17
16574	16
16575	15
16576	15
16577	14
16578	13
16579	15
16580	18
16581	21
16582	24
16583	27
16584	30
16585	36
16586	42
16587	48
16588	54
16589	60
16590	67
16591	73
16592	75
16593	77
16594	80
16595	82
16596	84
16597	87
16598	84
16599	82
16600	79
16601	77
16602	75
16603	72
16604	70
16605	67
16606	65
16607	62
16608	60
16609	57
16610	55
16611	54
16612	54
16613	53
16614	53
16615	52
16616	52
16617	52
16618	51
16619	51
16620	50
16621	50
16622	50
16623	49
16624	48
16625	47
16626	46
16627	44
16628	43
16629	42
16630	41
16631	40
16632	39
16633	38
16634	38
16635	37
16636	36
16637	35
16638	34
16639	33
16640	33
16641	32
16642	31
16643	29
16644	28
16645	26
16646	25
16647	23
16648	22
16649	21
16650	20
16651	19
16652	17
16653	16
16654	15
16655	14
16656	18
16657	21
16658	25
16659	28
16660	32
16661	35
16662	41
16663	47
16664	53
16665	59
16666	65
16667	71
16668	77
16669	79
16670	81
16671	83
16672	85
16673	87
16674	89
16675	87
16676	85
16677	83
16678	81
16679	79
16680	78
16681	76
16682	75
16683	74
16684	73
16685	71
16686	70
16687	69
16688	69
16689	68
16690	68
16691	68
16692	67
16693	67
16694	66
16695	64
16696	63
16697	62
16698	61
16699	59
16700	58
16701	56
16702	53
16703	51
16704	48
16705	46
16706	44
16707	42
16708	40
16709	38
16710	37
16711	35
16712	33
16713	33
16714	32
16715	31
16716	31
16717	30
16718	30
16719	29
16720	28
16721	27
16722	26
16723	25
16724	24
16725	23
16726	23
16727	23
16728	23
16729	23
16730	23
16731	23
16732	23
16733	30
16734	37
16735	44
16736	51
16737	58
16738	65
16739	70
16740	75
16741	80
16742	85
16743	90
16744	95
16745	94
16746	94
16747	93
16748	93
16749	93
16750	92
16751	92
16752	90
16753	89
16754	88
16755	86
16756	85
16757	84
16758	83
16759	82
16760	81
16761	80
16762	79
16763	78
16764	77
16765	77
16766	76
16767	75
16768	74
16769	73
16770	72
16771	71
16772	69
16773	68
16774	66
16775	64
16776	63
16777	61
16778	59
16779	57
16780	55
16781	53
16782	52
16783	50
16784	48
16785	46
16786	45
16787	43
16788	41
16789	40
16790	39
16791	37
16792	36
16793	35
16794	34
16795	33
16796	32
16797	30
16798	28
16799	26
16800	25
16801	23
16802	21
16803	21
16804	20
16805	19
16806	19
16807	18
16808	17
16809	20
16810	23
16811	26
16812	28
16813	31
16814	34
16815	37
16816	40
16817	43
16818	46
16819	49
16820	52
16821	55
16822	55
16823	56
16824	56
16825	56
16826	57
16827	57
16828	58
16829	56
16830	54
16831	52
16832	50
16833	48
16834	46
16835	44
16836	41
16837	38
16838	35
16839	33
16840	30
16841	28
16842	26
16843	25
16844	23
16845	21
16846	20
16847	18
16848	17
16849	15
16850	13
16851	12
16852	10
16853	9
16854	8
16855	7
16856	7
16857	6
16858	6
16859	5
16860	5
16861	5
16862	5
16863	5
16864	5
16865	5
16866	5
16867	5
16868	5
16869	5
16870	5
16871	5
16872	5
16873	5
16874	5
16875	5
16876	5
16877	5
16878	5
16879	5
16880	5
16881	6
16882	6
16883	7
16884	8
16885	8
16886	11
16887	14
16888	17
16889	20
16890	22
16891	25
16892	28
16893	31
16894	34
16895	37
16896	40
16897	43
16898	46
16899	46
16900	46
16901	46
16902	46
16903	46
16904	47
16905	46
16906	45
16907	45
16908	44
16909	43
16910	43
16911	42
16912	42
16913	42
16914	42
16915	42
16916	42
16917	42
16918	42
16919	42
16920	42
16921	43
16922	43
16923	43
16924	43
16925	42
16926	41
16927	41
16928	40
16929	39
16930	39
16931	38
16932	37
16933	37
16934	36
16935	36
16936	34
16937	34
16938	34
16939	34
16940	34
16941	34
16942	34
16943	34
16944	35
16945	35
16946	36
16947	36
16948	37
16949	37
16950	37
16951	37
16952	37
16953	37
16954	37
16955	38
16956	44
16957	48
16958	52
16959	57
16960	61
16961	66
16962	69
16963	72
16964	76
16965	79
16966	82
16967	86
16968	85
16969	85
16970	85
16971	85
16972	84
16973	84
16974	84
16975	82
16976	80
16977	77
16978	75
16979	73
16980	71
16981	69
16982	66
16983	64
16984	62
16985	60
16986	58
16987	56
16988	55
16989	53
16990	51
16991	50
16992	48
16993	47
16994	45
16995	44
16996	42
16997	41
16998	39
16999	38
17000	36
17001	34
17002	32
17003	30
17004	28
17005	26
17006	24
17007	21
17008	19
17009	16
17010	14
17011	11
17012	9
17013	8
17014	7
17015	7
17016	6
17017	6
17018	5
17019	5
17020	6
17021	7
17022	8
17023	9
17024	10
17025	11
17026	15
17027	18
17028	22
17029	25
17030	29
17031	32
17032	34
17033	36
17034	38
17035	40
17036	41
17037	43
17038	45
17039	45
17040	45
17041	45
17042	45
17043	45
17044	45
17045	45
17046	45
17047	44
17048	44
17049	43
17050	43
17051	43
17052	43
17053	43
17054	44
17055	44
17056	44
17057	45
17058	45
17059	45
17060	45
17061	46
17062	46
17063	46
17064	45
17065	44
17066	43
17067	43
17068	42
17069	41
17070	40
17071	39
17072	38
17073	37
17074	36
17075	34
17076	33
17077	33
17078	33
17079	32
17080	32
17081	32
17082	31
17083	31
17084	31
17085	31
17086	31
17087	31
17088	31
17089	31
17090	31
17091	32
17092	33
17093	34
17094	35
17095	36
17096	39
17097	42
17098	46
17099	49
17100	52
17101	55
17102	59
17103	61
17104	64
17105	67
17106	70
17107	73
17108	75
17109	75
17110	75
17111	75
17112	75
17113	74
17114	74
17115	74
17116	72
17117	70
17118	68
17119	67
17120	65
17121	63
17122	61
17123	60
17124	58
17125	56
17126	55
17127	53
17128	52
17129	52
17130	51
17131	51
17132	50
17133	49
17134	49
17135	48
17136	48
17137	47
17138	47
17139	46
17140	46
17141	45
17142	44
17143	43
17144	42
17145	41
17146	41
17147	40
17148	39
17149	38
17150	37
17151	36
17152	35
17153	35
17154	34
17155	33
17156	33
17157	32
17158	31
17159	31
17160	30
17161	29
17162	29
17163	28
17164	28
17165	27
17166	26
17167	25
17168	25
17169	24
17170	23
17171	22
17172	21
17173	22
17174	23
17175	24
17176	25
17177	25
17178	26
17179	27
17180	31
17181	35
17182	40
17183	44
17184	48
17185	52
17186	54
17187	56
17188	58
17189	60
17190	62
17191	65
17192	64
17193	63
17194	62
17195	61
17196	60
17197	59
17198	58
17199	56
17200	54
17201	52
17202	50
17203	48
17204	46
17205	44
17206	42
17207	41
17208	39
17209	38
17210	36
17211	35
17212	34
17213	33
17214	31
17215	30
17216	29
17217	28
17218	27
17219	26
17220	24
17221	23
17222	22
17223	21
17224	19
17225	18
17226	17
17227	16
17228	14
17229	13
17230	12
17231	11
17232	10
17233	9
17234	8
17235	7
17236	6
17237	6
17238	5
17239	5
17240	5
17241	5
17242	5
17243	5
17244	5
17245	5
17246	5
17247	5
17248	5
17249	5
17250	5
17251	5
17252	5
17253	5
17254	5
17255	5
17256	5
17257	6
17258	7
17259	8
17260	9
17261	10
17262	11
17263	15
17264	18
17265	22
17266	25
17267	29
17268	32
17269	34
17270	36
17271	37
17272	39
17273	41
17274	43
17275	45
17276	44
17277	43
17278	43
17279	42
17280	41
17281	41
17282	40
17283	38
17284	37
17285	36
17286	35
17287	34
17288	33
17289	33
17290	32
17291	32
17292	31
17293	31
17294	31
17295	31
17296	31
17297	31
17298	31
17299	31
17300	31
17301	31
17302	31
17303	31
17304	31
17305	30
17306	30
17307	30
17308	30
17309	29
17310	29
17311	28
17312	28
17313	28
17314	27
17315	27
17316	27
17317	27
17318	26
17319	26
17320	26
17321	26
17322	25
17323	25
17324	25
17325	24
17326	24
17327	24
17328	23
17329	22
17330	22
17331	21
17332	21
17333	21
17334	22
17335	22
17336	23
17337	23
17338	24
17339	24
17340	28
17341	32
17342	36
17343	40
17344	43
17345	47
17346	50
17347	53
17348	56
17349	59
17350	61
17351	64
17352	64
17353	63
17354	63
17355	63
17356	62
17357	62
17358	61
17359	60
17360	58
17361	56
17362	55
17363	53
17364	52
17365	50
17366	49
17367	48
17368	47
17369	46
17370	45
17371	44
17372	44
17373	43
17374	42
17375	42
17376	41
17377	41
17378	40
17379	39
17380	39
17381	38
17382	38
17383	37
17384	36
17385	35
17386	34
17387	34
17388	33
17389	32
17390	31
17391	30
17392	30
17393	29
17394	28
17395	27
17396	27
17397	26
17398	26
17399	25
17400	25
17401	25
17402	24
17403	24
17404	23
17405	23
17406	22
17407	22
17408	21
17409	21
17410	20
17411	19
17412	19
17413	18
17414	17
17415	17
17416	17
17417	18
17418	18
17419	19
17420	19
17421	20
17422	20
17423	24
17424	28
17425	33
17426	37
17427	41
17428	45
17429	48
17430	51
17431	53
17432	56
17433	59
17434	62
17435	65
17436	65
17437	65
17438	65
17439	64
17440	64
17441	64
17442	62
17443	61
17444	59
17445	57
17446	55
17447	54
17448	52
17449	51
17450	50
17451	49
17452	48
17453	47
17454	45
17455	45
17456	44
17457	44
17458	43
17459	42
17460	42
17461	41
17462	40
17463	40
17464	39
17465	38
17466	38
17467	37
17468	36
17469	34
17470	33
17471	32
17472	30
17473	29
17474	27
17475	26
17476	24
17477	23
17478	21
17479	20
17480	19
17481	18
17482	17
17483	17
17484	16
17485	15
17486	14
17487	13
17488	12
17489	12
17490	11
17491	10
17492	9
17493	8
17494	8
17495	7
17496	7
17497	6
17498	5
17499	5
17500	5
17501	5
17502	5
17503	5
17504	5
17505	5
17506	7
17507	9
17508	11
17509	13
17510	15
17511	17
17512	21
17513	25
17514	29
17515	34
17516	38
17517	42
17518	46
17519	47
17520	49
17521	50
17522	52
17523	54
17524	55
17525	54
17526	53
17527	52
17528	51
17529	50
17530	48
17531	47
17532	46
17533	44
17534	42
17535	41
17536	39
17537	37
17538	36
17539	36
17540	35
17541	34
17542	34
17543	33
17544	33
17545	32
17546	32
17547	32
17548	32
17549	31
17550	31
17551	30
17552	29
17553	29
17554	28
17555	27
17556	26
17557	25
17558	24
17559	23
17560	22
17561	22
17562	21
17563	20
17564	19
17565	19
17566	18
17567	17
17568	17
17569	16
17570	16
17571	16
17572	15
17573	15
17574	15
17575	15
17576	14
17577	14
17578	14
17579	14
17580	14
17581	14
17582	14
17583	14
17584	14
17585	14
17586	14
17587	14
17588	14
17589	15
17590	17
17591	19
17592	21
17593	23
17594	24
17595	26
17596	31
17597	37
17598	42
17599	47
17600	52
17601	58
17602	60
17603	63
17604	65
17605	68
17606	70
17607	73
17608	71
17609	70
17610	69
17611	68
17612	67
17613	66
17614	65
17615	64
17616	62
17617	61
17618	59
17619	58
17620	56
17621	56
17622	55
17623	54
17624	54
17625	53
17626	53
17627	53
17628	52
17629	52
17630	52
17631	51
17632	51
17633	50
17634	49
17635	49
17636	48
17637	47
17638	46
17639	45
17640	44
17641	42
17642	41
17643	40
17644	38
17645	37
17646	36
17647	35
17648	35
17649	34
17650	33
17651	32
17652	32
17653	31
17654	30
17655	30
17656	29
17657	28
17658	28
17659	27
17660	26
17661	25
17662	25
17663	24
17664	23
17665	22
17666	22
17667	21
17668	20
17669	19
17670	19
17671	20
17672	21
17673	22
17674	23
17675	25
17676	26
17677	27
17678	32
17679	38
17680	43
17681	48
17682	53
17683	59
17684	62
17685	65
17686	68
17687	71
17688	74
17689	77
17690	81
17691	80
17692	79
17693	78
17694	77
17695	76
17696	75
17697	73
17698	71
17699	69
17700	67
17701	65
17702	64
17703	62
17704	61
17705	60
17706	59
17707	58
17708	57
17709	56
17710	56
17711	55
17712	55
17713	54
17714	54
17715	53
17716	52
17717	51
17718	51
17719	50
17720	49
17721	48
17722	48
17723	46
17724	45
17725	44
17726	42
17727	41
17728	40
17729	38
17730	37
17731	36
17732	35
17733	34
17734	33
17735	32
17736	31
17737	30
17738	29
17739	28
17740	27
17741	26
17742	26
17743	25
17744	24
17745	23
17746	23
17747	22
17748	21
17749	21
17750	20
17751	19
17752	19
17753	18
17754	17
17755	17
17756	16
17757	16
17758	16
17759	15
17760	15
17761	18
17762	22
17763	26
17764	30
17765	33
17766	37
17767	42
17768	48
17769	53
17770	59
17771	64
17772	70
17773	76
17774	77
17775	79
17776	80
17777	82
17778	84
17779	85
17780	84
17781	82
17782	80
17783	79
17784	77
17785	76
17786	74
17787	72
17788	70
17789	68
17790	66
17791	63
17792	61
17793	60
17794	59
17795	58
17796	57
17797	55
17798	54
17799	53
17800	53
17801	52
17802	51
17803	50
17804	49
17805	49
17806	47
17807	46
17808	44
17809	42
17810	41
17811	39
17812	38
17813	36
17814	34
17815	32
17816	31
17817	29
17818	27
17819	25
17820	23
17821	21
17822	20
17823	18
17824	16
17825	14
17826	13
17827	12
17828	10
17829	9
17830	8
17831	7
17832	7
17833	6
17834	6
17835	5
17836	5
17837	5
17838	5
17839	5
17840	5
17841	5
17842	5
17843	5
17844	5
17845	5
17846	5
17847	6
17848	6
17849	6
17850	7
17851	11
17852	15
17853	19
17854	23
17855	27
17856	31
17857	36
17858	41
17859	46
17860	51
17861	56
17862	61
17863	62
17864	62
17865	62
17866	63
17867	63
17868	64
17869	64
17870	62
17871	60
17872	58
17873	56
17874	54
17875	52
17876	51
17877	50
17878	49
17879	48
17880	47
17881	46
17882	45
17883	45
17884	45
17885	45
17886	45
17887	45
17888	45
17889	45
17890	45
17891	44
17892	44
17893	43
17894	43
17895	42
17896	41
17897	40
17898	39
17899	38
17900	37
17901	36
17902	34
17903	33
17904	32
17905	31
17906	30
17907	29
17908	28
17909	28
17910	27
17911	27
17912	26
17913	26
17914	25
17915	25
17916	25
17917	25
17918	24
17919	24
17920	24
17921	24
17922	23
17923	23
17924	23
17925	23
17926	22
17927	23
17928	23
17929	23
17930	24
17931	24
17932	24
17933	25
17934	29
17935	34
17936	38
17937	43
17938	47
17939	52
17940	57
17941	62
17942	67
17943	72
17944	77
17945	82
17946	87
17947	88
17948	88
17949	89
17950	89
17951	89
17952	90
17953	87
17954	84
17955	82
17956	79
17957	77
17958	74
17959	73
17960	71
17961	70
17962	69
17963	67
17964	66
17965	65
17966	64
17967	64
17968	64
17969	64
17970	64
17971	64
17972	63
17973	63
17974	62
17975	62
17976	61
17977	61
17978	60
17979	59
17980	57
17981	56
17982	54
17983	53
17984	52
17985	50
17986	49
17987	47
17988	46
17989	44
17990	43
17991	42
17992	41
17993	40
17994	39
17995	39
17996	38
17997	37
17998	36
17999	36
18000	35
18001	34
18002	34
18003	33
18004	32
18005	32
18006	31
18007	30
18008	29
18009	28
18010	28
18011	28
18012	28
18013	28
18014	28
18015	28
18016	28
18017	33
18018	39
18019	44
18020	50
18021	55
18022	61
18023	65
18024	70
18025	75
18026	79
18027	84
18028	88
18029	93
18030	92
18031	92
18032	91
18033	90
18034	90
18035	89
18036	87
18037	85
18038	83
18039	81
18040	79
18041	77
18042	75
18043	73
18044	71
18045	70
18046	68
18047	67
18048	65
18049	64
18050	64
18051	63
18052	63
18053	62
18054	62
18055	61
18056	60
18057	60
18058	59
18059	59
18060	58
18061	58
18062	57
18063	55
18064	54
18065	53
18066	52
18067	51
18068	49
18069	48
18070	47
18071	46
18072	45
18073	44
18074	43
18075	42
18076	41
18077	40
18078	39
18079	38
18080	37
18081	36
18082	35
18083	34
18084	34
18085	33
18086	32
18087	31
18088	30
18089	30
18090	29
18091	28
18092	27
18093	27
18094	26
18095	25
18096	24
18097	23
18098	22
18099	21
18100	22
18101	23
18102	24
18103	25
18104	26
18105	27
18106	28
18107	35
18108	42
18109	48
18110	55
18111	62
18112	68
18113	73
18114	77
18115	81
18116	85
18117	89
18118	93
18119	92
18120	91
18121	90
18122	89
18123	88
18124	87
18125	87
18126	85
18127	83
18128	81
18129	79
18130	78
18131	76
18132	75
18133	74
18134	73
18135	72
18136	72
18137	71
18138	70
18139	69
18140	68
18141	68
18142	67
18143	66
18144	66
18145	64
18146	62
18147	61
18148	59
18149	58
18150	56
18151	55
18152	53
18153	51
18154	49
18155	48
18156	46
18157	44
18158	42
18159	41
18160	39
18161	38
18162	36
18163	35
18164	34
18165	32
18166	31
18167	30
18168	29
18169	28
18170	27
18171	25
18172	24
18173	23
18174	22
18175	21
18176	20
18177	19
18178	18
18179	16
18180	15
18181	14
18182	13
18183	12
18184	11
18185	10
18186	9
18187	8
18188	7
18189	6
18190	6
18191	7
18192	7
18193	8
18194	9
18195	9
18196	14
18197	19
18198	23
18199	28
18200	33
18201	38
18202	42
18203	48
18204	53
18205	58
18206	63
18207	69
18208	74
18209	74
18210	74
18211	74
18212	74
18213	74
18214	74
18215	73
18216	72
18217	70
18218	69
18219	68
18220	67
18221	66
18222	65
18223	65
18224	65
18225	64
18226	64
18227	64
18228	63
18229	63
18230	63
18231	63
18232	63
18233	63
18234	63
18235	62
18236	61
18237	61
18238	60
18239	59
18240	58
18241	57
18242	56
18243	54
18244	53
18245	52
18246	51
18247	50
18248	49
18249	49
18250	48
18251	47
18252	47
18253	46
18254	45
18255	44
18256	43
18257	43
18258	42
18259	41
18260	40
18261	39
18262	38
18263	37
18264	36
18265	35
18266	35
18267	33
18268	32
18269	31
18270	30
18271	29
18272	28
18273	30
18274	31
18275	32
18276	33
18277	34
18278	36
18279	41
18280	46
18281	52
18282	57
18283	62
18284	68
18285	73
18286	77
18287	80
18288	84
18289	87
18290	91
18291	94
18292	93
18293	92
18294	91
18295	91
18296	90
18297	89
18298	88
18299	86
18300	83
18301	81
18302	79
18303	77
18304	76
18305	75
18306	75
18307	74
18308	74
18309	73
18310	73
18311	73
18312	73
18313	73
18314	73
18315	73
18316	73
18317	71
18318	70
18319	69
18320	68
18321	67
18322	66
18323	65
18324	63
18325	61
18326	60
18327	58
18328	56
18329	55
18330	53
18331	52
18332	50
18333	49
18334	48
18335	46
18336	45
18337	44
18338	43
18339	42
18340	41
18341	40
18342	39
18343	38
18344	38
18345	37
18346	36
18347	36
18348	35
18349	34
18350	33
18351	33
18352	32
18353	31
18354	31
18355	31
18356	31
18357	30
18358	30
18359	30
18360	30
18361	30
18362	34
18363	39
18364	43
18365	47
18366	52
18367	56
18368	61
18369	67
18370	72
18371	78
18372	83
18373	89
18374	89
18375	89
18376	90
18377	90
18378	90
18379	90
18380	91
18381	89
18382	87
18383	85
18384	83
18385	82
18386	80
18387	79
18388	78
18389	76
18390	75
18391	74
18392	73
18393	72
18394	71
18395	70
18396	69
18397	68
18398	67
18399	66
18400	65
18401	63
18402	62
18403	60
18404	59
18405	58
18406	56
18407	55
18408	53
18409	52
18410	50
18411	49
18412	47
18413	46
18414	45
18415	44
18416	42
18417	41
18418	40
18419	39
18420	38
18421	38
18422	37
18423	36
18424	35
18425	35
18426	34
18427	33
18428	32
18429	31
18430	30
18431	29
18432	28
18433	27
18434	26
18435	25
18436	24
18437	23
18438	23
18439	22
18440	22
18441	21
18442	21
18443	21
18444	20
18445	23
18446	25
18447	28
18448	31
18449	33
18450	36
18451	42
18452	48
18453	53
18454	59
18455	65
18456	71
18457	77
18458	80
18459	83
18460	85
18461	88
18462	91
18463	93
18464	91
18465	89
18466	86
18467	84
18468	82
18469	80
18470	78
18471	75
18472	73
18473	71
18474	69
18475	67
18476	65
18477	64
18478	63
18479	61
18480	60
18481	59
18482	58
18483	57
18484	56
18485	55
18486	54
18487	54
18488	53
18489	52
18490	51
18491	49
18492	47
18493	46
18494	44
18495	43
18496	41
18497	39
18498	37
18499	35
18500	33
18501	31
18502	29
18503	28
18504	26
18505	25
18506	23
18507	22
18508	20
18509	20
18510	19
18511	18
18512	17
18513	16
18514	15
18515	15
18516	14
18517	13
18518	12
18519	12
18520	11
18521	10
18522	10
18523	9
18524	8
18525	8
18526	7
18527	6
18528	9
18529	12
18530	14
18531	17
18532	20
18533	22
18534	28
18535	34
18536	40
18537	46
18538	52
18539	58
18540	65
18541	68
18542	71
18543	74
18544	77
18545	80
18546	83
18547	81
18548	79
18549	77
18550	75
18551	73
18552	71
18553	70
18554	67
18555	65
18556	62
18557	60
18558	57
18559	55
18560	54
18561	54
18562	53
18563	53
18564	52
18565	52
18566	51
18567	51
18568	51
18569	51
18570	51
18571	51
18572	51
18573	49
18574	48
18575	47
18576	46
18577	45
18578	44
18579	42
18580	40
18581	39
18582	37
18583	36
18584	34
18585	32
18586	31
18587	29
18588	28
18589	26
18590	25
18591	23
18592	22
18593	21
18594	20
18595	19
18596	18
18597	17
18598	16
18599	15
18600	15
18601	14
18602	13
18603	13
18604	12
18605	15
18606	18
18607	21
18608	24
18609	27
18610	30
18611	37
18612	43
18613	50
18614	57
18615	63
18616	70
18617	77
18618	79
18619	82
18620	85
18621	88
18622	91
18623	94
18624	93
18625	91
18626	90
18627	89
18628	88
18629	86
18630	85
18631	85
18632	84
18633	83
18634	82
18635	81
18636	80
18637	80
18638	80
18639	80
18640	79
18641	79
18642	79
18643	78
18644	77
18645	77
18646	76
18647	75
18648	74
18649	73
18650	71
18651	69
18652	67
18653	65
18654	63
18655	62
18656	60
18657	59
18658	57
18659	56
18660	54
18661	53
18662	52
18663	51
18664	51
18665	50
18666	49
18667	49
18668	48
18669	47
18670	47
18671	46
18672	46
18673	45
18674	44
18675	45
18676	45
18677	46
18678	47
18679	47
18680	48
18681	48
18682	54
18683	60
18684	65
18685	71
18686	76
18687	82
18688	84
18689	86
18690	88
18691	90
18692	92
18693	94
18694	94
18695	94
18696	93
18697	93
18698	93
18699	92
18700	92
18701	92
18702	91
18703	90
18704	90
18705	89
18706	88
18707	88
18708	87
18709	86
18710	86
18711	85
18712	85
18713	84
18714	83
18715	82
18716	81
18717	80
18718	79
18719	78
18720	77
18721	75
18722	74
18723	72
18724	71
18725	69
18726	68
18727	67
18728	65
18729	64
18730	63
18731	61
18732	60
18733	59
18734	57
18735	56
18736	54
18737	53
18738	51
18739	50
18740	48
18741	47
18742	46
18743	45
18744	43
18745	42
18746	41
18747	39
18748	38
18749	36
18750	35
18751	34
18752	34
18753	35
18754	35
18755	36
18756	36
18757	37
18758	41
18759	44
18760	48
18761	52
18762	55
18763	59
18764	63
18765	65
18766	68
18767	70
18768	73
18769	75
18770	78
18771	77
18772	76
18773	75
18774	74
18775	73
18776	72
18777	71
18778	70
18779	68
18780	66
18781	65
18782	63
18783	61
18784	61
18785	60
18786	59
18787	59
18788	58
18789	58
18790	58
18791	58
18792	57
18793	57
18794	57
18795	57
18796	57
18797	56
18798	56
18799	55
18800	54
18801	54
18802	53
18803	52
18804	51
18805	50
18806	49
18807	48
18808	47
18809	46
18810	45
18811	43
18812	42
18813	41
18814	39
18815	38
18816	37
18817	36
18818	35
18819	34
18820	33
18821	32
18822	31
18823	30
18824	29
18825	28
18826	27
18827	27
18828	26
18829	26
18830	26
18831	25
18832	25
18833	25
18834	25
18835	28
18836	30
18837	33
18838	36
18839	39
18840	42
18841	45
18842	49
18843	54
18844	59
18845	64
18846	69
18847	74
18848	74
18849	75
18850	75
18851	76
18852	76
18853	77
18854	75
18855	73
18856	71
18857	69
18858	67
18859	66
18860	64
18861	63
18862	62
18863	60
18864	59
18865	58
18866	57
18867	57
18868	57
18869	57
18870	57
18871	57
18872	57
18873	57
18874	56
18875	55
18876	54
18877	54
18878	53
18879	52
18880	50
18881	48
18882	46
18883	44
18884	42
18885	39
18886	37
18887	35
18888	33
18889	31
18890	29
18891	27
18892	26
18893	24
18894	22
18895	21
18896	19
18897	18
18898	16
18899	15
18900	14
18901	13
18902	13
18903	12
18904	11
18905	10
18906	9
18907	8
18908	7
18909	7
18910	6
18911	5
18912	5
18913	5
18914	5
18915	6
18916	6
18917	6
18918	9
18919	12
18920	15
18921	18
18922	20
18923	23
18924	26
18925	32
18926	37
18927	43
18928	48
18929	54
18930	59
18931	60
18932	62
18933	63
18934	64
18935	66
18936	67
18937	69
18938	67
18939	65
18940	63
18941	61
18942	60
18943	58
18944	57
18945	56
18946	54
18947	53
18948	52
18949	51
18950	51
18951	51
18952	51
18953	51
18954	51
18955	51
18956	51
18957	50
18958	50
18959	50
18960	49
18961	49
18962	49
18963	48
18964	47
18965	45
18966	44
18967	43
18968	42
18969	41
18970	39
18971	38
18972	36
18973	35
18974	33
18975	32
18976	30
18977	29
18978	28
18979	26
18980	25
18981	24
18982	23
18983	22
18984	21
18985	20
18986	19
18987	18
18988	17
18989	15
18990	14
18991	13
18992	12
18993	11
18994	10
18995	9
18996	9
18997	8
18998	7
18999	7
19000	6
19001	6
19002	8
19003	10
19004	12
19005	15
19006	17
19007	19
19008	25
19009	30
19010	36
19011	41
19012	47
19013	67
19014	68
19015	70
19016	71
19017	72
19018	74
19019	75
19020	76
19021	74
19022	71
19023	69
19024	66
19025	64
19026	61
19027	59
19028	57
19029	54
19030	52
19031	50
19032	47
19033	47
19034	46
19035	46
19036	45
19037	44
19038	44
19039	44
19040	44
19041	44
19042	44
19043	44
19044	44
19045	43
19046	42
19047	41
19048	40
19049	39
19050	38
19051	37
19052	35
19053	34
19054	32
19055	31
19056	30
19057	28
19058	27
19059	27
19060	26
19061	25
19062	24
19063	23
19064	22
19065	22
19066	22
19067	21
19068	21
19069	20
19070	20
19071	20
19072	19
19073	19
19074	19
19075	18
19076	18
19077	18
19078	19
19079	19
19080	19
19081	20
19082	20
19083	20
19084	25
19085	29
19086	33
19087	38
19088	42
19089	47
19090	52
19091	58
19092	64
19093	70
19094	75
19095	81
19096	87
19097	87
19098	88
19099	89
19100	89
19101	90
19102	90
19103	88
19104	85
19105	82
19106	80
19107	77
19108	75
19109	73
19110	72
19111	70
19112	69
19113	68
19114	66
19115	65
19116	65
19117	65
19118	65
19119	65
19120	65
19121	65
19122	65
19123	64
19124	64
19125	63
19126	63
19127	62
19128	62
19129	60
19130	59
19131	57
19132	55
19133	53
19134	52
19135	50
19136	48
19137	46
19138	45
19139	43
19140	41
19141	40
19142	39
19143	38
19144	37
19145	36
19146	34
19147	33
19148	32
19149	31
19150	30
19151	29
19152	28
19153	27
19154	26
19155	25
19156	25
19157	24
19158	23
19159	22
19160	22
19161	24
19162	27
19163	30
19164	33
19165	36
19166	39
19167	46
19168	52
19169	58
19170	64
19171	71
19172	77
19173	78
19174	80
19175	82
19176	83
19177	85
19178	87
19179	89
19180	87
19181	85
19182	83
19183	81
19184	79
19185	77
19186	75
19187	73
19188	71
19189	69
19190	68
19191	66
19192	64
19193	63
19194	63
19195	62
19196	61
19197	61
19198	60
19199	59
19200	58
19201	58
19202	57
19203	56
19204	55
19205	54
19206	52
19207	50
19208	49
19209	47
19210	46
19211	44
19212	42
19213	40
19214	38
19215	36
19216	34
19217	32
19218	30
19219	29
19220	28
19221	26
19222	25
19223	23
19224	22
19225	21
19226	20
19227	19
19228	18
19229	17
19230	16
19231	16
19232	15
19233	14
19234	13
19235	13
19236	12
19237	12
19238	12
19239	12
19240	12
19241	12
19242	12
19243	12
19244	16
19245	20
19246	24
19247	29
19248	33
19249	37
19250	43
19251	50
19252	56
19253	62
19254	68
19255	74
19256	81
19257	82
19258	84
19259	85
19260	87
19261	88
19262	90
19263	88
19264	85
19265	83
19266	80
19267	78
19268	76
19269	74
19270	73
19271	71
19272	70
19273	68
19274	67
19275	66
19276	65
19277	65
19278	65
19279	65
19280	65
19281	65
19282	64
19283	64
19284	63
19285	63
19286	62
19287	62
19288	61
19289	59
19290	58
19291	56
19292	54
19293	53
19294	51
19295	49
19296	47
19297	45
19298	43
19299	41
19300	39
19301	38
19302	37
19303	36
19304	35
19305	33
19306	32
19307	31
19308	30
19309	29
19310	28
19311	27
19312	26
19313	25
19314	24
19315	23
19316	22
19317	21
19318	20
19319	19
19320	18
19321	16
19322	15
19323	14
19324	12
19325	11
19326	9
19327	10
19328	12
19329	13
19330	14
19331	16
19332	17
19333	23
19334	29
19335	35
19336	40
19337	46
19338	52
19339	58
19340	62
19341	66
19342	70
19343	74
19344	78
19345	82
19346	80
19347	79
19348	77
19349	75
19350	73
19351	71
19352	70
19353	67
19354	63
19355	60
19356	57
19357	54
19358	51
19359	50
19360	49
19361	48
19362	47
19363	46
19364	45
19365	45
19366	44
19367	44
19368	44
19369	43
19370	43
19371	43
19372	41
19373	40
19374	38
19375	37
19376	35
19377	34
19378	32
19379	30
19380	28
19381	26
19382	24
19383	22
19384	20
19385	18
19386	17
19387	15
19388	13
19389	12
19390	10
19391	9
19392	8
19393	8
19394	7
19395	6
19396	5
19397	5
19398	5
19399	5
19400	5
19401	5
19402	5
19403	5
19404	5
19405	5
19406	5
19407	5
19408	5
19409	5
19410	5
19411	6
19412	7
19413	8
19414	9
19415	10
19416	10
19417	16
19418	22
19419	28
19420	34
19421	40
19422	47
19423	53
19424	59
19425	66
19426	72
19427	78
19428	85
19429	85
19430	85
19431	85
19432	85
19433	85
19434	85
19435	85
19436	83
19437	81
19438	79
19439	77
19440	75
19441	73
19442	72
19443	72
19444	72
19445	72
19446	72
19447	72
19448	72
19449	72
19450	73
19451	74
19452	75
19453	75
19454	76
19455	75
19456	74
19457	73
19458	72
19459	70
19460	69
19461	68
19462	66
19463	64
19464	62
19465	60
19466	58
19467	57
19468	55
19469	54
19470	52
19471	51
19472	50
19473	48
19474	48
19475	47
19476	47
19477	47
19478	46
19479	46
19480	45
19481	44
19482	43
19483	42
19484	41
19485	40
19486	39
19487	38
19488	36
19489	35
19490	33
19491	32
19492	31
19493	32
19494	34
19495	36
19496	38
19497	40
19498	42
19499	43
19500	50
19501	57
19502	64
19503	71
19504	78
19505	84
19506	86
19507	87
19508	88
19509	90
19510	91
19511	92
19512	94
19513	92
19514	91
19515	90
19516	88
19517	87
19518	86
19519	84
19520	82
19521	80
19522	78
19523	77
19524	75
19525	74
19526	74
19527	73
19528	73
19529	72
19530	72
19531	72
19532	71
19533	71
19534	71
19535	71
19536	70
19537	70
19538	69
19539	69
19540	68
19541	67
19542	66
19543	65
19544	65
19545	63
19546	62
19547	61
19548	60
19549	58
19550	57
19551	56
19552	55
19553	54
19554	53
19555	52
19556	51
19557	50
19558	49
19559	49
19560	48
19561	47
19562	47
19563	46
19564	45
19565	45
19566	44
19567	43
19568	43
19569	42
19570	42
19571	41
19572	40
19573	40
19574	39
19575	39
19576	38
19577	39
19578	41
19579	42
19580	43
19581	45
19582	46
19583	51
19584	57
19585	63
19586	68
19587	74
19588	80
19589	82
19590	84
19591	86
19592	88
19593	90
19594	92
19595	94
19596	93
19597	92
19598	92
19599	91
19600	90
19601	89
19602	88
19603	87
19604	85
19605	84
19606	83
19607	82
19608	80
19609	80
19610	79
19611	78
19612	77
19613	76
19614	76
19615	75
19616	75
19617	75
19618	74
19619	74
19620	74
19621	73
19622	72
19623	72
19624	71
19625	71
19626	70
19627	69
19628	68
19629	67
19630	66
19631	65
19632	64
19633	63
19634	62
19635	61
19636	60
19637	59
19638	58
19639	57
19640	56
19641	55
19642	54
19643	54
19644	53
19645	52
19646	52
19647	51
19648	50
19649	49
19650	49
19651	48
19652	47
19653	46
19654	46
19655	45
19656	44
19657	43
19658	42
19659	41
19660	41
19661	40
19662	40
19663	40
19664	39
19665	39
19666	42
19667	46
19668	49
19669	52
19670	55
19671	59
19672	62
19673	67
19674	72
19675	77
19676	83
19677	88
19678	94
19679	94
19680	93
19681	92
19682	92
19683	91
19684	91
19685	89
19686	87
19687	86
19688	84
19689	82
19690	81
19691	80
19692	78
19693	77
19694	76
19695	75
19696	74
19697	73
19698	73
19699	72
19700	72
19701	71
19702	71
19703	70
19704	70
19705	69
19706	68
19707	67
19708	67
19709	66
19710	65
19711	63
19712	62
19713	61
19714	59
19715	58
19716	57
19717	56
19718	55
19719	54
19720	53
19721	52
19722	51
19723	51
19724	50
19725	50
19726	49
19727	49
19728	48
19729	48
19730	47
19731	47
19732	47
19733	46
19734	46
19735	45
19736	44
19737	43
19738	43
19739	42
19740	41
19741	40
19742	39
19743	38
19744	37
19745	36
19746	35
19747	34
19748	34
19749	34
19750	34
19751	34
19752	34
19753	35
19754	35
19755	39
19756	44
19757	48
19758	53
19759	57
19760	62
19761	66
19762	70
19763	74
19764	78
19765	82
19766	86
19767	90
19768	90
19769	90
19770	90
19771	90
19772	90
19773	90
19774	88
19775	86
19776	85
19777	83
19778	81
19779	80
19780	79
19781	79
19782	79
19783	78
19784	78
19785	77
19786	77
19787	77
19788	77
19789	78
19790	78
19791	78
19792	78
19793	78
19794	78
19795	77
19796	77
19797	76
19798	76
19799	76
19800	74
19801	73
19802	71
19803	70
19804	69
19805	67
19806	66
19807	65
19808	63
19809	62
19810	61
19811	60
19812	59
19813	58
19814	57
19815	57
19816	56
19817	55
19818	55
19819	54
19820	53
19821	53
19822	52
19823	52
19824	51
19825	50
19826	49
19827	49
19828	48
19829	47
19830	46
19831	46
19832	45
19833	44
19834	43
19835	42
19836	41
19837	40
19838	42
19839	44
19840	46
19841	48
19842	50
19843	52
19844	57
19845	62
19846	67
19847	72
19848	77
19849	82
19850	87
19851	88
19852	89
19853	91
19854	92
19855	93
19856	94
19857	93
19858	93
19859	92
19860	91
19861	90
19862	89
19863	88
19864	87
19865	86
19866	85
19867	83
19868	82
19869	81
19870	80
19871	80
19872	79
19873	79
19874	78
19875	77
19876	77
19877	77
19878	76
19879	76
19880	75
19881	75
19882	75
19883	74
19884	73
19885	72
19886	71
19887	70
19888	69
19889	67
19890	66
19891	65
19892	64
19893	62
19894	61
19895	60
19896	59
19897	58
19898	57
19899	55
19900	54
19901	53
19902	52
19903	51
19904	50
19905	48
19906	47
19907	46
19908	45
19909	44
19910	43
19911	42
19912	41
19913	40
19914	39
19915	38
19916	37
19917	36
19918	34
19919	33
19920	32
19921	31
19922	30
19923	29
19924	28
19925	27
19926	26
19927	25
19928	25
19929	25
19930	25
19931	25
19932	25
19933	26
19934	30
19935	35
19936	40
19937	44
19938	49
19939	54
19940	58
19941	62
19942	66
19943	70
19944	74
19945	78
19946	82
19947	82
19948	82
19949	82
19950	83
19951	83
19952	83
19953	82
19954	81
19955	80
19956	78
19957	77
19958	76
19959	75
19960	74
19961	73
19962	72
19963	71
19964	71
19965	70
19966	69
19967	69
19968	68
19969	67
19970	67
19971	66
19972	65
19973	64
19974	63
19975	62
19976	62
19977	61
19978	60
19979	58
19980	57
19981	55
19982	54
19983	53
19984	51
19985	50
19986	49
19987	48
19988	47
19989	46
19990	45
19991	44
19992	43
19993	42
19994	41
19995	40
19996	39
19997	38
19998	37
19999	37
20000	36
20001	35
20002	34
20003	33
20004	33
20005	32
20006	31
20007	31
20008	30
20009	29
20010	29
20011	28
20012	27
20013	26
20014	25
20015	24
20016	23
20017	22
20018	21
20019	21
20020	20
20021	19
20022	18
20023	18
20024	20
20025	22
20026	24
20027	26
20028	28
20029	30
20030	36
20031	42
20032	48
20033	53
20034	59
20035	65
20036	67
20037	69
20038	71
20039	73
20040	75
20041	77
20042	79
20043	78
20044	76
20045	74
20046	72
20047	70
20048	69
20049	67
20050	65
20051	63
20052	61
20053	60
20054	58
20055	56
20056	55
20057	55
20058	54
20059	53
20060	52
20061	52
20062	51
20063	51
20064	50
20065	49
20066	49
20067	48
20068	47
20069	46
20070	45
20071	44
20072	43
20073	42
20074	41
20075	40
20076	38
20077	37
20078	36
20079	34
20080	33
20081	32
20082	32
20083	31
20084	30
20085	29
20086	29
20087	28
20088	27
20089	27
20090	26
20091	26
20092	25
20093	25
20094	24
20095	24
20096	23
20097	23
20098	22
20099	22
20100	21
20101	21
20102	20
20103	20
20104	19
20105	19
20106	18
20107	18
20108	18
20109	17
20110	17
20111	17
20112	17
20113	19
20114	21
20115	23
20116	25
20117	27
20118	30
20119	32
20120	39
20121	47
20122	54
20123	62
20124	70
20125	77
20126	80
20127	82
20128	85
20129	88
20130	90
20131	93
20132	91
20133	89
20134	87
20135	85
20136	83
20137	81
20138	79
20139	76
20140	73
20141	70
20142	67
20143	64
20144	61
20145	60
20146	59
20147	58
20148	56
20149	55
20150	54
20151	53
20152	53
20153	52
20154	52
20155	52
20156	51
20157	51
20158	50
20159	49
20160	48
20161	47
20162	45
20163	44
20164	43
20165	42
20166	40
20167	39
20168	38
20169	36
20170	35
20171	34
20172	33
20173	32
20174	31
20175	30
20176	29
20177	29
20178	28
20179	28
20180	28
20181	27
20182	27
20183	27
20184	27
20185	26
20186	26
20187	26
20188	26
20189	26
20190	25
20191	25
20192	25
20193	25
20194	25
20195	24
20196	24
20197	25
20198	25
20199	25
20200	25
20201	25
20202	25
20203	29
20204	33
20205	37
20206	41
20207	44
20208	48
20209	54
20210	59
20211	64
20212	70
20213	75
20214	80
20215	86
20216	86
20217	87
20218	88
20219	88
20220	89
20221	90
20222	87
20223	84
20224	81
20225	78
20226	75
20227	73
20228	70
20229	68
20230	66
20231	63
20232	61
20233	59
20234	56
20235	56
20236	55
20237	54
20238	53
20239	52
20240	52
20241	52
20242	53
20243	54
20244	55
20245	56
20246	56
20247	57
20248	58
20249	60
20250	61
20251	62
20252	63
20253	65
20254	65
20255	65
20256	65
20257	65
20258	65
20259	65
20260	64
20261	63
20262	62
20263	61
20264	60
20265	59
20266	58
20267	56
20268	55
20269	53
20270	51
20271	50
20272	48
20273	48
20274	47
20275	47
20276	46
20277	45
20278	45
20279	44
20280	44
20281	44
20282	44
20283	43
20284	43
20285	43
20286	45
20287	47
20288	49
20289	52
20290	54
20291	56
20292	61
20293	66
20294	71
20295	76
20296	81
20297	86
20298	91
20299	92
20300	92
20301	92
20302	93
20303	93
20304	94
20305	92
20306	91
20307	90
20308	88
20309	87
20310	86
20311	85
20312	83
20313	81
20314	79
20315	78
20316	76
20317	74
20318	74
20319	74
20320	73
20321	73
20322	73
20323	73
20324	72
20325	72
20326	72
20327	71
20328	71
20329	71
20330	71
20331	69
20332	68
20333	66
20334	65
20335	63
20336	62
20337	61
20338	59
20339	58
20340	56
20341	55
20342	53
20343	52
20344	51
20345	50
20346	49
20347	48
20348	47
20349	47
20350	46
20351	46
20352	46
20353	46
20354	45
20355	45
20356	45
20357	44
20358	43
20359	43
20360	42
20361	42
20362	41
20363	40
20364	39
20365	38
20366	37
20367	36
20368	37
20369	37
20370	37
20371	37
20372	37
20373	38
20374	38
20375	41
20376	45
20377	49
20378	52
20379	56
20380	60
20381	64
20382	68
20383	72
20384	76
20385	80
20386	84
20387	85
20388	85
20389	86
20390	87
20391	87
20392	88
20393	89
20394	88
20395	88
20396	87
20397	86
20398	86
20399	85
20400	85
20401	85
20402	85
20403	85
20404	85
20405	85
20406	85
20407	84
20408	83
20409	82
20410	81
20411	80
20412	80
20413	78
20414	76
20415	74
20416	72
20417	70
20418	69
20419	68
20420	67
20421	66
20422	65
20423	64
20424	63
20425	62
20426	61
20427	60
20428	59
20429	59
20430	58
20431	57
20432	56
20433	55
20434	54
20435	53
20436	53
20437	52
20438	51
20439	51
20440	50
20441	50
20442	50
20443	50
20444	49
20445	51
20446	52
20447	54
20448	55
20449	57
20450	59
20451	62
20452	65
20453	69
20454	72
20455	75
20456	79
20457	82
20458	84
20459	86
20460	88
20461	90
20462	92
20463	94
20464	93
20465	93
20466	92
20467	91
20468	90
20469	89
20470	88
20471	86
20472	83
20473	81
20474	78
20475	76
20476	74
20477	71
20478	69
20479	67
20480	64
20481	62
20482	60
20483	59
20484	57
20485	56
20486	55
20487	54
20488	52
20489	51
20490	51
20491	50
20492	50
20493	49
20494	48
20495	48
20496	48
20497	47
20498	47
20499	47
20500	47
20501	47
20502	47
20503	46
20504	46
20505	45
20506	45
20507	44
20508	44
20509	43
20510	42
20511	41
20512	40
20513	39
20514	38
20515	37
20516	36
20517	35
20518	33
20519	32
20520	31
20521	30
20522	30
20523	31
20524	31
20525	32
20526	32
20527	32
20528	36
20529	39
20530	43
20531	46
20532	50
20533	53
20534	57
20535	60
20536	63
20537	66
20538	69
20539	73
20540	76
20541	75
20542	74
20543	73
20544	72
20545	71
20546	71
20547	69
20548	67
20549	65
20550	62
20551	60
20552	58
20553	56
20554	55
20555	53
20556	51
20557	50
20558	48
20559	46
20560	46
20561	46
20562	46
20563	46
20564	45
20565	45
20566	45
20567	45
20568	46
20569	46
20570	46
20571	47
20572	47
20573	46
20574	46
20575	45
20576	44
20577	43
20578	43
20579	41
20580	40
20581	39
20582	38
20583	37
20584	35
20585	34
20586	33
20587	32
20588	31
20589	31
20590	30
20591	29
20592	29
20593	30
20594	30
20595	31
20596	31
20597	32
20598	33
20599	36
20600	40
20601	44
20602	48
20603	52
20604	56
20605	60
20606	63
20607	67
20608	71
20609	74
20610	78
20611	78
20612	78
20613	77
20614	77
20615	77
20616	76
20617	76
20618	74
20619	73
20620	71
20621	69
20622	67
20623	65
20624	64
20625	63
20626	61
20627	60
20628	59
20629	57
20630	56
20631	55
20632	54
20633	53
20634	52
20635	52
20636	51
20637	50
20638	49
20639	49
20640	48
20641	47
20642	47
20643	46
20644	45
20645	44
20646	43
20647	42
20648	42
20649	41
20650	40
20651	38
20652	37
20653	36
20654	35
20655	34
20656	33
20657	32
20658	31
20659	30
20660	29
20661	28
20662	27
20663	26
20664	25
20665	24
20666	23
20667	22
20668	21
20669	23
20670	24
20671	25
20672	27
20673	28
20674	29
20675	34
20676	39
20677	43
20678	48
20679	53
20680	57
20681	62
20682	65
20683	69
20684	72
20685	76
20686	79
20687	83
20688	82
20689	81
20690	80
20691	79
20692	78
20693	77
20694	76
20695	74
20696	72
20697	70
20698	68
20699	66
20700	64
20701	63
20702	63
20703	63
20704	62
20705	62
20706	62
20707	61
20708	61
20709	61
20710	61
20711	61
20712	61
20713	61
20714	60
20715	58
20716	57
20717	56
20718	54
20719	53
20720	51
20721	50
20722	48
20723	47
20724	45
20725	43
20726	42
20727	41
20728	40
20729	39
20730	38
20731	37
20732	36
20733	36
20734	35
20735	34
20736	33
20737	33
20738	32
20739	32
20740	31
20741	31
20742	30
20743	30
20744	30
20745	29
20746	32
20747	35
20748	38
20749	40
20750	43
20751	46
20752	50
20753	55
20754	59
20755	64
20756	68
20757	73
20758	78
20759	79
20760	81
20761	83
20762	84
20763	86
20764	88
20765	86
20766	85
20767	84
20768	83
20769	81
20770	80
20771	79
20772	77
20773	75
20774	74
20775	72
20776	71
20777	69
20778	68
20779	66
20780	64
20781	63
20782	61
20783	59
20784	59
20785	58
20786	57
20787	56
20788	55
20789	55
20790	54
20791	53
20792	52
20793	51
20794	51
20795	50
20796	49
20797	47
20798	45
20799	43
20800	41
20801	39
20802	37
20803	36
20804	34
20805	33
20806	31
20807	30
20808	28
20809	27
20810	26
20811	26
20812	25
20813	24
20814	23
20815	23
20816	22
20817	22
20818	21
20819	21
20820	20
20821	20
20822	19
20823	23
20824	27
20825	30
20826	34
20827	38
20828	41
20829	47
20830	53
20831	59
20832	65
20833	70
20834	76
20835	77
20836	77
20837	77
20838	78
20839	78
20840	78
20841	79
20842	76
20843	73
20844	71
20845	68
20846	65
20847	62
20848	61
20849	59
20850	57
20851	56
20852	54
20853	52
20854	51
20855	50
20856	49
20857	49
20858	48
20859	47
20860	47
20861	45
20862	44
20863	43
20864	42
20865	40
20866	39
20867	38
20868	37
20869	35
20870	34
20871	33
20872	32
20873	30
20874	29
20875	28
20876	27
20877	26
20878	25
20879	24
20880	22
20881	20
20882	18
20883	17
20884	15
20885	13
20886	12
20887	10
20888	9
20889	8
20890	7
20891	6
20892	5
20893	5
20894	5
20895	6
20896	6
20897	6
20898	7
20899	8
20900	10
20901	12
20902	14
20903	16
20904	18
20905	20
20906	25
20907	29
20908	34
20909	39
20910	44
20911	48
20912	51
20913	54
20914	57
20915	60
20916	62
20917	65
20918	68
20919	68
20920	67
20921	67
20922	67
20923	66
20924	66
20925	64
20926	61
20927	58
20928	56
20929	53
20930	51
20931	48
20932	46
20933	44
20934	41
20935	39
20936	37
20937	35
20938	34
20939	34
20940	34
20941	34
20942	33
20943	33
20944	34
20945	34
20946	34
20947	35
20948	35
20949	35
20950	36
20951	34
20952	32
20953	30
20954	28
20955	26
20956	25
20957	22
20958	19
20959	16
20960	14
20961	11
20962	8
20963	7
20964	7
20965	6
20966	6
20967	5
20968	5
20969	5
20970	5
20971	5
20972	5
20973	5
20974	5
20975	5
20976	5
20977	5
20978	5
20979	5
20980	5
20981	5
20982	5
20983	6
20984	7
20985	8
20986	9
20987	10
20988	11
20989	16
20990	22
20991	27
20992	32
20993	37
20994	43
20995	45
20996	48
20997	51
20998	54
20999	57
21000	60
21001	63
21002	61
21003	60
21004	59
21005	58
21006	57
21007	56
21008	54
21009	53
21010	52
21011	50
21012	49
21013	48
21014	47
21015	45
21016	44
21017	43
21018	42
21019	41
21020	40
21021	38
21022	37
21023	35
21024	34
21025	32
21026	31
21027	30
21028	29
21029	28
21030	27
21031	26
21032	25
21033	24
21034	23
21035	22
21036	21
21037	20
21038	19
21039	17
21040	16
21041	15
21042	14
21043	12
21044	11
21045	10
21046	9
21047	8
21048	7
21049	6
21050	5
21051	5
21052	5
21053	5
21054	5
21055	5
21056	5
21057	5
21058	5
21059	5
21060	5
21061	5
21062	5
21063	5
21064	5
21065	5
21066	5
21067	5
21068	5
21069	5
21070	6
21071	8
21072	11
21073	13
21074	16
21075	19
21076	21
21077	24
21078	28
21079	33
21080	37
21081	41
21082	46
21083	50
21084	50
21085	51
21086	51
21087	51
21088	51
21089	52
21090	50
21091	48
21092	46
21093	44
21094	43
21095	41
21096	39
21097	38
21098	37
21099	36
21100	35
21101	34
21102	33
21103	33
21104	33
21105	33
21106	34
21107	34
21108	34
21109	34
21110	34
21111	34
21112	34
21113	34
21114	34
21115	34
21116	33
21117	32
21118	31
21119	30
21120	29
21121	29
21122	28
21123	27
21124	26
21125	25
21126	24
21127	23
21128	22
21129	22
21130	21
21131	21
21132	20
21133	20
21134	19
21135	19
21136	19
21137	19
21138	18
21139	18
21140	18
21141	18
21142	17
21143	17
21144	16
21145	16
21146	15
21147	15
21148	16
21149	18
21150	19
21151	20
21152	22
21153	23
21154	27
21155	32
21156	36
21157	40
21158	44
21159	49
21160	53
21161	56
21162	59
21163	62
21164	65
21165	68
21166	71
21167	70
21168	69
21169	68
21170	67
21171	66
21172	65
21173	64
21174	63
21175	61
21176	59
21177	58
21178	56
21179	55
21180	54
21181	53
21182	53
21183	52
21184	52
21185	51
21186	51
21187	50
21188	50
21189	49
21190	49
21191	48
21192	48
21193	47
21194	46
21195	45
21196	44
21197	43
21198	42
21199	41
21200	40
21201	39
21202	37
21203	36
21204	35
21205	34
21206	33
21207	31
21208	30
21209	29
21210	27
21211	26
21212	25
21213	24
21214	23
21215	22
21216	21
21217	20
21218	19
21219	18
21220	18
21221	17
21222	16
21223	16
21224	15
21225	17
21226	18
21227	19
21228	21
21229	22
21230	23
21231	28
21232	32
21233	37
21234	42
21235	46
21236	51
21237	55
21238	60
21239	65
21240	70
21241	75
21242	80
21243	84
21244	84
21245	84
21246	84
21247	84
21248	84
21249	84
21250	82
21251	81
21252	79
21253	77
21254	76
21255	74
21256	72
21257	71
21258	70
21259	68
21260	67
21261	65
21262	64
21263	63
21264	63
21265	62
21266	62
21267	61
21268	61
21269	60
21270	60
21271	59
21272	59
21273	58
21274	57
21275	57
21276	56
21277	55
21278	53
21279	52
21280	51
21281	50
21282	49
21283	47
21284	46
21285	44
21286	43
21287	42
21288	40
21289	39
21290	37
21291	36
21292	34
21293	32
21294	31
21295	30
21296	29
21297	28
21298	28
21299	27
21300	26
21301	25
21302	25
21303	26
21304	26
21305	26
21306	27
21307	27
21308	31
21309	35
21310	39
21311	43
21312	47
21313	51
21314	56
21315	61
21316	66
21317	71
21318	76
21319	81
21320	86
21321	87
21322	88
21323	88
21324	89
21325	90
21326	91
21327	88
21328	85
21329	83
21330	80
21331	77
21332	75
21333	72
21334	69
21335	66
21336	64
21337	61
21338	58
21339	56
21340	55
21341	55
21342	55
21343	54
21344	54
21345	54
21346	53
21347	53
21348	52
21349	52
21350	51
21351	51
21352	51
21353	49
21354	47
21355	45
21356	43
21357	41
21358	40
21359	38
21360	36
21361	34
21362	32
21363	31
21364	29
21365	27
21366	26
21367	25
21368	23
21369	22
21370	21
21371	20
21372	20
21373	19
21374	19
21375	19
21376	19
21377	19
21378	19
21379	19
21380	19
21381	18
21382	18
21383	18
21384	18
21385	18
21386	19
21387	19
21388	19
21389	19
21390	20
21391	23
21392	27
21393	31
21394	34
21395	38
21396	42
21397	46
21398	50
21399	54
21400	58
21401	62
21402	66
21403	70
21404	69
21405	69
21406	68
21407	67
21408	66
21409	65
21410	63
21411	61
21412	59
21413	56
21414	54
21415	52
21416	50
21417	49
21418	48
21419	47
21420	47
21421	46
21422	45
21423	45
21424	45
21425	45
21426	45
21427	45
21428	45
21429	45
21430	45
21431	44
21432	44
21433	43
21434	42
21435	42
21436	40
21437	39
21438	38
21439	36
21440	35
21441	33
21442	32
21443	31
21444	30
21445	29
21446	28
21447	27
21448	27
21449	26
21450	26
21451	26
21452	26
21453	26
21454	26
21455	27
21456	27
21457	28
21458	28
21459	29
21460	29
21461	30
21462	33
21463	36
21464	39
21465	42
21466	45
21467	48
21468	54
21469	60
21470	67
21471	73
21472	79
21473	86
21474	87
21475	88
21476	89
21477	90
21478	91
21479	92
21480	93
21481	91
21482	89
21483	87
21484	86
21485	84
21486	82
21487	81
21488	79
21489	78
21490	76
21491	74
21492	73
21493	71
21494	71
21495	70
21496	70
21497	69
21498	68
21499	68
21500	67
21501	67
21502	67
21503	67
21504	66
21505	66
21506	65
21507	64
21508	63
21509	61
21510	60
21511	59
21512	58
21513	56
21514	55
21515	53
21516	51
21517	49
21518	48
21519	46
21520	45
21521	44
21522	43
21523	42
21524	41
21525	40
21526	39
21527	38
21528	38
21529	37
21530	36
21531	36
21532	35
21533	35
21534	35
21535	35
21536	35
21537	35
21538	37
21539	40
21540	43
21541	45
21542	48
21543	51
21544	54
21545	59
21546	64
21547	69
21548	74
21549	79
21550	84
21551	85
21552	86
21553	87
21554	88
21555	89
21556	90
21557	91
21558	89
21559	87
21560	85
21561	83
21562	82
21563	80
21564	78
21565	77
21566	75
21567	74
21568	73
21569	71
21570	71
21571	70
21572	70
21573	69
21574	69
21575	69
21576	68
21577	68
21578	67
21579	66
21580	66
21581	65
21582	65
21583	63
21584	62
21585	61
21586	60
21587	59
21588	57
21589	56
21590	55
21591	53
21592	52
21593	50
21594	48
21595	47
21596	46
21597	44
21598	43
21599	42
21600	41
21601	40
21602	39
21603	38
21604	37
21605	36
21606	35
21607	34
21608	33
21609	32
21610	31
21611	31
21612	30
21613	29
21614	29
21615	32
21616	35
21617	38
21618	41
21619	45
21620	48
21621	51
21622	57
21623	63
21624	68
21625	74
21626	80
21627	86
21628	87
21629	88
21630	89
21631	89
21632	90
21633	91
21634	89
21635	87
21636	85
21637	84
21638	82
21639	80
21640	78
21641	76
21642	74
21643	73
21644	71
21645	69
21646	67
21647	67
21648	66
21649	65
21650	64
21651	64
21652	63
21653	62
21654	62
21655	61
21656	60
21657	59
21658	58
21659	57
21660	56
21661	54
21662	53
21663	51
21664	50
21665	49
21666	47
21667	46
21668	44
21669	43
21670	42
21671	40
21672	39
21673	38
21674	37
21675	35
21676	34
21677	33
21678	32
21679	31
21680	30
21681	30
21682	29
21683	28
21684	27
21685	23
21686	22
21687	20
21688	19
21689	18
21690	16
21691	16
21692	15
21693	15
21694	14
21695	14
21696	14
21697	18
21698	22
21699	27
21700	31
21701	35
21702	40
21703	44
21704	49
21705	54
21706	60
21707	65
21708	70
21709	76
21710	75
21711	75
21712	75
21713	75
21714	75
21715	75
21716	75
21717	72
21718	70
21719	67
21720	64
21721	62
21722	59
21723	57
21724	56
21725	54
21726	53
21727	51
21728	50
21729	49
21730	49
21731	48
21732	48
21733	47
21734	47
21735	46
21736	45
21737	44
21738	43
21739	42
21740	42
21741	41
21742	39
21743	38
21744	36
21745	35
21746	34
21747	32
21748	31
21749	29
21750	27
21751	25
21752	24
21753	22
21754	20
21755	19
21756	18
21757	17
21758	16
21759	15
21760	14
21761	13
21762	12
21763	11
21764	11
21765	10
21766	9
21767	9
21768	8
21769	7
21770	7
21771	6
21772	5
21773	5
21774	6
21775	7
21776	9
21777	10
21778	12
21779	13
21780	14
21781	21
21782	28
21783	34
21784	41
21785	47
21786	54
21787	58
21788	63
21789	67
21790	72
21791	76
21792	81
21793	79
21794	78
21795	77
21796	76
21797	74
21798	73
21799	72
21800	70
21801	67
21802	65
21803	63
21804	61
21805	59
21806	58
21807	58
21808	58
21809	57
21810	57
21811	57
21812	56
21813	56
21814	56
21815	56
21816	56
21817	56
21818	56
21819	55
21820	54
21821	52
21822	51
21823	50
21824	48
21825	47
21826	45
21827	44
21828	42
21829	41
21830	39
21831	38
21832	37
21833	36
21834	35
21835	33
21836	32
21837	31
21838	31
21839	30
21840	29
21841	29
21842	28
21843	27
21844	27
21845	26
21846	25
21847	24
21848	23
21849	22
21850	21
21851	21
21852	21
21853	21
21854	21
21855	22
21856	22
21857	27
21858	32
21859	37
21860	42
21861	47
21862	52
21863	58
21864	63
21865	69
21866	74
21867	80
21868	86
21869	91
21870	91
21871	90
21872	89
21873	89
21874	88
21875	88
21876	87
21877	84
21878	81
21879	78
21880	75
21881	72
21882	69
21883	67
21884	65
21885	64
21886	62
21887	61
21888	59
21889	59
21890	58
21891	58
21892	58
21893	58
21894	58
21895	57
21896	57
21897	56
21898	55
21899	55
21900	54
21901	53
21902	52
21903	51
21904	49
21905	48
21906	47
21907	45
21908	44
21909	42
21910	41
21911	39
21912	37
21913	36
21914	34
21915	33
21916	32
21917	31
21918	30
21919	28
21920	27
21921	26
21922	25
21923	25
21924	24
21925	23
21926	22
21927	21
21928	20
21929	18
21930	17
21931	16
21932	14
21933	13
21934	12
21935	12
21936	11
21937	11
21938	10
21939	9
21940	9
21941	14
21942	20
21943	25
21944	30
21945	35
21946	41
21947	48
21948	54
21949	61
21950	68
21951	75
21952	82
21953	82
21954	82
21955	83
21956	83
21957	83
21958	83
21959	83
21960	81
21961	78
21962	75
21963	72
21964	69
21965	66
21966	65
21967	63
21968	61
21969	60
21970	58
21971	57
21972	55
21973	54
21974	54
21975	53
21976	53
21977	52
21978	52
21979	51
21980	50
21981	50
21982	49
21983	48
21984	47
21985	46
21986	44
21987	43
21988	42
21989	40
21990	39
21991	37
21992	36
21993	34
21994	32
21995	31
21996	29
21997	27
21998	27
21999	26
22000	25
22001	24
22002	24
22003	23
22004	22
22005	22
22006	22
22007	22
22008	22
22009	22
22010	22
22011	21
22012	21
22013	20
22014	20
22015	19
22016	19
22017	19
22018	18
22019	17
22020	17
22021	16
22022	16
22023	15
22024	19
22025	22
22026	26
22027	29
22028	32
22029	36
22030	43
22031	50
22032	57
22033	64
22034	71
22035	78
22036	85
22037	87
22038	88
22039	89
22040	91
22041	92
22042	93
22043	92
22044	90
22045	88
22046	86
22047	84
22048	83
22049	81
22050	79
22051	78
22052	76
22053	74
22054	73
22055	71
22056	70
22057	68
22058	67
22059	66
22060	65
22061	64
22062	62
22063	61
22064	60
22065	58
22066	57
22067	55
22068	54
22069	52
22070	50
22071	48
22072	46
22073	44
22074	42
22075	40
22076	38
22077	36
22078	34
22079	32
22080	30
22081	29
22082	27
22083	26
22084	25
22085	23
22086	22
22087	20
22088	19
22089	17
22090	16
22091	14
22092	13
22093	11
22094	10
22095	9
22096	8
22097	7
22098	6
22099	6
22100	5
22101	5
22102	5
22103	5
22104	5
22105	5
22106	5
22107	6
22108	7
22109	8
22110	9
22111	10
22112	12
22113	16
22114	20
22115	24
22116	28
22117	32
22118	36
22119	40
22120	43
22121	46
22122	49
22123	51
22124	54
22125	57
22126	56
22127	55
22128	54
22129	52
22130	51
22131	50
22132	49
22133	47
22134	45
22135	43
22136	41
22137	39
22138	38
22139	37
22140	37
22141	36
22142	36
22143	35
22144	35
22145	35
22146	35
22147	35
22148	35
22149	35
22150	35
22151	35
22152	35
22153	34
22154	34
22155	34
22156	33
22157	33
22158	32
22159	31
22160	30
22161	29
22162	29
22163	28
22164	27
22165	26
22166	25
22167	25
22168	24
22169	23
22170	22
22171	21
22172	21
22173	20
22174	19
22175	19
22176	18
22177	17
22178	17
22179	16
22180	16
22181	15
22182	15
22183	14
22184	14
22185	14
22186	13
22187	13
22188	13
22189	13
22190	15
22191	18
22192	20
22193	23
22194	25
22195	28
22196	30
22197	35
22198	40
22199	45
22200	51
22201	56
22202	61
22203	62
22204	63
22205	64
22206	65
22207	66
22208	67
22209	65
22210	64
22211	62
22212	60
22213	58
22214	56
22215	55
22216	54
22217	53
22218	52
22219	51
22220	50
22221	49
22222	49
22223	50
22224	50
22225	50
22226	51
22227	51
22228	52
22229	51
22230	51
22231	51
22232	51
22233	51
22234	51
22235	49
22236	48
22237	47
22238	46
22239	44
22240	43
22241	42
22242	41
22243	40
22244	39
22245	38
22246	37
22247	37
22248	36
22249	36
22250	36
22251	35
22252	35
22253	35
22254	35
22255	34
22256	34
22257	34
22258	34
22259	34
22260	34
22261	34
22262	33
22263	33
22264	33
22265	32
22266	32
22267	35
22268	37
22269	40
22270	42
22271	45
22272	47
22273	53
22274	58
22275	64
22276	69
22277	75
22278	80
22279	86
22280	87
22281	88
22282	89
22283	91
22284	92
22285	93
22286	92
22287	91
22288	90
22289	89
22290	88
22291	87
22292	86
22293	84
22294	83
22295	82
22296	81
22297	79
22298	78
22299	78
22300	77
22301	77
22302	77
22303	76
22304	76
22305	76
22306	75
22307	75
22308	75
22309	74
22310	74
22311	73
22312	72
22313	71
22314	70
22315	68
22316	67
22317	66
22318	65
22319	63
22320	62
22321	60
22322	59
22323	58
22324	56
22325	55
22326	54
22327	53
22328	51
22329	50
22330	49
22331	48
22332	47
22333	46
22334	45
22335	44
22336	43
22337	41
22338	40
22339	39
22340	38
22341	37
22342	36
22343	35
22344	35
22345	34
22346	34
22347	34
22348	33
22349	33
22350	36
22351	39
22352	43
22353	46
22354	49
22355	52
22356	56
22357	60
22358	65
22359	70
22360	75
22361	79
22362	84
22363	84
22364	85
22365	85
22366	85
22367	85
22368	85
22369	84
22370	82
22371	80
22372	79
22373	77
22374	76
22375	74
22376	73
22377	72
22378	71
22379	70
22380	69
22381	68
22382	67
22383	67
22384	67
22385	67
22386	67
22387	67
22388	64
22389	63
22390	62
22391	61
22392	60
22393	59
22394	57
22395	56
22396	55
22397	54
22398	52
22399	51
22400	50
22401	48
22402	47
22403	46
22404	45
22405	43
22406	42
22407	41
22408	40
22409	40
22410	39
22411	38
22412	37
22413	37
22414	36
22415	35
22416	34
22417	33
22418	32
22419	32
22420	31
22421	30
22422	29
22423	28
22424	28
22425	27
22426	26
22427	26
22428	26
22429	25
22430	25
22431	24
22432	27
22433	30
22434	33
22435	36
22436	39
22437	42
22438	46
22439	50
22440	55
22441	60
22442	64
22443	69
22444	74
22445	74
22446	75
22447	75
22448	76
22449	77
22450	77
22451	78
22452	76
22453	75
22454	73
22455	71
22456	70
22457	68
22458	66
22459	65
22460	64
22461	62
22462	61
22463	60
22464	59
22465	58
22466	57
22467	56
22468	55
22469	54
22470	53
22471	51
22472	50
22473	48
22474	46
22475	44
22476	42
22477	40
22478	37
22479	35
22480	33
22481	31
22482	28
22483	26
22484	24
22485	22
22486	20
22487	18
22488	16
22489	14
22490	13
22491	12
22492	11
22493	10
22494	9
22495	9
22496	8
22497	8
22498	8
22499	8
22500	7
22501	7
22502	7
22503	7
22504	6
22505	6
22506	6
22507	6
22508	5
22509	6
22510	7
22511	8
22512	9
22513	10
22514	11
22515	12
22516	18
22517	23
22518	29
22519	35
22520	40
22521	46
22522	51
22523	55
22524	60
22525	65
22526	70
22527	74
22528	74
22529	73
22530	73
22531	73
22532	72
22533	72
22534	72
22535	70
22536	68
22537	66
22538	65
22539	63
22540	61
22541	62
22542	62
22543	62
22544	62
22545	62
22546	62
22547	63
22548	63
22549	64
22550	65
22551	66
22552	67
22553	68
22554	67
22555	67
22556	66
22557	65
22558	65
22559	64
22560	63
22561	62
22562	60
22563	59
22564	58
22565	57
22566	56
22567	54
22568	53
22569	52
22570	51
22571	49
22572	48
22573	47
22574	46
22575	45
22576	44
22577	43
22578	42
22579	41
22580	39
22581	38
22582	37
22583	35
22584	34
22585	32
22586	33
22587	33
22588	34
22589	34
22590	35
22591	35
22592	40
22593	44
22594	49
22595	53
22596	58
22597	62
22598	67
22599	71
22600	75
22601	79
22602	83
22603	88
22604	92
22605	91
22606	90
22607	90
22608	89
22609	89
22610	88
22611	87
22612	85
22613	83
22614	81
22615	79
22616	77
22617	75
22618	73
22619	72
22620	71
22621	70
22622	68
22623	67
22624	66
22625	66
22626	65
22627	65
22628	64
22629	64
22630	63
22631	63
22632	62
22633	61
22634	60
22635	60
22636	59
22637	58
22638	57
22639	56
22640	55
22641	54
22642	53
22643	52
22644	51
22645	49
22646	48
22647	47
22648	45
22649	44
22650	43
22651	42
22652	40
22653	39
22654	38
22655	37
22656	36
22657	35
22658	34
22659	33
22660	32
22661	32
22662	31
22663	30
22664	30
22665	29
22666	29
22667	28
22668	28
22669	29
22670	31
22671	33
22672	34
22673	36
22674	38
22675	39
22676	46
22677	54
22678	61
22679	68
22680	75
22681	83
22682	85
22683	86
22684	88
22685	90
22686	92
22687	94
22688	93
22689	93
22690	92
22691	91
22692	91
22693	90
22694	89
22695	88
22696	88
22697	87
22698	86
22699	85
22700	85
22701	85
22702	85
22703	85
22704	85
22705	86
22706	86
22707	86
22708	85
22709	84
22710	84
22711	83
22712	82
22713	82
22714	79
22715	77
22716	75
22717	73
22718	71
22719	69
22720	67
22721	66
22722	65
22723	64
22724	62
22725	61
22726	60
22727	59
22728	59
22729	58
22730	58
22731	57
22732	57
22733	56
22734	55
22735	53
22736	52
22737	51
22738	50
22739	48
22740	46
22741	44
22742	42
22743	40
22744	38
22745	36
22746	34
22747	33
22748	32
22749	31
22750	29
22751	28
22752	27
22753	27
22754	27
22755	26
22756	26
22757	25
22758	25
22759	27
22760	29
22761	30
22762	32
22763	34
22764	36
22765	40
22766	44
22767	48
22768	52
22769	56
22770	61
22771	65
22772	67
22773	69
22774	70
22775	72
22776	74
22777	76
22778	75
22779	73
22780	71
22781	70
22782	68
22783	67
22784	66
22785	65
22786	64
22787	63
22788	62
22789	61
22790	60
22791	60
22792	61
22793	62
22794	62
22795	63
22796	64
22797	64
22798	65
22799	66
22800	66
22801	67
22802	68
22803	69
22804	67
22805	66
22806	65
22807	64
22808	63
22809	62
22810	60
22811	57
22812	54
22813	52
22814	49
22815	46
22816	44
22817	42
22818	40
22819	37
22820	35
22821	33
22822	31
22823	29
22824	27
22825	26
22826	24
22827	22
22828	21
22829	20
22830	19
22831	18
22832	17
22833	16
22834	15
22835	14
22836	14
22837	14
22838	14
22839	15
22840	15
22841	15
22842	21
22843	27
22844	32
22845	38
22846	44
22847	50
22848	55
22849	61
22850	66
22851	72
22852	77
22853	83
22854	88
22855	89
22856	89
22857	89
22858	90
22859	90
22860	90
22861	88
22862	86
22863	84
22864	82
22865	80
22866	78
22867	77
22868	76
22869	76
22870	76
22871	75
22872	75
22873	75
22874	77
22875	80
22876	83
22877	85
22878	88
22879	91
22880	91
22881	92
22882	92
22883	93
22884	93
22885	93
22886	94
22887	92
22888	91
22889	89
22890	88
22891	86
22892	85
22893	82
22894	79
22895	77
22896	74
22897	71
22898	69
22899	66
22900	63
22901	61
22902	58
22903	55
22904	52
22905	50
22906	47
22907	45
22908	42
22909	40
22910	37
22911	35
22912	34
22913	34
22914	33
22915	32
22916	32
22917	31
22918	31
22919	36
22920	41
22921	47
22922	52
22923	57
22924	62
22925	67
22926	71
22927	76
22928	80
22929	85
22930	89
22931	94
22932	93
22933	92
22934	91
22935	91
22936	90
22937	89
22938	88
22939	88
22940	87
22941	86
22942	85
22943	85
22944	85
22945	86
22946	87
22947	88
22948	88
22949	89
22950	90
22951	90
22952	89
22953	89
22954	88
22955	88
22956	88
22957	85
22958	83
22959	80
22960	78
22961	75
22962	73
22963	71
22964	67
22965	63
22966	60
22967	56
22968	52
22969	49
22970	47
22971	45
22972	43
22973	41
22974	39
22975	38
22976	37
22977	37
22978	37
22979	37
22980	37
22981	37
22982	37
22983	36
22984	36
22985	35
22986	34
22987	34
22988	33
22989	31
22990	29
22991	27
22992	25
22993	23
22994	21
22995	20
22996	19
22997	18
22998	18
22999	17
23000	16
23001	16
23002	20
23003	24
23004	29
23005	33
23006	37
23007	42
23008	44
23009	46
23010	49
23011	51
23012	54
23013	56
23014	58
23015	57
23016	55
23017	54
23018	52
23019	50
23020	49
23021	48
23022	46
23023	45
23024	44
23025	42
23026	41
23027	40
23028	41
23029	43
23030	45
23031	47
23032	49
23033	50
23034	52
23035	53
23036	55
23037	57
23038	58
23039	60
23040	57
23041	55
23042	53
23043	50
23044	48
23045	46
23046	43
23047	40
23048	37
23049	34
23050	31
23051	27
23052	24
23053	23
23054	22
23055	21
23056	20
23057	19
23058	18
23059	17
23060	17
23061	17
23062	17
23063	17
23064	17
23065	17
23066	17
23067	17
23068	17
23069	17
23070	17
23071	17
23072	17
23073	17
23074	17
23075	17
23076	17
23077	18
23078	20
23079	22
23080	24
23081	26
23082	28
23083	31
23084	34
23085	38
23086	41
23087	44
23088	48
23089	51
23090	55
23091	56
23092	57
23093	58
23094	60
23095	61
23096	62
23097	61
23098	59
23099	58
23100	56
23101	55
23102	53
23103	52
23104	51
23105	50
23106	49
23107	48
23108	46
23109	45
23110	45
23111	45
23112	44
23113	44
23114	44
23115	44
23116	43
23117	43
23118	43
23119	42
23120	42
23121	42
23122	42
23123	41
23124	40
23125	39
23126	38
23127	37
23128	36
23129	35
23130	33
23131	32
23132	31
23133	29
23134	28
23135	27
23136	26
23137	25
23138	24
23139	23
23140	22
23141	21
23142	21
23143	20
23144	19
23145	19
23146	18
23147	17
23148	17
23149	17
23150	16
23151	16
23152	16
23153	15
23154	15
23155	15
23156	15
23157	15
23158	15
23159	15
23160	15
23161	19
23162	22
23163	26
23164	30
23165	33
23166	37
23167	40
23168	43
23169	47
23170	50
23171	53
23172	57
23173	60
23174	60
23175	60
23176	60
23177	59
23178	59
23179	59
23180	57
23181	56
23182	54
23183	52
23184	50
23185	49
23186	47
23187	45
23188	44
23189	42
23190	41
23191	39
23192	38
23193	37
23194	36
23195	36
23196	35
23197	34
23198	33
23199	33
23200	32
23201	31
23202	31
23203	30
23204	29
23205	29
23206	28
23207	27
23208	26
23209	25
23210	24
23211	23
23212	22
23213	21
23214	21
23215	20
23216	19
23217	18
23218	17
23219	17
23220	16
23221	15
23222	15
23223	14
23224	14
23225	13
23226	12
23227	12
23228	11
23229	11
23230	10
23231	11
23232	12
23233	13
23234	14
23235	15
23236	16
23237	17
23238	21
23239	25
23240	30
23241	34
23242	38
23243	43
23244	46
23245	49
23246	52
23247	55
23248	58
23249	61
23250	64
23251	64
23252	63
23253	62
23254	62
23255	61
23256	61
23257	58
23258	55
23259	53
23260	50
23261	47
23262	45
23263	43
23264	42
23265	40
23266	39
23267	37
23268	36
23269	34
23270	34
23271	35
23272	35
23273	35
23274	35
23275	36
23276	37
23277	38
23278	39
23279	40
23280	41
23281	42
23282	43
23283	43
23284	44
23285	45
23286	46
23287	47
23288	47
23289	47
23290	46
23291	45
23292	44
23293	43
23294	43
23295	41
23296	39
23297	37
23298	35
23299	33
23300	31
23301	29
23302	28
23303	27
23304	26
23305	24
23306	23
23307	22
23308	25
23309	28
23310	32
23311	35
23312	38
23313	42
23314	45
23315	50
23316	55
23317	60
23318	65
23319	70
23320	75
23321	75
23322	75
23323	76
23324	76
23325	76
23326	76
23327	74
23328	72
23329	69
23330	67
23331	65
23332	63
23333	61
23334	59
23335	58
23336	56
23337	55
23338	53
23339	51
23340	51
23341	51
23342	50
23343	50
23344	49
23345	49
23346	49
23347	48
23348	48
23349	47
23350	47
23351	46
23352	46
23353	44
23354	43
23355	41
23356	39
23357	38
23358	36
23359	35
23360	33
23361	31
23362	30
23363	28
23364	26
23365	25
23366	23
23367	21
23368	20
23369	18
23370	17
23371	15
23372	15
23373	14
23374	14
23375	13
23376	12
23377	12
23378	11
23379	14
23380	17
23381	21
23382	24
23383	27
23384	30
23385	36
23386	43
23387	49
23388	55
23389	62
23390	68
23391	70
23392	71
23393	72
23394	74
23395	75
23396	77
23397	78
23398	76
23399	74
23400	72
23401	70
23402	68
23403	66
23404	65
23405	63
23406	62
23407	60
23408	59
23409	57
23410	56
23411	55
23412	55
23413	54
23414	53
23415	52
23416	52
23417	50
23418	49
23419	48
23420	47
23421	45
23422	44
23423	43
23424	41
23425	40
23426	39
23427	37
23428	36
23429	34
23430	33
23431	32
23432	31
23433	30
23434	29
23435	28
23436	27
23437	26
23438	26
23439	25
23440	24
23441	23
23442	22
23443	21
23444	19
23445	18
23446	16
23447	15
23448	13
23449	13
23450	13
23451	12
23452	12
23453	12
23454	12
23455	16
23456	21
23457	25
23458	30
23459	34
23460	39
23461	43
23462	48
23463	54
23464	59
23465	64
23466	69
23467	75
23468	74
23469	74
23470	74
23471	74
23472	74
23473	74
23474	74
23475	71
23476	68
23477	65
23478	63
23479	60
23480	57
23481	55
23482	54
23483	52
23484	50
23485	48
23486	47
23487	46
23488	45
23489	44
23490	44
23491	43
23492	42
23493	42
23494	41
23495	40
23496	39
23497	38
23498	37
23499	36
23500	34
23501	32
23502	30
23503	29
23504	27
23505	25
23506	24
23507	22
23508	20
23509	18
23510	16
23511	14
23512	12
23513	11
23514	10
23515	10
23516	9
23517	8
23518	8
23519	8
23520	8
23521	8
23522	8
23523	8
23524	9
23525	9
23526	10
23527	12
23528	14
23529	15
23530	17
23531	18
23532	24
23533	29
23534	35
23535	40
23536	46
23537	51
23538	57
23539	61
23540	66
23541	71
23542	76
23543	81
23544	86
23545	85
23546	84
23547	82
23548	81
23549	80
23550	79
23551	76
23552	74
23553	72
23554	69
23555	67
23556	65
23557	62
23558	61
23559	61
23560	60
23561	59
23562	58
23563	57
23564	57
23565	57
23566	57
23567	57
23568	57
23569	57
23570	57
23571	56
23572	55
23573	53
23574	52
23575	51
23576	50
23577	47
23578	44
23579	42
23580	39
23581	37
23582	34
23583	32
23584	31
23585	29
23586	28
23587	26
23588	24
23589	23
23590	22
23591	22
23592	21
23593	21
23594	20
23595	20
23596	20
23597	20
23598	20
23599	19
23600	19
23601	19
23602	19
23603	21
23604	23
23605	25
23606	27
23607	29
23608	32
23609	39
23610	46
23611	53
23612	60
23613	67
23614	75
23615	77
23616	80
23617	83
23618	86
23619	88
23620	91
23621	94
23622	93
23623	91
23624	90
23625	89
23626	87
23627	86
23628	84
23629	81
23630	79
23631	77
23632	75
23633	72
23634	70
23635	68
23636	66
23637	64
23638	62
23639	60
23640	58
23641	57
23642	56
23643	56
23644	55
23645	54
23646	53
23647	52
23648	51
23649	50
23650	49
23651	48
23652	47
23653	46
23654	44
23655	43
23656	41
23657	39
23658	38
23659	36
23660	34
23661	33
23662	31
23663	30
23664	28
23665	27
23666	23
23667	22
23668	22
23669	21
23670	20
23671	20
23672	19
23673	18
23674	16
23675	15
23676	14
23677	13
23678	12
23679	11
23680	11
23681	10
23682	10
23683	9
23684	9
23685	12
23686	16
23687	19
23688	23
23689	26
23690	30
23691	36
23692	42
23693	48
23694	54
23695	60
23696	66
23697	72
23698	74
23699	76
23700	78
23701	80
23702	82
23703	84
23704	81
23705	79
23706	76
23707	74
23708	71
23709	69
23710	67
23711	65
23712	63
23713	61
23714	59
23715	57
23716	55
23717	54
23718	53
23719	52
23720	51
23721	50
23722	49
23723	48
23724	48
23725	47
23726	47
23727	46
23728	46
23729	45
23730	44
23731	43
23732	41
23733	40
23734	39
23735	38
23736	36
23737	34
23738	32
23739	30
23740	29
23741	27
23742	26
23743	24
23744	23
23745	22
23746	20
23747	19
23748	18
23749	17
23750	15
23751	14
23752	13
23753	12
23754	11
23755	10
23756	9
23757	9
23758	8
23759	7
23760	6
23761	5
23762	5
23763	5
23764	5
23765	5
23766	5
23767	5
23768	5
23769	6
23770	7
23771	8
23772	9
23773	10
23774	15
23775	20
23776	25
23777	30
23778	35
23779	40
23780	45
23781	50
23782	55
23783	61
23784	66
23785	71
23786	76
23787	76
23788	76
23789	76
23790	76
23791	76
23792	76
23793	76
23794	73
23795	71
23796	69
23797	66
23798	64
23799	62
23800	60
23801	59
23802	58
23803	56
23804	55
23805	53
23806	53
23807	53
23808	52
23809	52
23810	51
23811	51
23812	51
23813	50
23814	49
23815	49
23816	48
23817	48
23818	47
23819	46
23820	44
23821	43
23822	42
23823	41
23824	39
23825	38
23826	37
23827	35
23828	33
23829	32
23830	30
23831	29
23832	27
23833	26
23834	25
23835	24
23836	23
23837	22
23838	21
23839	20
23840	19
23841	18
23842	17
23843	16
23844	15
23845	14
23846	13
23847	12
23848	11
23849	10
23850	9
23851	9
23852	8
23853	7
23854	7
23855	6
23856	6
23857	5
23858	5
23859	6
23860	6
23861	6
23862	7
23863	7
23864	12
23865	17
23866	22
23867	27
23868	32
23869	37
23870	42
23871	47
23872	52
23873	57
23874	62
23875	67
23876	72
23877	72
23878	71
23879	71
23880	71
23881	71
23882	70
23883	67
23884	64
23885	61
23886	58
23887	55
23888	51
23889	48
23890	45
23891	42
23892	39
23893	36
23894	33
23895	30
23896	29
23897	27
23898	26
23899	25
23900	24
23901	22
23902	22
23903	21
23904	21
23905	21
23906	20
23907	20
23908	19
23909	18
23910	17
23911	16
23912	15
23913	14
23914	13
23915	12
23916	10
23917	9
23918	8
23919	7
23920	6
23921	5
23922	5
23923	5
23924	5
23925	5
23926	5
23927	5
23928	5
23929	5
23930	5
23931	5
23932	5
23933	5
23934	5
23935	5
23936	5
23937	5
23938	5
23939	5
23940	5
23941	5
23942	5
23943	5
23944	5
23945	5
23946	5
23947	5
23948	5
23949	6
23950	6
23951	7
23952	7
23953	8
23954	12
23955	17
23956	21
23957	25
23958	30
23959	34
23960	38
23961	43
23962	47
23963	51
23964	56
23965	60
23966	60
23967	59
23968	59
23969	59
23970	58
23971	58
23972	58
23973	55
23974	53
23975	50
23976	47
23977	45
23978	42
23979	41
23980	39
23981	38
23982	37
23983	35
23984	34
23985	33
23986	33
23987	33
23988	34
23989	34
23990	35
23991	35
23992	36
23993	36
23994	37
23995	37
23996	38
23997	38
23998	38
23999	38
24000	37
24001	37
24002	36
24003	36
24004	36
24005	35
24006	34
24007	34
24008	33
24009	33
24010	32
24011	32
24012	32
24013	32
24014	32
24015	32
24016	32
24017	33
24018	33
24019	33
24020	34
24021	34
24022	34
24023	35
24024	37
24025	39
24026	41
24027	43
24028	46
24029	48
24030	53
24031	58
24032	63
24033	67
24034	72
24035	77
24036	82
24037	84
24038	86
24039	88
24040	90
24041	92
24042	95
24043	94
24044	94
24045	93
24046	93
24047	92
24048	92
24049	91
24050	90
24051	89
24052	88
24053	87
24054	85
24055	84
24056	83
24057	83
24058	82
24059	81
24060	81
24061	80
24062	79
24063	79
24064	78
24065	78
24066	77
24067	76
24068	76
24069	75
24070	74
24071	72
24072	71
24073	70
24074	69
24075	68
24076	67
24077	65
24078	64
24079	63
24080	62
24081	61
24082	60
24083	59
24084	58
24085	58
24086	57
24087	56
24088	55
24089	55
24090	54
24091	54
24092	53
24093	53
24094	53
24095	53
24096	53
24097	53
24098	54
24099	54
24100	54
24101	56
24102	59
24103	62
24104	64
24105	67
24106	70
24107	72
24108	74
24109	76
24110	78
24111	81
24112	83
24113	85
24114	84
24115	84
24116	84
24117	83
24118	83
24119	82
24120	80
24121	79
24122	77
24123	75
24124	74
24125	72
24126	71
24127	70
24128	70
24129	69
24130	68
24131	67
24132	66
24133	66
24134	66
24135	66
24136	66
24137	66
24138	65
24139	65
24140	64
24141	64
24142	63
24143	63
24144	62
24145	62
24146	60
24147	59
24148	58
24149	57
24150	56
24151	55
24152	54
24153	52
24154	51
24155	50
24156	49
24157	48
24158	47
24159	46
24160	46
24161	45
24162	44
24163	44
24164	43
24165	42
24166	42
24167	41
24168	40
24169	40
24170	39
24171	39
24172	39
24173	39
24174	39
24175	39
24176	39
24177	39
24178	42
24179	46
24180	49
24181	52
24182	56
24183	59
24184	63
24185	66
24186	70
24187	74
24188	78
24189	82
24190	81
24191	81
24192	81
24193	81
24194	81
24195	81
24196	81
24197	80
24198	78
24199	76
24200	75
24201	73
24202	71
24203	70
24204	70
24205	69
24206	68
24207	67
24208	66
24209	66
24210	66
24211	66
24212	66
24213	66
24214	66
24215	66
24216	65
24217	65
24218	64
24219	64
24220	63
24221	63
24222	61
24223	60
24224	59
24225	58
24226	57
24227	56
24228	55
24229	53
24230	52
24231	51
24232	50
24233	49
24234	48
24235	47
24236	46
24237	45
24238	44
24239	44
24240	43
24241	42
24242	41
24243	40
24244	40
24245	39
24246	38
24247	38
24248	37
24249	36
24250	35
24251	34
24252	34
24253	33
24254	32
24255	32
24256	31
24257	30
24258	30
24259	29
24260	29
24261	30
24262	32
24263	34
24264	36
24265	38
24266	40
24267	44
24268	48
24269	52
24270	56
24271	60
24272	64
24273	69
24274	70
24275	72
24276	73
24277	75
24278	76
24279	78
24280	75
24281	73
24282	71
24283	68
24284	66
24285	64
24286	62
24287	61
24288	59
24289	58
24290	56
24291	55
24292	53
24293	53
24294	53
24295	53
24296	53
24297	53
24298	54
24299	53
24300	53
24301	53
24302	53
24303	53
24304	53
24305	53
24306	52
24307	50
24308	49
24309	48
24310	46
24311	45
24312	43
24313	42
24314	40
24315	39
24316	37
24317	36
24318	35
24319	34
24320	34
24321	33
24322	32
24323	31
24324	31
24325	30
24326	29
24327	29
24328	28
24329	28
24330	27
24331	26
24332	26
24333	25
24334	25
24335	24
24336	23
24337	23
24338	22
24339	21
24340	20
24341	19
24342	18
24343	17
24344	17
24345	16
24346	16
24347	15
24348	14
24349	14
24350	16
24351	19
24352	21
24353	24
24354	26
24355	29
24356	32
24357	36
24358	41
24359	46
24360	51
24361	55
24362	60
24363	60
24364	60
24365	61
24366	61
24367	61
24368	61
24369	61
24370	58
24371	55
24372	52
24373	49
24374	46
24375	43
24376	41
24377	40
24378	38
24379	37
24380	36
24381	36
24382	37
24383	38
24384	39
24385	40
24386	40
24387	41
24388	41
24389	41
24390	41
24391	42
24392	42
24393	42
24394	40
24395	38
24396	37
24397	35
24398	33
24399	32
24400	30
24401	28
24402	25
24403	23
24404	20
24405	18
24406	15
24407	14
24408	12
24409	10
24410	9
24411	7
24412	5
24413	5
24414	5
24415	5
24416	5
24417	5
24418	5
24419	5
24420	5
24421	5
24422	5
24423	5
24424	5
24425	5
24426	5
24427	5
24428	5
24429	5
24430	5
24431	5
24432	5
24433	5
24434	5
24435	5
24436	6
24437	6
24438	6
24439	9
24440	12
24441	14
24442	17
24443	20
24444	23
24445	25
24446	28
24447	31
24448	34
24449	37
24450	39
24451	42
24452	42
24453	42
24454	42
24455	42
24456	42
24457	42
24458	40
24459	39
24460	37
24461	36
24462	35
24463	33
24464	32
24465	33
24466	33
24467	33
24468	34
24469	34
24470	35
24471	36
24472	37
24473	39
24474	40
24475	41
24476	43
24477	43
24478	42
24479	42
24480	42
24481	41
24482	41
24483	41
24484	39
24485	38
24486	37
24487	35
24488	34
24489	33
24490	32
24491	31
24492	30
24493	29
24494	28
24495	27
24496	26
24497	26
24498	25
24499	24
24500	24
24501	23
24502	23
24503	22
24504	22
24505	22
24506	21
24507	21
24508	20
24509	20
24510	20
24511	19
24512	19
24513	18
24514	18
24515	18
24516	17
24517	17
24518	17
24519	17
24520	16
24521	16
24522	18
24523	20
24524	22
24525	23
24526	25
24527	27
24528	29
24529	32
24530	35
24531	39
24532	42
24533	45
24534	49
24535	49
24536	48
24537	48
24538	48
24539	47
24540	47
24541	45
24542	42
24543	40
24544	38
24545	36
24546	33
24547	31
24548	30
24549	30
24550	29
24551	28
24552	28
24553	27
24554	28
24555	29
24556	30
24557	31
24558	32
24559	33
24560	34
24561	34
24562	34
24563	34
24564	34
24565	34
24566	34
24567	32
24568	31
24569	30
24570	28
24571	27
24572	25
24573	24
24574	23
24575	22
24576	22
24577	21
24578	20
24579	19
24580	18
24581	18
24582	18
24583	17
24584	17
24585	17
24586	17
24587	16
24588	16
24589	16
24590	16
24591	16
24592	16
24593	16
24594	15
24595	15
24596	14
24597	14
24598	14
24599	14
24600	14
24601	14
24602	15
24603	15
24604	15
24605	18
24606	21
24607	23
24608	26
24609	29
24610	31
24611	34
24612	36
24613	38
24614	41
24615	43
24616	45
24617	47
24618	46
24619	44
24620	43
24621	41
24622	39
24623	38
24624	36
24625	34
24626	31
24627	29
24628	26
24629	24
24630	22
24631	22
24632	22
24633	23
24634	23
24635	23
24636	24
24637	25
24638	26
24639	27
24640	28
24641	29
24642	30
24643	31
24644	31
24645	30
24646	30
24647	29
24648	29
24649	28
24650	27
24651	26
24652	25
24653	23
24654	22
24655	21
24656	20
24657	19
24658	18
24659	17
24660	16
24661	15
24662	14
24663	13
24664	12
24665	12
24666	11
24667	10
24668	10
24669	9
24670	9
24671	8
24672	8
24673	7
24674	7
24675	6
24676	6
24677	6
24678	6
24679	5
24680	5
24681	5
24682	7
24683	10
24684	12
24685	14
24686	16
24687	19
24688	21
24689	25
24690	28
24691	32
24692	36
24693	40
24694	43
24695	43
24696	42
24697	41
24698	41
24699	40
24700	39
24701	37
24702	34
24703	31
24704	29
24705	26
24706	24
24707	21
24708	21
24709	20
24710	20
24711	20
24712	19
24713	19
24714	20
24715	22
24716	24
24717	25
24718	27
24719	29
24720	30
24721	30
24722	31
24723	31
24724	31
24725	31
24726	32
24727	30
24728	28
24729	26
24730	25
24731	23
24732	21
24733	20
24734	19
24735	18
24736	17
24737	16
24738	15
24739	14
24740	14
24741	14
24742	13
24743	13
24744	13
24745	13
24746	13
24747	13
24748	13
24749	13
24750	13
24751	13
24752	13
24753	12
24754	12
24755	11
24756	11
24757	10
24758	10
24759	11
24760	12
24761	13
24762	14
24763	15
24764	17
24765	19
24766	22
24767	24
24768	27
24769	29
24770	32
24771	35
24772	35
24773	35
24774	36
24775	36
24776	36
24777	37
24778	35
24779	32
24780	30
24781	28
24782	26
24783	24
24784	22
24785	20
24786	19
24787	17
24788	16
24789	15
24790	13
24791	14
24792	15
24793	16
24794	17
24795	18
24796	19
24797	19
24798	20
24799	20
24800	20
24801	21
24802	21
24803	21
24804	20
24805	19
24806	18
24807	17
24808	16
24809	15
24810	15
24811	14
24812	13
24813	12
24814	11
24815	11
24816	10
24817	10
24818	10
24819	10
24820	10
24821	11
24822	11
24823	11
24824	12
24825	13
24826	14
24827	15
24828	15
24829	16
24830	16
24831	17
24832	18
24833	18
24834	19
24835	19
24836	21
24837	22
24838	24
24839	25
24840	27
24841	29
24842	31
24843	34
24844	37
24845	39
24846	42
24847	45
24848	47
24849	48
24850	48
24851	49
24852	49
24853	49
24854	50
24855	48
24856	45
24857	43
24858	41
24859	38
24860	36
24861	36
24862	35
24863	34
24864	34
24865	33
24866	33
24867	32
24868	33
24869	34
24870	36
24871	37
24872	38
24873	39
24874	39
24875	40
24876	40
24877	40
24878	40
24879	40
24880	41
24881	39
24882	38
24883	37
24884	35
24885	34
24886	33
24887	32
24888	31
24889	29
24890	28
24891	27
24892	26
24893	26
24894	26
24895	26
24896	26
24897	25
24898	25
24899	25
24900	25
24901	25
24902	25
24903	25
24904	25
24905	25
24906	25
24907	25
24908	25
24909	25
24910	24
24911	24
24912	24
24913	26
24914	28
24915	30
24916	32
24917	33
24918	35
24919	38
24920	41
24921	44
24922	46
24923	49
24924	52
24925	51
24926	50
24927	50
24928	49
24929	48
24930	47
24931	47
24932	44
24933	42
24934	40
24935	37
24936	35
24937	33
24938	33
24939	33
24940	33
24941	33
24942	33
24943	33
24944	33
24945	34
24946	36
24947	37
24948	39
24949	40
24950	41
24951	41
24952	41
24953	40
24954	40
24955	39
24956	39
24957	38
24958	37
24959	35
24960	34
24961	33
24962	31
24963	30
24964	29
24965	29
24966	28
24967	27
24968	27
24969	26
24970	26
24971	26
24972	26
24973	26
24974	26
24975	26
24976	26
24977	25
24978	25
24979	25
24980	25
24981	24
24982	24
24983	24
24984	24
24985	25
24986	25
24987	25
24988	25
24989	28
24990	30
24991	33
24992	36
24993	38
24994	41
24995	44
24996	46
24997	49
24998	52
24999	55
25000	58
25001	61
25002	60
25003	59
25004	58
25005	56
25006	55
25007	54
25008	53
25009	51
25010	49
25011	46
25012	44
25013	42
25014	40
25015	40
25016	40
25017	40
25018	40
25019	41
25020	41
25021	42
25022	43
25023	43
25024	44
25025	45
25026	46
25027	47
25028	46
25029	46
25030	45
25031	45
25032	44
25033	44
25034	42
25035	41
25036	40
25037	39
25038	38
25039	37
25040	36
25041	35
25042	34
25043	33
25044	33
25045	32
25046	31
25047	31
25048	30
25049	30
25050	30
25051	29
25052	29
25053	29
25054	29
25055	28
25056	28
25057	28
25058	28
25059	28
25060	28
25061	28
25062	28
25063	28
25064	29
25065	31
25066	34
25067	37
25068	40
25069	43
25070	46
25071	49
25072	52
25073	55
25074	58
25075	61
25076	64
25077	67
25078	66
25079	64
25080	63
25081	61
25082	60
25083	58
25084	56
25085	55
25086	53
25087	51
25088	49
25089	47
25090	46
25091	46
25092	46
25093	47
25094	47
25095	47
25096	48
25097	48
25098	49
25099	49
25100	50
25101	51
25102	51
25103	52
25104	51
25105	50
25106	49
25107	48
25108	47
25109	46
25110	44
25111	43
25112	41
25113	40
25114	38
25115	37
25116	36
25117	36
25118	36
25119	35
25120	35
25121	35
25122	35
25123	35
25124	35
25125	35
25126	35
25127	35
25128	35
25129	34
25130	34
25131	34
25132	34
25133	34
25134	34
25135	34
25136	34
25137	33
25138	33
25139	33
25140	32
25141	32
25142	34
25143	37
25144	39
25145	41
25146	44
25147	46
25148	50
25149	54
25150	57
25151	61
25152	65
25153	69
25154	72
25155	72
25156	73
25157	73
25158	73
25159	73
25160	73
25161	70
25162	68
25163	65
25164	63
25165	60
25166	58
25167	56
25168	55
25169	54
25170	53
25171	52
25172	51
25173	50
25174	51
25175	52
25176	53
25177	54
25178	55
25179	56
25180	55
25181	55
25182	55
25183	55
25184	54
25185	54
25186	54
25187	53
25188	51
25189	50
25190	49
25191	47
25192	46
25193	45
25194	45
25195	44
25196	44
25197	43
25198	43
25199	42
25200	43
25201	43
25202	44
25203	44
25204	45
25205	45
25206	45
25207	46
25208	46
25209	46
25210	46
25211	46
25212	46
25213	45
25214	44
25215	44
25216	43
25217	42
25218	42
25219	40
25220	39
25221	38
25222	37
25223	35
25224	34
25225	36
25226	37
25227	38
25228	40
25229	41
25230	43
25231	44
25232	49
25233	55
25234	60
25235	65
25236	71
25237	76
25238	77
25239	78
25240	79
25241	80
25242	81
25243	82
25244	79
25245	77
25246	74
25247	72
25248	69
25249	66
25250	64
25251	62
25252	61
25253	60
25254	59
25255	57
25256	56
25257	57
25258	58
25259	59
25260	59
25261	60
25262	61
25263	62
25264	62
25265	62
25266	61
25267	61
25268	61
25269	61
25270	59
25271	57
25272	56
25273	54
25274	52
25275	51
25276	50
25277	49
25278	48
25279	47
25280	46
25281	45
25282	44
25283	44
25284	44
25285	44
25286	44
25287	43
25288	43
25289	43
25290	43
25291	43
25292	42
25293	42
25294	42
25295	42
25296	41
25297	40
25298	40
25299	39
25300	39
25301	38
25302	37
25303	36
25304	35
25305	35
25306	34
25307	33
25308	33
25309	33
25310	34
25311	34
25312	34
25313	34
25314	35
25315	39
25316	44
25317	49
25318	53
25319	58
25320	63
25321	67
25322	71
25323	75
25324	79
25325	83
25326	87
25327	91
25328	89
25329	88
25330	86
25331	84
25332	83
25333	81
25334	78
25335	75
25336	72
25337	68
25338	65
25339	62
25340	61
25341	61
25342	60
25343	60
25344	59
25345	59
25346	58
25347	59
25348	59
25349	60
25350	60
25351	61
25352	61
25353	60
25354	59
25355	59
25356	58
25357	57
25358	56
25359	55
25360	53
25361	51
25362	49
25363	47
25364	45
25365	43
25366	41
25367	40
25368	39
25369	38
25370	37
25371	35
25372	35
25373	35
25374	35
25375	35
25376	35
25377	34
25378	34
25379	34
25380	34
25381	34
25382	34
25383	34
25384	35
25385	34
25386	34
25387	34
25388	34
25389	33
25390	33
25391	33
25392	32
25393	32
25394	31
25395	30
25396	30
25397	29
25398	31
25399	33
25400	36
25401	38
25402	40
25403	42
25404	48
25405	54
25406	59
25407	65
25408	71
25409	76
25410	82
25411	84
25412	85
25413	87
25414	89
25415	90
25416	92
25417	89
25418	86
25419	83
25420	81
25421	78
25422	75
25423	72
25424	70
25425	68
25426	66
25427	64
25428	61
25429	59
25430	60
25431	61
25432	61
25433	62
25434	63
25435	64
25436	64
25437	64
25438	64
25439	64
25440	64
25441	64
25442	64
25443	62
25444	60
25445	58
25446	56
25447	54
25448	53
25449	51
25450	49
25451	47
25452	45
25453	43
25454	41
25455	39
25456	39
25457	38
25458	37
25459	36
25460	35
25461	35
25462	34
25463	34
25464	33
25465	33
25466	32
25467	32
25468	31
25469	30
25470	29
25471	28
25472	27
25473	27
25474	26
25475	25
25476	23
25477	22
25478	21
25479	20
25480	19
25481	19
25482	18
25483	18
25484	18
25485	18
25486	17
25487	17
25488	22
25489	27
25490	32
25491	37
25492	42
25493	47
25494	54
25495	61
25496	68
25497	75
25498	82
25499	89
25500	89
25501	89
25502	89
25503	89
25504	89
25505	88
25506	88
25507	86
25508	83
25509	80
25510	78
25511	75
25512	72
25513	71
25514	71
25515	70
25516	69
25517	68
25518	68
25519	67
25520	67
25521	67
25522	67
25523	68
25524	68
25525	68
25526	67
25527	66
25528	64
25529	63
25530	62
25531	61
25532	59
25533	58
25534	56
25535	55
25536	53
25537	52
25538	50
25539	50
25540	49
25541	49
25542	48
25543	48
25544	48
25545	47
25546	47
25547	47
25548	47
25549	47
25550	47
25551	47
25552	46
25553	45
25554	45
25555	44
25556	43
25557	42
25558	41
25559	40
25560	39
25561	38
25562	37
25563	37
25564	36
25565	35
25566	34
25567	33
25568	32
25569	31
25570	30
25571	31
25572	31
25573	32
25574	32
25575	33
25576	34
25577	39
25578	44
25579	49
25580	54
25581	60
25582	65
25583	70
25584	74
25585	78
25586	82
25587	86
25588	90
25589	94
25590	93
25591	92
25592	91
25593	89
25594	88
25595	87
25596	86
25597	84
25598	83
25599	81
25600	80
25601	78
25602	77
25603	77
25604	77
25605	77
25606	77
25607	77
25608	77
25609	78
25610	78
25611	78
25612	78
25613	78
25614	78
25615	79
25616	77
25617	76
25618	74
25619	73
25620	72
25621	70
25622	68
25623	66
25624	64
25625	62
25626	60
25627	58
25628	57
25629	56
25630	55
25631	54
25632	53
25633	51
25634	50
25635	50
25636	50
25637	49
25638	49
25639	48
25640	48
25641	48
25642	48
25643	48
25644	48
25645	48
25646	48
25647	48
25648	48
25649	49
25650	49
25651	50
25652	50
25653	51
25654	51
25655	51
25656	51
25657	51
25658	52
25659	52
25660	52
25661	52
25662	52
25663	52
25664	52
25665	52
25666	52
25667	56
25668	59
25669	63
25670	67
25671	70
25672	74
25673	76
25674	79
25675	81
25676	84
25677	86
25678	88
25679	91
25680	89
25681	87
25682	85
25683	83
25684	81
25685	79
25686	77
25687	75
25688	73
25689	71
25690	69
25691	67
25692	68
25693	69
25694	69
25695	70
25696	71
25697	72
25698	73
25699	73
25700	74
25701	75
25702	76
25703	76
25704	75
25705	73
25706	71
25707	70
25708	68
25709	67
25710	65
25711	63
25712	61
25713	59
25714	57
25715	55
25716	53
25717	52
25718	51
25719	50
25720	50
25721	49
25722	49
25723	48
25724	48
25725	48
25726	48
25727	48
25728	48
25729	48
25730	47
25731	47
25732	46
25733	46
25734	45
25735	45
25736	44
25737	44
25738	43
25739	43
25740	43
25741	42
25742	42
25743	41
25744	41
25745	40
25746	39
25747	39
25748	38
25749	37
25750	36
25751	36
25752	35
25753	34
25754	33
25755	37
25756	40
25757	43
25758	46
25759	50
25760	53
25761	56
25762	61
25763	66
25764	71
25765	76
25766	81
25767	86
25768	86
25769	87
25770	87
25771	88
25772	88
25773	89
25774	90
25775	88
25776	87
25777	86
25778	84
25779	83
25780	82
25781	81
25782	80
25783	79
25784	78
25785	78
25786	77
25787	76
25788	75
25789	73
25790	72
25791	71
25792	70
25793	69
25794	67
25795	64
25796	62
25797	60
25798	57
25799	55
25800	54
25801	52
25802	51
25803	49
25804	48
25805	46
25806	45
25807	45
25808	45
25809	45
25810	45
25811	45
25812	45
25813	45
25814	45
25815	45
25816	45
25817	45
25818	46
25819	44
25820	43
25821	42
25822	41
25823	40
25824	39
25825	38
25826	37
25827	35
25828	33
25829	32
25830	30
25831	29
25832	28
25833	27
25834	26
25835	25
25836	24
25837	23
25838	22
25839	21
25840	21
25841	21
25842	20
25843	20
25844	20
25845	25
25846	31
25847	37
25848	43
25849	49
25850	55
25851	61
25852	66
25853	72
25854	77
25855	83
25856	89
25857	94
25858	93
25859	92
25860	92
25861	91
25862	90
25863	89
25864	86
25865	84
25866	81
25867	78
25868	76
25869	73
25870	70
25871	69
25872	67
25873	66
25874	64
25875	62
25876	61
25877	61
25878	62
25879	62
25880	63
25881	63
25882	63
25883	63
25884	62
25885	62
25886	61
25887	60
25888	60
25889	59
25890	57
25891	55
25892	53
25893	52
25894	50
25895	48
25896	47
25897	45
25898	44
25899	43
25900	42
25901	41
25902	40
25903	40
25904	40
25905	40
25906	40
25907	40
25908	40
25909	39
25910	39
25911	39
25912	39
25913	39
25914	39
25915	38
25916	38
25917	37
25918	36
25919	36
25920	35
25921	35
25922	34
25923	33
25924	32
25925	31
25926	29
25927	28
25928	27
25929	26
25930	24
25931	23
25932	22
25933	20
25934	19
25935	21
25936	23
25937	26
25938	28
25939	30
25940	32
25941	39
25942	46
25943	52
25944	59
25945	66
25946	73
25947	74
25948	75
25949	77
25950	78
25951	79
25952	81
25953	82
25954	79
25955	76
25956	73
25957	70
25958	67
25959	64
25960	63
25961	62
25962	61
25963	59
25964	58
25965	57
25966	56
25967	57
25968	57
25969	58
25970	59
25971	60
25972	61
25973	60
25974	60
25975	60
25976	59
25977	59
25978	59
25979	57
25980	55
25981	53
25982	51
25983	49
25984	47
25985	46
25986	44
25987	43
25988	42
25989	41
25990	40
25991	39
25992	38
25993	38
25994	38
25995	37
25996	37
25997	37
25998	36
25999	35
26000	34
26001	33
26002	31
26003	30
26004	29
26005	28
26006	27
26007	26
26008	24
26009	23
26010	22
26011	22
26012	22
26013	22
26014	21
26015	21
26016	21
26017	21
26018	21
26019	20
26020	20
26021	19
26022	19
26023	18
26024	18
26025	18
26026	19
26027	19
26028	19
26029	19
26030	20
26031	25
26032	31
26033	36
26034	42
26035	47
26036	53
26037	57
26038	62
26039	66
26040	71
26041	76
26042	80
26043	79
26044	78
26045	77
26046	76
26047	75
26048	74
26049	73
26050	71
26051	69
26052	67
26053	65
26054	63
26055	61
26056	60
26057	59
26058	59
26059	58
26060	58
26061	57
26062	56
26063	56
26064	55
26065	54
26066	54
26067	53
26068	53
26069	50
26070	47
26071	45
26072	42
26073	40
26074	37
26075	35
26076	33
26077	30
26078	28
26079	25
26080	23
26081	21
26082	19
26083	18
26084	16
26085	15
26086	13
26087	12
26088	11
26089	11
26090	10
26091	9
26092	9
26093	8
26094	7
26095	7
26096	6
26097	6
26098	5
26099	5
26100	5
26101	5
26102	5
26103	5
26104	5
26105	5
26106	5
26107	5
26108	5
26109	5
26110	5
26111	5
26112	5
26113	6
26114	6
26115	6
26116	7
26117	7
26118	7
26119	8
26120	11
26121	14
26122	17
26123	21
26124	24
26125	27
26126	30
26127	35
26128	40
26129	45
26130	50
26131	55
26132	60
26133	60
26134	60
26135	60
26136	60
26137	60
26138	61
26139	59
26140	57
26141	55
26142	53
26143	51
26144	49
26145	47
26146	46
26147	46
26148	45
26149	45
26150	44
26151	43
26152	44
26153	44
26154	45
26155	45
26156	46
26157	46
26158	47
26159	47
26160	47
26161	47
26162	47
26163	47
26164	47
26165	46
26166	45
26167	44
26168	43
26169	42
26170	41
26171	39
26172	38
26173	37
26174	36
26175	35
26176	34
26177	33
26178	33
26179	32
26180	31
26181	30
26182	30
26183	29
26184	28
26185	28
26186	27
26187	27
26188	26
26189	25
26190	25
26191	24
26192	23
26193	22
26194	21
26195	21
26196	20
26197	19
26198	18
26199	17
26200	16
26201	15
26202	14
26203	13
26204	12
26205	12
26206	11
26207	10
26208	10
26209	9
26210	11
26211	13
26212	15
26213	17
26214	19
26215	21
26216	26
26217	31
26218	37
26219	42
26220	47
26221	53
26222	58
26223	61
26224	63
26225	66
26226	69
26227	71
26228	74
26229	72
26230	69
26231	67
26232	65
26233	62
26234	60
26235	59
26236	57
26237	56
26238	54
26239	53
26240	51
26241	50
26242	50
26243	50
26244	51
26245	51
26246	52
26247	52
26248	52
26249	53
26250	53
26251	53
26252	53
26253	54
26254	54
26255	52
26256	51
26257	50
26258	48
26259	47
26260	46
26261	44
26262	42
26263	40
26264	38
26265	36
26266	34
26267	33
26268	33
26269	32
26270	31
26271	31
26272	30
26273	29
26274	29
26275	28
26276	28
26277	27
26278	27
26279	27
26280	26
26281	25
26282	25
26283	24
26284	24
26285	23
26286	23
26287	22
26288	22
26289	21
26290	20
26291	20
26292	19
26293	19
26294	19
26295	18
26296	18
26297	18
26298	18
26299	21
26300	25
26301	28
26302	32
26303	35
26304	39
26305	43
26306	50
26307	57
26308	64
26309	71
26310	78
26311	85
26312	86
26313	87
26314	88
26315	90
26316	91
26317	92
26318	93
26319	90
26320	88
26321	86
26322	84
26323	81
26324	79
26325	77
26326	75
26327	73
26328	72
26329	70
26330	68
26331	67
26332	66
26333	66
26334	65
26335	64
26336	64
26337	62
26338	61
26339	60
26340	59
26341	58
26342	56
26343	55
26344	53
26345	51
26346	49
26347	47
26348	46
26349	44
26350	43
26351	41
26352	40
26353	39
26354	38
26355	37
26356	36
26357	36
26358	36
26359	36
26360	36
26361	36
26362	36
26363	36
26364	36
26365	36
26366	36
26367	36
26368	36
26369	36
26370	36
26371	36
26372	36
26373	36
26374	36
26375	35
26376	35
26377	35
26378	35
26379	34
26380	34
26381	34
26382	33
26383	32
26384	32
26385	31
26386	30
26387	30
26388	33
26389	36
26390	39
26391	42
26392	45
26393	48
26394	53
26395	57
26396	62
26397	67
26398	71
26399	76
26400	80
26401	81
26402	83
26403	84
26404	85
26405	86
26406	87
26407	86
26408	85
26409	83
26410	82
26411	81
26412	79
26413	78
26414	77
26415	77
26416	76
26417	75
26418	74
26419	74
26420	73
26421	72
26422	71
26423	70
26424	70
26425	69
26426	67
26427	65
26428	63
26429	61
26430	59
26431	57
26432	55
26433	52
26434	49
26435	47
26436	44
26437	42
26438	39
26439	38
26440	38
26441	37
26442	36
26443	35
26444	35
26445	34
26446	34
26447	35
26448	35
26449	36
26450	36
26451	37
26452	37
26453	37
26454	36
26455	36
26456	36
26457	36
26458	35
26459	34
26460	33
26461	32
26462	31
26463	30
26464	29
26465	28
26466	27
26467	25
26468	24
26469	22
26470	21
26471	22
26472	23
26473	24
26474	25
26475	26
26476	28
26477	29
26478	36
26479	43
26480	50
26481	57
26482	65
26483	72
26484	76
26485	79
26486	83
26487	87
26488	90
26489	94
26490	93
26491	92
26492	91
26493	90
26494	89
26495	88
26496	87
26497	85
26498	84
26499	82
26500	81
26501	79
26502	78
26503	77
26504	77
26505	76
26506	76
26507	75
26508	75
26509	74
26510	73
26511	72
26512	71
26513	70
26514	69
26515	69
26516	67
26517	65
26518	64
26519	62
26520	61
26521	59
26522	58
26523	57
26524	57
26525	56
26526	55
26527	54
26528	54
26529	53
26530	52
26531	52
26532	51
26533	51
26534	50
26535	49
26536	48
26537	47
26538	46
26539	44
26540	43
26541	42
26542	40
26543	38
26544	36
26545	34
26546	32
26547	30
26548	29
26549	28
26550	27
26551	27
26552	26
26553	25
26554	26
26555	27
26556	28
26557	30
26558	31
26559	32
26560	33
26561	39
26562	44
26563	49
26564	55
26565	60
26566	66
26567	70
26568	73
26569	77
26570	81
26571	85
26572	89
26573	93
26574	91
26575	90
26576	88
26577	87
26578	86
26579	84
26580	82
26581	80
26582	77
26583	75
26584	73
26585	70
26586	71
26587	71
26588	71
26589	72
26590	72
26591	72
26592	73
26593	73
26594	74
26595	75
26596	76
26597	77
26598	77
26599	76
26600	74
26601	72
26602	70
26603	69
26604	67
26605	65
26606	62
26607	58
26608	55
26609	52
26610	48
26611	45
26612	45
26613	44
26614	43
26615	43
26616	42
26617	42
26618	43
26619	45
26620	47
26621	49
26622	51
26623	53
26624	55
26625	56
26626	58
26627	60
26628	62
26629	64
26630	65
26631	64
26632	63
26633	62
26634	61
26635	60
26636	59
26637	59
26638	54
26639	49
26640	45
26641	40
26642	36
26643	31
26644	30
26645	28
26646	26
26647	24
26648	22
26649	21
26650	25
26651	30
26652	34
26653	38
26654	43
26655	47
26656	52
26657	55
26658	59
26659	63
26660	66
26661	70
26662	74
26663	73
26664	72
26665	71
26666	71
26667	70
26668	69
26669	68
26670	65
26671	63
26672	60
26673	57
26674	55
26675	52
26676	51
26677	49
26678	48
26679	47
26680	45
26681	44
26682	45
26683	46
26684	46
26685	47
26686	48
26687	48
26688	49
26689	50
26690	52
26691	53
26692	54
26693	55
26694	57
26695	57
26696	57
26697	57
26698	57
26699	57
26700	57
26701	57
26702	55
26703	53
26704	51
26705	49
26706	48
26707	46
26708	44
26709	41
26710	39
26711	37
26712	34
26713	32
26714	31
26715	29
26716	28
26717	27
26718	26
26719	24
26720	23
26721	22
26722	21
26723	20
26724	19
26725	18
26726	17
26727	18
26728	18
26729	19
26730	20
26731	20
26732	21
26733	22
26734	29
26735	36
26736	43
26737	50
26738	57
26739	64
26740	69
26741	74
26742	79
26743	83
26744	88
26745	93
26746	91
26747	89
26748	87
26749	85
26750	83
26751	80
26752	78
26753	75
26754	72
26755	68
26756	65
26757	62
26758	58
26759	59
26760	59
26761	60
26762	60
26763	60
26764	61
26765	61
26766	64
26767	66
26768	68
26769	70
26770	73
26771	75
26772	74
26773	72
26774	71
26775	70
26776	68
26777	67
26778	63
26779	59
26780	56
26781	52
26782	48
26783	45
26784	41
26785	38
26786	36
26787	33
26788	30
26789	28
26790	25
26791	26
26792	26
26793	27
26794	28
26795	28
26796	29
26797	29
26798	30
26799	32
26800	33
26801	34
26802	35
26803	36
26804	35
26805	34
26806	32
26807	31
26808	30
26809	29
26810	28
26811	27
26812	25
26813	24
26814	23
26815	21
26816	20
26817	24
26818	29
26819	33
26820	37
26821	41
26822	46
26823	52
26824	58
26825	64
26826	71
26827	77
26828	83
26829	90
26830	90
26831	90
26832	90
26833	90
26834	90
26835	90
26836	88
26837	86
26838	84
26839	81
26840	79
26841	77
26842	77
26843	76
26844	75
26845	75
26846	74
26847	73
26848	73
26849	73
26850	73
26851	73
26852	73
26853	73
26854	73
26855	72
26856	71
26857	70
26858	70
26859	69
26860	68
26861	67
26862	66
26863	64
26864	63
26865	61
26866	60
26867	58
26868	57
26869	55
26870	54
26871	53
26872	51
26873	50
26874	49
26875	48
26876	46
26877	45
26878	44
26879	43
26880	42
26881	41
26882	41
26883	40
26884	39
26885	39
26886	38
26887	38
26888	37
26889	37
26890	37
26891	36
26892	36
26893	36
26894	35
26895	34
26896	33
26897	32
26898	31
26899	30
26900	32
26901	33
26902	35
26903	36
26904	38
26905	40
26906	45
26907	51
26908	57
26909	63
26910	69
26911	75
26912	80
26913	82
26914	84
26915	86
26916	88
26917	90
26918	93
26919	90
26920	88
26921	86
26922	84
26923	81
26924	79
26925	77
26926	75
26927	72
26928	70
26929	68
26930	66
26931	64
26932	64
26933	64
26934	65
26935	65
26936	66
26937	66
26938	66
26939	66
26940	66
26941	66
26942	66
26943	66
26944	65
26945	63
26946	62
26947	61
26948	59
26949	58
26950	56
26951	55
26952	53
26953	52
26954	51
26955	49
26956	48
26957	47
26958	47
26959	46
26960	45
26961	45
26962	44
26963	42
26964	41
26965	40
26966	38
26967	37
26968	36
26969	35
26970	34
26971	33
26972	32
26973	32
26974	31
26975	30
26976	29
26977	29
26978	29
26979	28
26980	28
26981	28
26982	26
26983	25
26984	24
26985	23
26986	21
26987	20
26988	19
26989	21
26990	23
26991	25
26992	27
26993	29
26994	31
26995	38
26996	45
26997	52
26998	59
26999	66
27000	73
27001	74
27002	76
27003	78
27004	80
27005	82
27006	83
27007	85
27008	83
27009	80
27010	77
27011	75
27012	72
27013	69
27014	68
27015	67
27016	65
27017	64
27018	63
27019	61
27020	60
27021	61
27022	61
27023	62
27024	62
27025	63
27026	63
27027	62
27028	60
27029	59
27030	57
27031	56
27032	54
27033	52
27034	50
27035	48
27036	47
27037	45
27038	43
27039	41
27040	41
27041	40
27042	40
27043	39
27044	39
27045	38
27046	37
27047	36
27048	35
27049	35
27050	34
27051	33
27052	32
27053	30
27054	28
27055	26
27056	24
27057	22
27058	20
27059	20
27060	20
27061	20
27062	20
27063	20
27064	20
27065	20
27066	20
27067	21
27068	21
27069	21
27070	22
27071	22
27072	21
27073	20
27074	19
27075	18
27076	17
27077	16
27078	19
27079	23
27080	26
27081	29
27082	32
27083	36
27084	39
27085	46
27086	54
27087	61
27088	69
27089	76
27090	84
27091	84
27092	84
27093	85
27094	85
27095	85
27096	86
27097	83
27098	80
27099	78
27100	75
27101	72
27102	69
27103	67
27104	66
27105	65
27106	64
27107	63
27108	62
27109	62
27110	61
27111	60
27112	59
27113	58
27114	57
27115	56
27116	55
27117	51
27118	47
27119	43
27120	39
27121	36
27122	32
27123	29
27124	27
27125	24
27126	22
27127	19
27128	17
27129	19
27130	20
27131	22
27132	24
27133	26
27134	28
27135	29
27136	32
27137	35
27138	38
27139	41
27140	44
27141	47
27142	47
27143	48
27144	48
27145	48
27146	49
27147	49
27148	49
27149	49
27150	48
27151	48
27152	47
27153	47
27154	46
27155	48
27156	50
27157	51
27158	53
27159	55
27160	56
27161	57
27162	58
27163	59
27164	60
27165	61
27166	62
27167	63
27168	64
27169	65
27170	66
27171	66
27172	67
27173	68
27174	71
27175	74
27176	77
27177	81
27178	84
27179	87
27180	90
27181	90
27182	91
27183	91
27184	91
27185	91
27186	92
27187	89
27188	86
27189	83
27190	80
27191	77
27192	74
27193	72
27194	70
27195	67
27196	65
27197	63
27198	60
27199	58
27200	58
27201	58
27202	57
27203	57
27204	57
27205	56
27206	56
27207	57
27208	57
27209	57
27210	58
27211	58
27212	58
27213	57
27214	56
27215	55
27216	55
27217	54
27218	53
27219	50
27220	48
27221	45
27222	43
27223	40
27224	38
27225	35
27226	33
27227	31
27228	28
27229	26
27230	23
27231	21
27232	19
27233	18
27234	16
27235	15
27236	13
27237	12
27238	11
27239	11
27240	11
27241	10
27242	10
27243	10
27244	10
27245	9
27246	9
27247	8
27248	8
27249	7
27250	7
27251	7
27252	6
27253	6
27254	6
27255	5
27256	5
27257	7
27258	10
27259	12
27260	14
27261	16
27262	19
27263	21
27264	26
27265	31
27266	36
27267	41
27268	47
27269	52
27270	54
27271	55
27272	57
27273	59
27274	61
27275	63
27276	65
27277	64
27278	63
27279	62
27280	61
27281	60
27282	59
27283	57
27284	56
27285	54
27286	53
27287	51
27288	50
27289	49
27290	49
27291	49
27292	48
27293	48
27294	48
27295	48
27296	48
27297	48
27298	48
27299	48
27300	48
27301	48
27302	47
27303	46
27304	46
27305	45
27306	44
27307	43
27308	43
27309	41
27310	39
27311	38
27312	36
27313	34
27314	33
27315	32
27316	32
27317	31
27318	31
27319	30
27320	30
27321	30
27322	30
27323	31
27324	31
27325	31
27326	31
27327	32
27328	31
27329	30
27330	30
27331	29
27332	28
27333	28
27334	27
27335	26
27336	25
27337	24
27338	23
27339	22
27340	21
27341	25
27342	29
27343	33
27344	38
27345	42
27346	46
27347	52
27348	59
27349	66
27350	72
27351	79
27352	86
27353	86
27354	87
27355	88
27356	88
27357	89
27358	89
27359	90
27360	87
27361	84
27362	81
27363	78
27364	76
27365	73
27366	70
27367	67
27368	65
27369	62
27370	59
27371	57
27372	54
27373	52
27374	51
27375	49
27376	47
27377	45
27378	43
27379	41
27380	40
27381	38
27382	36
27383	34
27384	32
27385	30
27386	28
27387	26
27388	25
27389	23
27390	21
27391	19
27392	18
27393	17
27394	16
27395	14
27396	13
27397	12
27398	12
27399	13
27400	13
27401	13
27402	13
27403	13
27404	13
27405	14
27406	15
27407	15
27408	16
27409	16
27410	17
27411	17
27412	17
27413	18
27414	18
27415	18
27416	18
27417	20
27418	21
27419	23
27420	25
27421	26
27422	28
27423	29
27424	35
27425	40
27426	45
27427	51
27428	56
27429	61
27430	64
27431	66
27432	68
27433	71
27434	73
27435	76
27436	78
27437	77
27438	75
27439	74
27440	72
27441	70
27442	69
27443	67
27444	65
27445	63
27446	61
27447	60
27448	58
27449	57
27450	56
27451	56
27452	55
27453	54
27454	54
27455	53
27456	52
27457	52
27458	51
27459	50
27460	50
27461	49
27462	48
27463	46
27464	45
27465	44
27466	43
27467	41
27468	40
27469	39
27470	37
27471	36
27472	35
27473	33
27474	32
27475	31
27476	31
27477	30
27478	29
27479	29
27480	28
27481	28
27482	27
27483	27
27484	26
27485	26
27486	25
27487	25
27488	24
27489	24
27490	23
27491	23
27492	22
27493	22
27494	25
27495	28
27496	32
27497	35
27498	38
27499	41
27500	45
27501	51
27502	57
27503	63
27504	70
27505	76
27506	82
27507	83
27508	84
27509	85
27510	86
27511	87
27512	88
27513	86
27514	84
27515	82
27516	80
27517	79
27518	77
27519	75
27520	73
27521	72
27522	70
27523	68
27524	67
27525	65
27526	65
27527	65
27528	65
27529	64
27530	64
27531	64
27532	64
27533	63
27534	63
27535	62
27536	62
27537	61
27538	61
27539	59
27540	58
27541	56
27542	54
27543	53
27544	51
27545	49
27546	48
27547	46
27548	45
27549	43
27550	42
27551	40
27552	39
27553	38
27554	37
27555	35
27556	34
27557	33
27558	32
27559	31
27560	30
27561	30
27562	29
27563	28
27564	27
27565	27
27566	28
27567	29
27568	29
27569	30
27570	30
27571	37
27572	44
27573	50
27574	57
27575	63
27576	70
27577	74
27578	77
27579	80
27580	84
27581	87
27582	91
27583	94
27584	93
27585	92
27586	91
27587	90
27588	89
27589	87
27590	85
27591	83
27592	81
27593	79
27594	77
27595	75
27596	73
27597	71
27598	69
27599	66
27600	64
27601	62
27602	62
27603	61
27604	61
27605	60
27606	60
27607	60
27608	59
27609	58
27610	58
27611	57
27612	57
27613	56
27614	56
27615	55
27616	53
27617	50
27618	47
27619	45
27620	42
27621	40
27622	38
27623	35
27624	33
27625	31
27626	28
27627	26
27628	24
27629	23
27630	21
27631	20
27632	18
27633	17
27634	16
27635	16
27636	15
27637	14
27638	14
27639	13
27640	14
27641	15
27642	16
27643	17
27644	17
27645	18
27646	19
27647	25
27648	31
27649	37
27650	43
27651	49
27652	56
27653	61
27654	66
27655	71
27656	76
27657	81
27658	86
27659	91
27660	91
27661	91
27662	92
27663	92
27664	92
27665	92
27666	91
27667	89
27668	88
27669	86
27670	85
27671	83
27672	82
27673	81
27674	79
27675	78
27676	77
27677	75
27678	74
27679	74
27680	73
27681	72
27682	72
27683	71
27684	71
27685	70
27686	69
27687	69
27688	68
27689	67
27690	67
27691	66
27692	64
27693	62
27694	61
27695	59
27696	57
27697	55
27698	53
27699	51
27700	49
27701	47
27702	45
27703	43
27704	42
27705	41
27706	39
27707	38
27708	37
27709	36
27710	35
27711	34
27712	33
27713	32
27714	31
27715	30
27716	29
27717	28
27718	26
27719	25
27720	24
27721	23
27722	22
27723	21
27724	24
27725	27
27726	29
27727	32
27728	35
27729	38
27730	45
27731	53
27732	60
27733	67
27734	75
27735	82
27736	84
27737	85
27738	87
27739	89
27740	90
27741	92
27742	94
27743	93
27744	92
27745	91
27746	90
27747	89
27748	88
27749	86
27750	84
27751	83
27752	81
27753	79
27754	78
27755	76
27756	75
27757	73
27758	72
27759	70
27760	69
27761	67
27762	66
27763	65
27764	64
27765	63
27766	62
27767	61
27768	60
27769	59
27770	58
27771	57
27772	56
27773	55
27774	54
27775	53
27776	52
27777	51
27778	50
27779	49
27780	48
27781	48
27782	48
27783	48
27784	47
27785	47
27786	47
27787	47
27788	47
27789	47
27790	47
27791	47
27792	47
27793	48
27794	48
27795	48
27796	49
27797	49
27798	50
27799	50
27800	53
27801	57
27802	60
27803	63
27804	67
27805	70
27806	73
27807	77
27808	80
27809	84
27810	87
27811	91
27812	95
27813	94
27814	94
27815	94
27816	94
27817	94
27818	93
27819	93
27820	93
27821	92
27822	91
27823	91
27824	90
27825	89
27826	89
27827	88
27828	87
27829	86
27830	86
27831	85
27832	84
27833	84
27834	83
27835	82
27836	82
27837	81
27838	81
27839	80
27840	79
27841	79
27842	78
27843	77
27844	76
27845	76
27846	75
27847	74
27848	73
27849	72
27850	72
27851	71
27852	70
27853	69
27854	68
27855	68
27856	67
27857	66
27858	65
27859	64
27860	63
27861	63
27862	62
27863	61
27864	60
27865	59
27866	58
27867	57
27868	56
27869	56
27870	55
27871	53
27872	52
27873	51
27874	49
27875	48
27876	47
27877	47
27878	46
27879	46
27880	46
27881	45
27882	45
27883	45
27884	48
27885	52
27886	56
27887	59
27888	63
27889	67
27890	71
27891	75
27892	79
27893	83
27894	87
27895	91
27896	91
27897	91
27898	91
27899	92
27900	92
27901	92
27902	92
27903	91
27904	90
27905	89
27906	88
27907	87
27908	86
27909	85
27910	84
27911	83
27912	82
27913	81
27914	80
27915	79
27916	78
27917	77
27918	77
27919	76
27920	75
27921	74
27922	73
27923	72
27924	71
27925	70
27926	69
27927	68
27928	67
27929	65
27930	64
27931	63
27932	61
27933	60
27934	59
27935	57
27936	56
27937	54
27938	53
27939	51
27940	50
27941	49
27942	48
27943	46
27944	45
27945	44
27946	43
27947	42
27948	41
27949	39
27950	38
27951	37
27952	36
27953	35
27954	33
27955	32
27956	31
27957	30
27958	28
27959	27
27960	26
27961	25
27962	24
27963	23
27964	22
27965	21
27966	21
27967	22
27968	24
27969	25
27970	27
27971	29
27972	30
27973	35
27974	40
27975	45
27976	50
27977	54
27978	59
27979	64
27980	67
27981	70
27982	74
27983	77
27984	80
27985	83
27986	83
27987	82
27988	82
27989	81
27990	81
27991	81
27992	79
27993	78
27994	77
27995	76
27996	75
27997	74
27998	73
27999	72
28000	71
28001	70
28002	70
28003	69
28004	68
28005	67
28006	67
28007	66
28008	66
28009	66
28010	65
28011	65
28012	64
28013	63
28014	62
28015	61
28016	61
28017	60
28018	58
28019	57
28020	56
28021	54
28022	53
28023	52
28024	51
28025	50
28026	48
28027	47
28028	46
28029	45
28030	44
28031	43
28032	42
28033	41
28034	40
28035	39
28036	38
28037	37
28038	37
28039	36
28040	35
28041	34
28042	33
28043	32
28044	31
28045	29
28046	28
28047	27
28048	25
28049	24
28050	24
28051	24
28052	24
28053	24
28054	24
28055	24
28056	28
28057	32
28058	36
28059	40
28060	44
28061	48
28062	52
28063	56
28064	60
28065	64
28066	69
28067	73
28068	77
28069	77
28070	77
28071	76
28072	76
28073	76
28074	75
28075	75
28076	73
28077	71
28078	69
28079	67
28080	65
28081	63
28082	62
28083	61
28084	60
28085	59
28086	58
28087	57
28088	57
28089	58
28090	58
28091	58
28092	58
28093	59
28094	59
28095	59
28096	59
28097	59
28098	59
28099	59
28100	59
28101	57
28102	56
28103	55
28104	54
28105	52
28106	51
28107	50
28108	48
28109	47
28110	45
28111	43
28112	42
28113	40
28114	40
28115	39
28116	39
28117	39
28118	38
28119	38
28120	37
28121	37
28122	37
28123	37
28124	37
28125	37
28126	36
28127	36
28128	36
28129	35
28130	35
28131	35
28132	34
28133	37
28134	41
28135	44
28136	47
28137	50
28138	53
28139	56
28140	62
28141	68
28142	74
28143	80
28144	86
28145	92
28146	92
28147	92
28148	92
28149	92
28150	93
28151	93
28152	92
28153	90
28154	89
28155	88
28156	87
28157	85
28158	84
28159	83
28160	81
28161	80
28162	79
28163	77
28164	76
28165	75
28166	74
28167	73
28168	72
28169	72
28170	71
28171	70
28172	69
28173	68
28174	67
28175	66
28176	64
28177	63
28178	61
28179	59
28180	57
28181	55
28182	53
28183	52
28184	50
28185	49
28186	47
28187	46
28188	44
28189	43
28190	41
28191	41
28192	40
28193	39
28194	39
28195	38
28196	38
28197	37
28198	37
28199	37
28200	36
28201	36
28202	36
28203	35
28204	34
28205	34
28206	33
28207	32
28208	31
28209	30
28210	29
28211	29
28212	28
28213	28
28214	27
28215	27
28216	30
28217	33
28218	37
28219	40
28220	43
28221	46
28222	50
28223	55
28224	61
28225	67
28226	72
28227	78
28228	83
28229	85
28230	86
28231	87
28232	89
28233	90
28234	92
28235	93
28236	92
28237	90
28238	89
28239	88
28240	87
28241	86
28242	84
28243	83
28244	81
28245	80
28246	78
28247	77
28248	76
28249	76
28250	75
28251	74
28252	74
28253	73
28254	73
28255	72
28256	72
28257	71
28258	71
28259	70
28260	70
28261	68
28262	67
28263	66
28264	65
28265	64
28266	63
28267	62
28268	60
28269	59
28270	57
28271	56
28272	55
28273	50
28274	48
28275	47
28276	45
28277	44
28278	43
28279	42
28280	40
28281	39
28282	38
28283	37
28284	36
28285	35
28286	34
28287	32
28288	31
28289	30
28290	29
28291	27
28292	26
28293	25
28294	24
28295	23
28296	22
28297	20
28298	19
28299	21
28300	23
28301	25
28302	27
28303	28
28304	30
28305	37
28306	44
28307	50
28308	57
28309	64
28310	71
28311	73
28312	76
28313	79
28314	82
28315	85
28316	88
28317	91
28318	90
28319	89
28320	88
28321	87
28322	86
28323	85
28324	83
28325	82
28326	80
28327	79
28328	78
28329	76
28330	75
28331	74
28332	73
28333	73
28334	72
28335	71
28336	71
28337	70
28338	70
28339	70
28340	70
28341	70
28342	70
28343	69
28344	68
28345	67
28346	66
28347	65
28348	64
28349	63
28350	61
28351	59
28352	57
28353	55
28354	53
28355	52
28356	50
28357	48
28358	46
28359	44
28360	42
28361	41
28362	39
28363	37
28364	36
28365	34
28366	32
28367	31
28368	29
28369	28
28370	27
28371	26
28372	25
28373	24
28374	23
28375	22
28376	21
28377	20
28378	20
28379	19
28380	18
28381	17
28382	20
28383	22
28384	25
28385	27
28386	29
28387	32
28388	38
28389	43
28390	49
28391	55
28392	61
28393	67
28394	73
28395	76
28396	79
28397	82
28398	85
28399	88
28400	92
28401	90
28402	89
28403	87
28404	86
28405	85
28406	83
28407	82
28408	81
28409	80
28410	79
28411	78
28412	77
28413	76
28414	75
28415	75
28416	75
28417	75
28418	75
28419	74
28420	73
28421	72
28422	71
28423	71
28424	70
28425	69
28426	68
28427	64
28428	61
28429	58
28430	55
28431	52
28432	49
28433	46
28434	43
28435	40
28436	37
28437	34
28438	32
28439	31
28440	30
28441	29
28442	29
28443	28
28444	27
28445	27
28446	26
28447	26
28448	26
28449	26
28450	26
28451	25
28452	26
28453	26
28454	27
28455	27
28456	28
28457	28
28458	29
28459	34
28460	40
28461	46
28462	51
28463	57
28464	62
28465	67
28466	73
28467	78
28468	83
28469	88
28470	93
28471	93
28472	92
28473	92
28474	92
28475	91
28476	91
28477	90
28478	89
28479	87
28480	85
28481	83
28482	81
28483	80
28484	78
28485	77
28486	76
28487	75
28488	73
28489	72
28490	71
28491	71
28492	70
28493	70
28494	70
28495	70
28496	69
28497	69
28498	68
28499	67
28500	67
28501	66
28502	65
28503	64
28504	62
28505	61
28506	59
28507	58
28508	56
28509	55
28510	53
28511	51
28512	49
28513	48
28514	46
28515	44
28516	43
28517	42
28518	41
28519	40
28520	38
28521	37
28522	36
28523	35
28524	35
28525	34
28526	34
28527	33
28528	33
28529	36
28530	39
28531	43
28532	46
28533	50
28534	53
28535	57
28536	61
28537	65
28538	69
28539	73
28540	77
28541	81
28542	82
28543	83
28544	83
28545	84
28546	84
28547	85
28548	83
28549	82
28550	80
28551	78
28552	77
28553	75
28554	74
28555	72
28556	70
28557	68
28558	66
28559	65
28560	63
28561	62
28562	61
28563	60
28564	59
28565	58
28566	57
28567	56
28568	55
28569	54
28570	54
28571	53
28572	52
28573	51
28574	50
28575	49
28576	48
28577	48
28578	47
28579	46
28580	45
28581	43
28582	42
28583	41
28584	40
28585	39
28586	38
28587	36
28588	34
28589	32
28590	30
28591	28
28592	26
28593	25
28594	25
28595	25
28596	24
28597	24
28598	23
28599	28
28600	33
28601	37
28602	42
28603	47
28604	52
28605	56
28606	62
28607	68
28608	73
28609	79
28610	85
28611	91
28612	91
28613	91
28614	91
28615	91
28616	91
28617	92
28618	92
28619	90
28620	88
28621	86
28622	85
28623	83
28624	81
28625	79
28626	76
28627	74
28628	72
28629	70
28630	67
28631	66
28632	65
28633	64
28634	63
28635	61
28636	60
28637	59
28638	58
28639	57
28640	56
28641	55
28642	53
28643	52
28644	51
28645	49
28646	48
28647	46
28648	44
28649	43
28650	41
28651	39
28652	37
28653	35
28654	33
28655	31
28656	29
28657	28
28658	26
28659	24
28660	23
28661	21
28662	19
28663	18
28664	16
28665	15
28666	13
28667	12
28668	10
28669	9
28670	9
28671	10
28672	10
28673	11
28674	11
28675	12
28676	17
28677	23
28678	28
28679	33
28680	38
28681	44
28682	49
28683	54
28684	59
28685	64
28686	69
28687	74
28688	79
28689	78
28690	77
28691	76
28692	76
28693	75
28694	74
28695	72
28696	69
28697	67
28698	64
28699	62
28700	59
28701	57
28702	55
28703	54
28704	52
28705	51
28706	49
28707	48
28708	47
28709	47
28710	46
28711	46
28712	45
28713	45
28714	45
28715	44
28716	43
28717	42
28718	41
28719	41
28720	40
28721	38
28722	37
28723	35
28724	34
28725	32
28726	31
28727	29
28728	27
28729	25
28730	23
28731	22
28732	20
28733	18
28734	16
28735	14
28736	12
28737	10
28738	8
28739	7
28740	7
28741	7
28742	7
28743	7
28744	8
28745	8
28746	8
28747	13
28748	18
28749	23
28750	28
28751	33
28752	38
28753	44
28754	49
28755	55
28756	60
28757	66
28758	71
28759	71
28760	72
28761	72
28762	72
28763	72
28764	72
28765	72
28766	71
28767	70
28768	68
28769	67
28770	66
28771	64
28772	64
28773	63
28774	62
28775	61
28776	61
28777	60
28778	59
28779	58
28780	57
28781	56
28782	55
28783	54
28784	53
28785	51
28786	50
28787	49
28788	48
28789	47
28790	45
28791	44
28792	43
28793	42
28794	41
28795	40
28796	38
28797	37
28798	35
28799	34
28800	32
28801	30
28802	28
28803	26
28804	24
28805	22
28806	20
28807	19
28808	17
28809	15
28810	13
28811	12
28812	11
28813	10
28814	9
28815	7
28816	6
28817	7
28818	8
28819	8
28820	9
28821	9
28822	10
28823	14
28824	18
28825	23
28826	27
28827	31
28828	35
28829	40
28830	45
28831	51
28832	56
28833	62
28834	68
28835	73
28836	74
28837	76
28838	77
28839	78
28840	79
28841	80
28842	81
28843	80
28844	79
28845	78
28846	77
28847	75
28848	74
28849	74
28850	73
28851	72
28852	72
28853	71
28854	71
28855	70
28856	70
28857	70
28858	69
28859	69
28860	69
28861	69
28862	67
28863	65
28864	63
28865	62
28866	60
28867	58
28868	56
28869	55
28870	53
28871	51
28872	49
28873	47
28874	45
28875	43
28876	42
28877	40
28878	39
28879	37
28880	36
28881	33
28882	31
28883	29
28884	27
28885	25
28886	22
28887	20
28888	18
28889	16
28890	14
28891	12
28892	10
28893	8
28894	8
28895	8
28896	8
28897	9
28898	9
28899	9
28900	13
28901	17
28902	22
28903	26
28904	30
28905	34
28906	39
28907	45
28908	51
28909	57
28910	63
28911	69
28912	76
28913	77
28914	79
28915	81
28916	83
28917	85
28918	87
28919	87
28920	88
28921	88
28922	88
28923	88
28924	89
28925	89
28926	89
28927	89
28928	90
28929	90
28930	90
28931	88
28932	86
28933	84
28934	82
28935	80
28936	78
28937	77
28938	75
28939	73
28940	71
28941	70
28942	68
28943	66
28944	65
28945	65
28946	66
28947	67
28948	68
28949	69
28950	68
28951	67
28952	66
28953	65
28954	64
28955	63
28956	62
28957	59
28958	56
28959	53
28960	50
28961	47
28962	45
28963	43
28964	42
28965	41
28966	40
28967	39
28968	38
28969	36
28970	36
28971	37
28972	37
28973	37
28974	37
28975	37
28976	38
28977	38
28978	38
28979	39
28980	39
28981	40
28982	45
28983	50
28984	55
28985	60
28986	65
28987	70
28988	76
28989	79
28990	82
28991	85
28992	88
28993	91
28994	94
28995	90
28996	87
28997	84
28998	80
28999	77
29000	73
29001	70
29002	64
29003	58
29004	52
29005	46
29006	40
29007	34
29008	34
29009	33
29010	32
29011	32
29012	31
29013	30
29014	31
29015	31
29016	31
29017	31
29018	32
29019	32
29020	32
29021	29
29022	27
29023	24
29024	21
29025	18
29026	15
29027	13
29028	12
29029	10
29030	9
29031	7
29032	6
29033	5
29034	5
29035	5
29036	5
29037	5
29038	5
29039	5
29040	5
29041	5
29042	5
29043	5
29044	5
29045	5
29046	5
29047	5
29048	5
29049	5
29050	5
29051	5
29052	5
29053	6
29054	7
29055	8
29056	10
29057	11
29058	12
29059	15
29060	18
29061	21
29062	23
29063	26
29064	29
29065	32
29066	33
29067	34
29068	36
29069	37
29070	38
29071	39
29072	39
29073	38
29074	37
29075	37
29076	36
29077	35
29078	35
29079	34
29080	33
29081	33
29082	32
29083	32
29084	31
29085	30
29086	30
29087	29
29088	29
29089	28
29090	28
29091	27
29092	27
29093	27
29094	26
29095	26
29096	26
29097	26
29098	26
29099	26
29100	26
29101	26
29102	26
29103	26
29104	26
29105	25
29106	24
29107	23
29108	22
29109	21
29110	20
29111	19
29112	18
29113	17
29114	16
29115	15
29116	15
29117	15
29118	15
29119	15
29120	15
29121	15
29122	15
29123	15
29124	15
29125	16
29126	16
29127	16
29128	17
29129	17
29130	17
29131	17
29132	17
29133	17
29134	17
29135	17
29136	20
29137	23
29138	26
29139	29
29140	32
29141	35
29142	38
29143	41
29144	44
29145	47
29146	50
29147	52
29148	55
29149	55
29150	55
29151	54
29152	54
29153	54
29154	53
29155	52
29156	50
29157	48
29158	47
29159	45
29160	44
29161	42
29162	41
29163	41
29164	40
29165	39
29166	38
29167	38
29168	37
29169	37
29170	37
29171	37
29172	37
29173	37
29174	36
29175	36
29176	35
29177	35
29178	34
29179	34
29180	34
29181	33
29182	32
29183	31
29184	31
29185	30
29186	29
29187	29
29188	28
29189	27
29190	27
29191	26
29192	26
29193	25
29194	24
29195	23
29196	22
29197	21
29198	20
29199	20
29200	19
29201	18
29202	18
29203	17
29204	17
29205	16
29206	16
29207	16
29208	16
29209	16
29210	16
29211	16
29212	16
29213	17
29214	19
29215	20
29216	21
29217	23
29218	24
29219	27
29220	30
29221	34
29222	37
29223	40
29224	43
29225	47
29226	49
29227	51
29228	53
29229	55
29230	57
29231	59
29232	58
29233	57
29234	56
29235	55
29236	55
29237	54
29238	52
29239	51
29240	50
29241	48
29242	47
29243	46
29244	44
29245	44
29246	43
29247	43
29248	42
29249	42
29250	41
29251	42
29252	43
29253	44
29254	44
29255	45
29256	46
29257	47
29258	46
29259	46
29260	46
29261	46
29262	45
29263	45
29264	43
29265	42
29266	40
29267	39
29268	37
29269	36
29270	36
29271	36
29272	36
29273	36
29274	36
29275	36
29276	36
29277	37
29278	37
29279	38
29280	39
29281	39
29282	40
29283	39
29284	38
29285	37
29286	36
29287	36
29288	35
29289	34
29290	34
29291	33
29292	33
29293	33
29294	32
29295	32
29296	35
29297	38
29298	41
29299	44
29300	48
29301	51
29302	55
29303	59
29304	63
29305	67
29306	71
29307	75
29308	79
29309	80
29310	82
29311	83
29312	85
29313	86
29314	88
29315	87
29316	87
29317	86
29318	86
29319	86
29320	85
29321	85
29322	83
29323	82
29324	81
29325	79
29326	78
29327	76
29328	74
29329	72
29330	70
29331	68
29332	66
29333	64
29334	64
29335	63
29336	63
29337	63
29338	63
29339	63
29340	63
29341	63
29342	63
29343	63
29344	63
29345	62
29346	62
29347	59
29348	56
29349	53
29350	50
29351	47
29352	43
29353	40
29354	37
29355	33
29356	29
29357	25
29358	22
29359	18
29360	17
29361	17
29362	16
29363	16
29364	15
29365	15
29366	14
29367	13
29368	12
29369	11
29370	10
29371	9
29372	8
29373	8
29374	7
29375	7
29376	6
29377	6
29378	5
29379	8
29380	10
29381	13
29382	16
29383	18
29384	21
29385	24
29386	27
29387	31
29388	35
29389	38
29390	42
29391	46
29392	45
29393	44
29394	43
29395	43
29396	42
29397	41
29398	39
29399	38
29400	36
29401	35
29402	33
29403	32
29404	30
29405	30
29406	29
29407	29
29408	28
29409	28
29410	27
29411	27
29412	27
29413	27
29414	27
29415	26
29416	26
29417	26
29418	25
29419	25
29420	24
29421	24
29422	23
29423	23
29424	22
29425	22
29426	21
29427	20
29428	20
29429	19
29430	19
29431	18
29432	17
29433	17
29434	16
29435	15
29436	15
29437	14
29438	13
29439	12
29440	11
29441	11
29442	10
29443	10
29444	9
29445	9
29446	9
29447	9
29448	9
29449	9
29450	9
29451	10
29452	10
29453	10
29454	11
29455	11
29456	13
29457	16
29458	19
29459	21
29460	24
29461	27
29462	31
29463	34
29464	38
29465	42
29466	46
29467	49
29468	53
29469	54
29470	56
29471	57
29472	58
29473	59
29474	60
29475	59
29476	58
29477	57
29478	56
29479	55
29480	54
29481	53
29482	52
29483	51
29484	50
29485	48
29486	47
29487	46
29488	46
29489	45
29490	45
29491	44
29492	43
29493	43
29494	43
29495	42
29496	42
29497	42
29498	42
29499	42
29500	41
29501	41
29502	40
29503	39
29504	38
29505	38
29506	37
29507	36
29508	35
29509	34
29510	33
29511	32
29512	31
29513	31
29514	29
29515	28
29516	27
29517	26
29518	25
29519	24
29520	24
29521	23
29522	23
29523	22
29524	22
29525	21
29526	21
29527	20
29528	20
29529	19
29530	19
29531	18
29532	18
29533	18
29534	19
29535	19
29536	19
29537	20
29538	20
29539	24
29540	27
29541	31
29542	34
29543	38
29544	41
29545	45
29546	49
29547	53
29548	57
29549	61
29550	65
29551	69
29552	69
29553	69
29554	68
29555	68
29556	68
29557	68
29558	66
29559	64
29560	63
29561	61
29562	59
29563	57
29564	56
29565	54
29566	53
29567	51
29568	50
29569	49
29570	48
29571	48
29572	48
29573	47
29574	47
29575	47
29576	46
29577	47
29578	47
29579	48
29580	48
29581	49
29582	49
29583	48
29584	47
29585	47
29586	46
29587	45
29588	44
29589	42
29590	41
29591	39
29592	37
29593	36
29594	34
29595	33
29596	33
29597	32
29598	32
29599	32
29600	32
29601	32
29602	32
29603	33
29604	33
29605	33
29606	33
29607	34
29608	34
29609	33
29610	32
29611	30
29612	29
29613	28
29614	27
29615	29
29616	32
29617	35
29618	38
29619	41
29620	44
29621	50
29622	56
29623	62
29624	68
29625	75
29626	81
29627	87
29628	88
29629	89
29630	89
29631	90
29632	91
29633	91
29634	89
29635	87
29636	84
29637	82
29638	80
29639	78
29640	75
29641	74
29642	73
29643	72
29644	71
29645	70
29646	69
29647	68
29648	67
29649	66
29650	66
29651	65
29652	64
29653	63
29654	61
29655	59
29656	57
29657	56
29658	54
29659	52
29660	51
29661	50
29662	49
29663	47
29664	46
29665	45
29666	45
29667	44
29668	43
29669	43
29670	42
29671	41
29672	41
29673	38
29674	36
29675	33
29676	31
29677	28
29678	26
29679	24
29680	22
29681	21
29682	19
29683	18
29684	16
29685	17
29686	17
29687	18
29688	19
29689	19
29690	20
29691	21
29692	23
29693	25
29694	27
29695	29
29696	31
29697	34
29698	36
29699	39
29700	42
29701	45
29702	48
29703	51
29704	54
29705	56
29706	58
29707	60
29708	62
29709	64
29710	66
29711	65
29712	64
29713	63
29714	62
29715	62
29716	61
29717	59
29718	57
29719	55
29720	53
29721	52
29722	50
29723	48
29724	47
29725	46
29726	45
29727	44
29728	43
29729	42
29730	42
29731	42
29732	42
29733	42
29734	42
29735	42
29736	42
29737	41
29738	40
29739	40
29740	39
29741	38
29742	37
29743	35
29744	34
29745	32
29746	31
29747	29
29748	28
29749	27
29750	26
29751	26
29752	25
29753	24
29754	23
29755	23
29756	22
29757	22
29758	21
29759	21
29760	20
29761	20
29762	19
29763	19
29764	18
29765	17
29766	17
29767	16
29768	16
29769	16
29770	17
29771	18
29772	19
29773	19
29774	20
29775	25
29776	31
29777	36
29778	41
29779	46
29780	52
29781	55
29782	59
29783	63
29784	67
29785	71
29786	75
29787	79
29788	79
29789	79
29790	79
29791	80
29792	80
29793	80
29794	79
29795	78
29796	77
29797	75
29798	74
29799	73
29800	72
29801	71
29802	69
29803	68
29804	67
29805	66
29806	65
29807	64
29808	63
29809	63
29810	62
29811	61
29812	61
29813	60
29814	60
29815	59
29816	59
29817	58
29818	57
29819	57
29820	56
29821	54
29822	53
29823	52
29824	50
29825	49
29826	48
29827	46
29828	45
29829	44
29830	42
29831	41
29832	40
29833	39
29834	38
29835	37
29836	36
29837	35
29838	34
29839	33
29840	32
29841	31
29842	30
29843	29
29844	29
29845	27
29846	26
29847	25
29848	24
29849	23
29850	22
29851	21
29852	23
29853	24
29854	26
29855	27
29856	29
29857	30
29858	36
29859	42
29860	49
29861	55
29862	61
29863	67
29864	73
29865	77
29866	80
29867	84
29868	87
29869	90
29870	94
29871	91
29872	89
29873	86
29874	83
29875	81
29876	78
29877	75
29878	72
29879	69
29880	66
29881	64
29882	61
29883	58
29884	58
29885	57
29886	57
29887	57
29888	57
29889	57
29890	57
29891	58
29892	58
29893	58
29894	58
29895	59
29896	59
29897	57
29898	56
29899	54
29900	53
29901	51
29902	50
29903	48
29904	47
29905	45
29906	44
29907	42
29908	41
29909	41
29910	41
29911	41
29912	41
29913	41
29914	41
29915	41
29916	41
29917	41
29918	41
29919	41
29920	41
29921	41
29922	40
29923	39
29924	38
29925	37
29926	36
29927	35
29928	35
29929	33
29930	32
29931	31
29932	29
29933	28
29934	27
29935	30
29936	33
29937	36
29938	39
29939	43
29940	46
29941	51
29942	57
29943	62
29944	68
29945	73
29946	78
29947	84
29948	85
29949	86
29950	88
29951	89
29952	90
29953	91
29954	90
29955	89
29956	88
29957	87
29958	85
29959	84
29960	83
29961	83
29962	83
29963	84
29964	84
29965	84
29966	84
29967	84
29968	84
29969	83
29970	83
29971	83
29972	83
29973	80
29974	78
29975	75
29976	73
29977	70
29978	68
29979	65
29980	62
29981	58
29982	54
29983	51
29984	47
29985	44
29986	42
29987	40
29988	38
29989	36
29990	35
29991	33
29992	31
29993	30
29994	30
29995	29
29996	28
29997	27
29998	27
29999	26
30000	26
30001	25
30002	25
30003	24
30004	24
30005	24
30006	24
30007	25
30008	25
30009	25
30010	25
30011	25
30012	29
30013	33
30014	37
30015	40
30016	44
30017	48
30018	52
30019	57
30020	61
30021	66
30022	71
30023	75
30024	80
30025	81
30026	82
30027	83
30028	84
30029	86
30030	87
30031	85
30032	84
30033	82
30034	81
30035	79
30036	78
30037	76
30038	75
30039	74
30040	72
30041	71
30042	70
30043	68
30044	68
30045	67
30046	67
30047	66
30048	66
30049	65
30050	65
30051	65
30052	64
30053	64
30054	64
30055	64
30056	63
30057	62
30058	61
30059	60
30060	59
30061	57
30062	56
30063	55
30064	53
30065	51
30066	50
30067	48
30068	46
30069	45
30070	44
30071	43
30072	42
30073	41
30074	40
30075	40
30076	39
30077	39
30078	38
30079	38
30080	37
30081	37
30082	37
30083	37
30084	37
30085	37
30086	38
30087	38
30088	38
30089	42
30090	46
30091	51
30092	55
30093	59
30094	64
30095	68
30096	73
30097	78
30098	83
30099	88
30100	93
30101	93
30102	93
30103	93
30104	94
30105	94
30106	94
30107	94
30108	93
30109	93
30110	92
30111	92
30112	91
30113	91
30114	90
30115	89
30116	88
30117	87
30118	85
30119	84
30120	83
30121	82
30122	81
30123	79
30124	78
30125	76
30126	75
30127	74
30128	73
30129	72
30130	72
30131	71
30132	70
30133	69
30134	68
30135	68
30136	67
30137	66
30138	65
30139	65
30140	64
30141	63
30142	62
30143	61
30144	61
30145	60
30146	59
30147	58
30148	58
30149	57
30150	56
30151	56
30152	55
30153	55
30154	54
30155	54
30156	54
30157	53
30158	53
30159	53
30160	52
30161	52
30162	51
30163	51
30164	50
30165	52
30166	53
30167	54
30168	55
30169	57
30170	58
30171	59
30172	64
30173	68
30174	72
30175	76
30176	81
30177	85
30178	86
30179	87
30180	89
30181	90
30182	91
30183	92
30184	94
30185	92
30186	90
30187	89
30188	87
30189	86
30190	84
30191	82
30192	80
30193	78
30194	76
30195	73
30196	71
30197	71
30198	70
30199	69
30200	68
30201	67
30202	67
30203	66
30204	66
30205	66
30206	66
30207	66
30208	66
30209	67
30210	66
30211	66
30212	66
30213	66
30214	65
30215	65
30216	65
30217	64
30218	62
30219	61
30220	60
30221	59
30222	57
30223	56
30224	54
30225	52
30226	50
30227	48
30228	47
30229	45
30230	43
30231	41
30232	39
30233	37
30234	36
30235	34
30236	32
30237	30
30238	29
30239	27
30240	25
30241	25
30242	24
30243	23
30244	22
30245	21
30246	21
30247	20
30248	23
30249	26
30250	28
30251	31
30252	34
30253	37
30254	41
30255	45
30256	49
30257	53
30258	57
30259	62
30260	62
30261	62
30262	63
30263	63
30264	64
30265	64
30266	65
30267	64
30268	63
30269	62
30270	61
30271	60
30272	59
30273	59
30274	58
30275	58
30276	58
30277	57
30278	57
30279	57
30280	57
30281	57
30282	58
30283	58
30284	58
30285	59
30286	59
30287	59
30288	59
30289	60
30290	60
30291	60
30292	59
30293	59
30294	58
30295	57
30296	56
30297	55
30298	54
30299	52
30300	51
30301	49
30302	47
30303	45
30304	44
30305	43
30306	42
30307	41
30308	40
30309	40
30310	39
30311	38
30312	38
30313	38
30314	39
30315	39
30316	39
30317	39
30318	39
30319	40
30320	40
30321	40
30322	40
30323	40
30324	43
30325	46
30326	48
30327	51
30328	53
30329	56
30330	59
30331	63
30332	67
30333	72
30334	76
30335	80
30336	85
30337	86
30338	87
30339	89
30340	90
30341	92
30342	93
30343	95
30344	95
30345	95
30346	95
30347	95
30348	95
30349	95
30350	95
30351	95
30352	95
30353	95
30354	95
30355	95
30356	94
30357	94
30358	93
30359	93
30360	92
30361	92
30362	91
30363	88
30364	85
30365	82
30366	79
30367	76
30368	73
30369	70
30370	67
30371	64
30372	60
30373	57
30374	54
30375	51
30376	50
30377	49
30378	48
30379	47
30380	46
30381	45
30382	44
30383	44
30384	44
30385	43
30386	43
30387	43
30388	42
30389	40
30390	39
30391	37
30392	36
30393	35
30394	33
30395	32
30396	30
30397	28
30398	27
30399	25
30400	23
30401	24
30402	25
30403	26
30404	27
30405	28
30406	29
30407	30
30408	34
30409	39
30410	43
30411	47
30412	52
30413	56
30414	59
30415	61
30416	64
30417	66
30418	69
30419	71
30420	71
30421	71
30422	70
30423	70
30424	69
30425	69
30426	69
30427	68
30428	67
30429	66
30430	65
30431	64
30432	63
30433	62
30434	61
30435	61
30436	60
30437	60
30438	59
30439	58
30440	58
30441	58
30442	57
30443	57
30444	56
30445	56
30446	55
30447	55
30448	54
30449	53
30450	53
30451	52
30452	51
30453	51
30454	50
30455	49
30456	49
30457	48
30458	48
30459	47
30460	46
30461	45
30462	44
30463	43
30464	43
30465	42
30466	42
30467	41
30468	40
30469	40
30470	39
30471	39
30472	38
30473	37
30474	37
30475	36
30476	35
30477	35
30478	34
30479	34
30480	33
30481	33
30482	33
30483	32
30484	35
30485	37
30486	39
30487	42
30488	44
30489	46
30490	49
30491	54
30492	59
30493	64
30494	69
30495	74
30496	80
30497	81
30498	83
30499	85
30500	87
30501	89
30502	91
30503	93
30504	92
30505	90
30506	89
30507	88
30508	86
30509	85
30510	83
30511	81
30512	79
30513	78
30514	76
30515	74
30516	74
30517	74
30518	74
30519	74
30520	73
30521	73
30522	73
30523	73
30524	74
30525	74
30526	75
30527	75
30528	75
30529	74
30530	73
30531	72
30532	71
30533	70
30534	69
30535	68
30536	66
30537	65
30538	63
30539	61
30540	59
30541	57
30542	56
30543	56
30544	55
30545	54
30546	53
30547	52
30548	51
30549	50
30550	49
30551	48
30552	47
30553	46
30554	45
30555	43
30556	42
30557	41
30558	39
30559	38
30560	36
30561	37
30562	38
30563	39
30564	39
30565	40
30566	41
30567	42
30568	45
30569	49
30570	53
30571	57
30572	61
30573	64
30574	66
30575	67
30576	69
30577	70
30578	71
30579	73
30580	71
30581	70
30582	69
30583	68
30584	66
30585	65
30586	64
30587	62
30588	60
30589	59
30590	57
30591	55
30592	53
30593	52
30594	50
30595	48
30596	46
30597	45
30598	43
30599	41
30600	40
30601	39
30602	38
30603	37
30604	36
30605	35
30606	35
30607	35
30608	35
30609	36
30610	36
30611	36
30612	35
30613	34
30614	33
30615	32
30616	31
30617	29
30618	28
30619	26
30620	24
30621	22
30622	19
30623	17
30624	15
30625	13
30626	12
30627	11
30628	10
30629	9
30630	7
30631	6
30632	6
30633	6
30634	5
30635	5
30636	5
30637	5
30638	6
30639	7
30640	8
30641	9
30642	10
30643	11
30644	15
30645	19
30646	23
30647	27
30648	31
30649	36
30650	40
30651	43
30652	47
30653	51
30654	54
30655	58
30656	62
30657	61
30658	60
30659	59
30660	59
30661	58
30662	57
30663	56
30664	54
30665	52
30666	50
30667	48
30668	47
30669	45
30670	44
30671	44
30672	44
30673	44
30674	43
30675	43
30676	43
30677	42
30678	41
30679	41
30680	40
30681	40
30682	39
30683	37
30684	36
30685	34
30686	32
30687	30
30688	29
30689	27
30690	25
30691	24
30692	22
30693	21
30694	19
30695	18
30696	17
30697	16
30698	15
30699	14
30700	13
30701	13
30702	12
30703	12
30704	11
30705	10
30706	10
30707	9
30708	9
30709	8
30710	7
30711	7
30712	6
30713	6
30714	5
30715	5
30716	6
30717	6
30718	6
30719	7
30720	7
30721	11
30722	14
30723	18
30724	21
30725	25
30726	29
30727	32
30728	37
30729	42
30730	47
30731	51
30732	56
30733	61
30734	61
30735	61
30736	61
30737	61
30738	62
30739	62
30740	60
30741	58
30742	57
30743	55
30744	54
30745	52
30746	50
30747	49
30748	48
30749	47
30750	46
30751	44
30752	43
30753	43
30754	43
30755	43
30756	42
30757	42
30758	42
30759	42
30760	42
30761	42
30762	42
30763	43
30764	43
30765	43
30766	42
30767	42
30768	41
30769	40
30770	39
30771	39
30772	37
30773	35
30774	33
30775	32
30776	30
30777	28
30778	27
30779	26
30780	24
30781	23
30782	22
30783	21
30784	20
30785	20
30786	20
30787	20
30788	20
30789	20
30790	20
30791	20
30792	20
30793	19
30794	19
30795	19
30796	19
30797	18
30798	21
30799	24
30800	26
30801	29
30802	31
30803	34
30804	40
30805	45
30806	51
30807	57
30808	62
30809	68
30810	74
30811	76
30812	79
30813	82
30814	84
30815	87
30816	90
30817	88
30818	86
30819	84
30820	82
30821	81
30822	79
30823	77
30824	75
30825	74
30826	72
30827	70
30828	69
30829	67
30830	68
30831	68
30832	69
30833	70
30834	71
30835	72
30836	72
30837	71
30838	71
30839	71
30840	71
30841	71
30842	71
30843	69
30844	68
30845	67
30846	65
30847	64
30848	63
30849	62
30850	61
30851	60
30852	60
30853	59
30854	58
30855	57
30856	56
30857	54
30858	53
30859	51
30860	50
30861	49
30862	46
30863	43
30864	40
30865	37
30866	34
30867	31
30868	30
30869	29
30870	28
30871	27
30872	26
30873	26
30874	25
30875	27
30876	30
30877	32
30878	35
30879	37
30880	40
30881	44
30882	48
30883	52
30884	56
30885	60
30886	64
30887	68
30888	69
30889	71
30890	73
30891	74
30892	76
30893	78
30894	76
30895	75
30896	73
30897	72
30898	71
30899	69
30900	67
30901	65
30902	63
30903	61
30904	58
30905	56
30906	54
30907	52
30908	51
30909	49
30910	48
30911	46
30912	45
30913	45
30914	45
30915	45
30916	46
30917	46
30918	46
30919	46
30920	45
30921	44
30922	43
30923	43
30924	42
30925	39
30926	36
30927	34
30928	31
30929	28
30930	26
30931	24
30932	22
30933	20
30934	19
30935	17
30936	15
30937	14
30938	13
30939	12
30940	11
30941	10
30942	9
30943	9
30944	8
30945	8
30946	7
30947	7
30948	6
30949	6
30950	5
30951	8
30952	10
30953	13
30954	16
30955	19
30956	21
30957	28
30958	36
30959	43
30960	50
30961	57
30962	64
30963	67
30964	69
30965	72
30966	75
30967	78
30968	81
30969	83
30970	82
30971	80
30972	79
30973	77
30974	76
30975	74
30976	72
30977	71
30978	69
30979	67
30980	65
30981	63
30982	62
30983	60
30984	59
30985	58
30986	57
30987	56
30988	55
30989	54
30990	54
30991	53
30992	53
30993	52
30994	52
30995	51
30996	50
30997	49
30998	48
30999	47
31000	46
31001	45
31002	43
31003	42
31004	40
31005	39
31006	37
31007	36
31008	34
31009	33
31010	32
31011	30
31012	29
31013	27
31014	26
31015	25
31016	24
31017	23
31018	21
31019	20
31020	19
31021	18
31022	17
31023	16
31024	15
31025	15
31026	14
31027	15
31028	16
31029	17
31030	18
31031	19
31032	20
31033	21
31034	28
31035	34
31036	41
31037	47
31038	54
31039	60
31040	65
31041	69
31042	74
31043	78
31044	83
31045	87
31046	92
31047	91
31048	90
31049	89
31050	88
31051	87
31052	86
31053	84
31054	81
31055	79
31056	77
31057	74
31058	72
31059	71
31060	70
31061	69
31062	68
31063	67
31064	66
31065	65
31066	64
31067	64
31068	64
31069	63
31070	63
31071	63
31072	62
31073	61
31074	60
31075	59
31076	58
31077	57
31078	57
31079	55
31080	53
31081	51
31082	49
31083	48
31084	46
31085	45
31086	43
31087	42
31088	41
31089	39
31090	38
31091	37
31092	36
31093	35
31094	34
31095	33
31096	32
31097	31
31098	29
31099	28
31100	26
31101	25
31102	23
31103	21
31104	22
31105	23
31106	23
31107	24
31108	25
31109	25
31110	26
31111	32
31112	39
31113	46
31114	52
31115	59
31116	65
31117	70
31118	75
31119	80
31120	85
31121	89
31122	94
31123	94
31124	94
31125	94
31126	93
31127	93
31128	93
31129	93
31130	92
31131	91
31132	91
31133	90
31134	89
31135	89
31136	88
31137	86
31138	85
31139	84
31140	83
31141	82
31142	81
31143	79
31144	78
31145	77
31146	75
31147	74
31148	73
31149	73
31150	73
31151	73
31152	73
31153	73
31154	74
31155	73
31156	72
31157	71
31158	71
31159	70
31160	69
31161	69
31162	65
31163	62
31164	59
31165	56
31166	53
31167	50
31168	48
31169	46
31170	44
31171	42
31172	40
31173	38
31174	37
31175	36
31176	36
31177	36
31178	36
31179	36
31180	36
31181	34
31182	33
31183	32
31184	31
31185	30
31186	29
31187	30
31188	32
31189	33
31190	34
31191	35
31192	37
31193	38
31194	43
31195	49
31196	54
31197	59
31198	65
31199	70
31200	72
31201	74
31202	76
31203	78
31204	80
31205	82
31206	85
31207	83
31208	81
31209	79
31210	78
31211	76
31212	74
31213	72
31214	70
31215	68
31216	66
31217	64
31218	62
31219	62
31220	61
31221	60
31222	60
31223	59
31224	59
31225	58
31226	58
31227	57
31228	57
31229	57
31230	56
31231	56
31232	55
31233	54
31234	53
31235	52
31236	51
31237	50
31238	49
31239	47
31240	46
31241	44
31242	42
31243	41
31244	39
31245	37
31246	36
31247	34
31248	33
31249	31
31250	30
31251	29
31252	28
31253	27
31254	26
31255	25
31256	24
31257	23
31258	22
31259	21
31260	20
31261	19
31262	18
31263	17
31264	17
31265	18
31266	19
31267	20
31268	21
31269	21
31270	22
31271	28
31272	34
31273	40
31274	46
31275	52
31276	58
31277	62
31278	67
31279	71
31280	76
31281	81
31282	85
31283	85
31284	84
31285	83
31286	83
31287	82
31288	81
31289	81
31290	79
31291	77
31292	75
31293	73
31294	71
31295	69
31296	68
31297	67
31298	67
31299	66
31300	65
31301	64
31302	63
31303	63
31304	62
31305	62
31306	61
31307	61
31308	61
31309	60
31310	59
31311	59
31312	58
31313	58
31314	57
31315	56
31316	55
31317	54
31318	53
31319	52
31320	51
31321	50
31322	49
31323	47
31324	45
31325	43
31326	42
31327	40
31328	38
31329	36
31330	35
31331	33
31332	31
31333	30
31334	28
31335	26
31336	25
31337	23
31338	21
31339	20
31340	18
31341	17
31342	16
31343	15
31344	14
31345	13
31346	12
31347	14
31348	17
31349	20
31350	23
31351	26
31352	29
31353	32
31354	39
31355	45
31356	52
31357	58
31358	65
31359	71
31360	73
31361	76
31362	78
31363	80
31364	82
31365	84
31366	86
31367	84
31368	83
31369	81
31370	79
31371	78
31372	76
31373	74
31374	72
31375	70
31376	68
31377	65
31378	63
31379	63
31380	62
31381	61
31382	60
31383	59
31384	58
31385	58
31386	57
31387	57
31388	56
31389	56
31390	55
31391	55
31392	55
31393	55
31394	55
31395	55
31396	55
31397	56
31398	56
31399	56
31400	57
31401	57
31402	58
31403	58
31404	59
31405	56
31406	54
31407	52
31408	49
31409	47
31410	45
31411	41
31412	37
31413	34
31414	30
31415	26
31416	23
31417	19
31418	17
31419	15
31420	12
31421	10
31422	8
31423	6
31424	8
31425	9
31426	11
31427	13
31428	15
31429	17
31430	19
31431	27
31432	35
31433	44
31434	52
31435	61
31436	69
31437	73
31438	77
31439	81
31440	85
31441	89
31442	93
31443	91
31444	89
31445	88
31446	86
31447	84
31448	83
31449	81
31450	78
31451	76
31452	73
31453	70
31454	68
31455	65
31456	65
31457	64
31458	64
31459	63
31460	63
31461	63
31462	62
31463	63
31464	64
31465	65
31466	66
31467	66
31468	67
31469	66
31470	65
31471	64
31472	62
31473	61
31474	60
31475	58
31476	56
31477	54
31478	51
31479	49
31480	47
31481	45
31482	44
31483	43
31484	42
31485	41
31486	40
31487	39
31488	38
31489	37
31490	37
31491	36
31492	35
31493	35
31494	34
31495	33
31496	32
31497	32
31498	31
31499	30
31500	29
31501	32
31502	35
31503	37
31504	40
31505	43
31506	45
31507	51
31508	57
31509	63
31510	69
31511	75
31512	80
31513	86
31514	87
31515	89
31516	90
31517	91
31518	93
31519	94
31520	93
31521	92
31522	90
31523	89
31524	88
31525	87
31526	86
31527	83
31528	81
31529	79
31530	76
31531	74
31532	72
31533	70
31534	68
31535	67
31536	65
31537	63
31538	62
31539	61
31540	60
31541	60
31542	59
31543	58
31544	58
31545	57
31546	57
31547	56
31548	55
31549	55
31550	54
31551	54
31552	53
31553	51
31554	50
31555	49
31556	48
31557	47
31558	46
31559	44
31560	43
31561	42
31562	40
31563	39
31564	38
31565	36
31566	35
31567	34
31568	33
31569	32
31570	28
31571	27
31572	27
31573	26
31574	25
31575	25
31576	24
31577	26
31578	29
31579	31
31580	33
31581	35
31582	37
31583	42
31584	46
31585	50
31586	55
31587	59
31588	63
31589	68
31590	70
31591	72
31592	74
31593	76
31594	78
31595	81
31596	80
31597	79
31598	78
31599	77
31600	76
31601	75
31602	74
31603	73
31604	71
31605	70
31606	69
31607	68
31608	67
31609	66
31610	65
31611	64
31612	63
31613	62
31614	61
31615	61
31616	60
31617	60
31618	59
31619	59
31620	58
31621	58
31622	57
31623	56
31624	55
31625	54
31626	53
31627	52
31628	50
31629	48
31630	47
31631	45
31632	44
31633	42
31634	41
31635	39
31636	38
31637	37
31638	35
31639	34
31640	33
31641	31
31642	30
31643	29
31644	28
31645	27
31646	26
31647	25
31648	24
31649	23
31650	22
31651	21
31652	21
31653	20
31654	20
31655	21
31656	21
31657	22
31658	22
31659	23
31660	28
31661	33
31662	38
31663	43
31664	48
31665	53
31666	56
31667	59
31668	62
31669	65
31670	68
31671	72
31672	75
31673	74
31674	73
31675	73
31676	72
31677	71
31678	70
31679	69
31680	67
31681	65
31682	63
31683	61
31684	60
31685	58
31686	56
31687	55
31688	53
31689	52
31690	51
31691	49
31692	49
31693	48
31694	48
31695	47
31696	47
31697	46
31698	46
31699	45
31700	45
31701	45
31702	44
31703	44
31704	43
31705	42
31706	41
31707	41
31708	40
31709	39
31710	38
31711	37
31712	35
31713	34
31714	33
31715	32
31716	31
31717	30
31718	29
31719	28
31720	28
31721	27
31722	26
31723	25
31724	25
31725	25
31726	24
31727	24
31728	24
31729	24
31730	25
31731	27
31732	28
31733	30
31734	32
31735	33
31736	35
31737	40
31738	46
31739	52
31740	57
31741	63
31742	69
31743	72
31744	76
31745	79
31746	83
31747	86
31748	90
31749	93
31750	93
31751	92
31752	92
31753	91
31754	91
31755	90
31756	89
31757	88
31758	87
31759	86
31760	85
31761	84
31762	84
31763	85
31764	86
31765	86
31766	87
31767	88
31768	88
31769	89
31770	90
31771	91
31772	92
31773	93
31774	94
31775	93
31776	92
31777	91
31778	89
31779	88
31780	87
31781	86
31782	82
31783	78
31784	75
31785	71
31786	68
31787	64
31788	62
31789	60
31790	58
31791	56
31792	54
31793	52
31794	51
31795	51
31796	51
31797	51
31798	51
31799	51
31800	51
31801	51
31802	52
31803	52
31804	52
31805	52
31806	52
31807	55
31808	58
31809	61
31810	63
31811	66
31812	69
31813	72
31814	75
31815	79
31816	83
31817	86
31818	90
31819	94
31820	93
31821	93
31822	93
31823	92
31824	92
31825	91
31826	90
31827	89
31828	88
31829	87
31830	86
31831	84
31832	83
31833	83
31834	82
31835	81
31836	80
31837	79
31838	79
31839	78
31840	78
31841	78
31842	77
31843	77
31844	77
31845	76
31846	75
31847	74
31848	73
31849	72
31850	71
31851	70
31852	69
31853	67
31854	65
31855	63
31856	62
31857	60
31858	59
31859	57
31860	56
31861	54
31862	53
31863	52
31864	50
31865	49
31866	48
31867	47
31868	46
31869	45
31870	44
31871	43
31872	42
31873	41
31874	40
31875	39
31876	38
31877	37
31878	37
31879	38
31880	38
31881	38
31882	39
31883	39
31884	44
31885	48
31886	52
31887	57
31888	61
31889	66
31890	69
31891	72
31892	76
31893	79
31894	82
31895	85
31896	89
31897	89
31898	89
31899	89
31900	89
31901	90
31902	90
31903	89
31904	87
31905	86
31906	85
31907	84
31908	83
31909	82
31910	80
31911	79
31912	78
31913	77
31914	75
31915	74
31916	73
31917	72
31918	71
31919	70
31920	69
31921	68
31922	67
31923	66
31924	65
31925	63
31926	62
31927	61
31928	60
31929	59
31930	57
31931	55
31932	54
31933	52
31934	50
31935	49
31936	47
31937	46
31938	44
31939	43
31940	42
31941	40
31942	39
31943	38
31944	37
31945	35
31946	34
31947	33
31948	32
31949	31
31950	30
31951	29
31952	28
31953	28
31954	29
31955	31
31956	33
31957	34
31958	36
31959	38
31960	39
31961	44
31962	50
31963	55
31964	60
31965	65
31966	70
31967	73
31968	76
31969	79
31970	82
31971	84
31972	87
31973	90
31974	89
31975	88
31976	88
31977	87
31978	86
31979	85
31980	83
31981	82
31982	80
31983	78
31984	77
31985	75
31986	74
31987	73
31988	73
31989	72
31990	71
31991	70
31992	70
31993	69
31994	69
31995	69
31996	68
31997	68
31998	67
31999	66
32000	66
32001	65
32002	64
32003	63
32004	62
32005	61
32006	59
32007	58
32008	56
32009	54
32010	53
32011	51
32012	49
32013	48
32014	46
32015	44
32016	43
32017	41
32018	40
32019	40
32020	39
32021	38
32022	37
32023	37
32024	36
32025	38
32026	39
32027	41
32028	42
32029	44
32030	46
32031	51
32032	56
32033	62
32034	67
32035	72
32036	78
32037	83
32038	85
32039	87
32040	89
32041	90
32042	92
32043	94
32044	93
32045	92
32046	91
32047	90
32048	89
32049	88
32050	86
32051	85
32052	83
32053	81
32054	80
32055	78
32056	77
32057	76
32058	75
32059	74
32060	73
32061	72
32062	72
32063	71
32064	71
32065	71
32066	71
32067	71
32068	71
32069	71
32070	70
32071	70
32072	69
32073	69
32074	68
32075	68
32076	66
32077	65
32078	63
32079	62
32080	60
32081	59
32082	57
32083	56
32084	54
32085	53
32086	51
32087	50
32088	48
32089	47
32090	46
32091	45
32092	44
32093	43
32094	42
32095	41
32096	41
32097	40
32098	40
32099	39
32100	39
32101	39
32102	41
32103	43
32104	45
32105	47
32106	49
32107	51
32108	56
32109	61
32110	66
32111	71
32112	76
32113	81
32114	83
32115	85
32116	87
32117	89
32118	91
32119	93
32120	95
32121	94
32122	94
32123	93
32124	93
32125	92
32126	92
32127	91
32128	90
32129	89
32130	89
32131	88
32132	87
32133	86
32134	86
32135	86
32136	85
32137	85
32138	85
32139	85
32140	84
32141	84
32142	84
32143	84
32144	83
32145	83
32146	82
32147	81
32148	80
32149	79
32150	78
32151	77
32152	76
32153	75
32154	73
32155	71
32156	69
32157	67
32158	66
32159	63
32160	61
32161	59
32162	57
32163	55
32164	53
32165	51
32166	48
32167	46
32168	43
32169	40
32170	37
32171	35
32172	33
32173	31
32174	29
32175	28
32176	26
32177	24
32178	26
32179	27
32180	29
32181	31
32182	32
32183	34
32184	36
32185	39
32186	42
32187	45
32188	49
32189	52
32190	55
32191	56
32192	57
32193	58
32194	59
32195	60
32196	61
32197	62
32198	61
32199	60
32200	59
32201	59
32202	58
32203	57
32204	56
32205	56
32206	55
32207	54
32208	54
32209	53
32210	53
32211	52
32212	52
32213	52
32214	52
32215	51
32216	51
32217	50
32218	50
32219	49
32220	49
32221	48
32222	48
32223	47
32224	46
32225	44
32226	43
32227	42
32228	41
32229	40
32230	38
32231	36
32232	34
32233	32
32234	31
32235	29
32236	27
32237	26
32238	24
32239	23
32240	21
32241	20
32242	19
32243	18
32244	18
32245	17
32246	16
32247	15
32248	15
32249	15
32250	15
32251	15
32252	15
32253	15
32254	15
32255	18
32256	20
32257	23
32258	25
32259	28
32260	31
32261	33
32262	37
32263	40
32264	43
32265	46
32266	50
32267	57
32268	57
32269	58
32270	58
32271	59
32272	60
32273	59
32274	58
32275	57
32276	56
32277	55
32278	55
32279	54
32280	53
32281	53
32282	52
32283	52
32284	51
32285	51
32286	51
32287	51
32288	50
32289	50
32290	50
32291	50
32292	50
32293	50
32294	49
32295	48
32296	48
32297	47
32298	47
32299	45
32300	44
32301	42
32302	41
32303	39
32304	38
32305	37
32306	35
32307	34
32308	33
32309	31
32310	30
32311	29
32312	28
32313	27
32314	26
32315	25
32316	24
32317	23
32318	23
32319	23
32320	23
32321	23
32322	24
32323	24
32324	24
32325	27
32326	31
32327	34
32328	37
32329	41
32330	44
32331	49
32332	53
32333	58
32334	62
32335	67
32336	72
32337	72
32338	73
32339	74
32340	75
32341	76
32342	76
32343	77
32344	76
32345	74
32346	72
32347	71
32348	69
32349	68
32350	66
32351	64
32352	63
32353	61
32354	60
32355	58
32356	56
32357	55
32358	54
32359	53
32360	52
32361	51
32362	50
32363	49
32364	49
32365	48
32366	48
32367	47
32368	46
32369	46
32370	45
32371	44
32372	43
32373	43
32374	42
32375	41
32376	40
32377	38
32378	37
32379	36
32380	34
32381	33
32382	31
32383	30
32384	28
32385	27
32386	25
32387	23
32388	22
32389	21
32390	20
32391	18
32392	17
32393	16
32394	15
32395	17
32396	19
32397	20
32398	22
32399	24
32400	26
32401	30
32402	34
32403	39
32404	43
32405	47
32406	52
32407	56
32408	59
32409	62
32410	64
32411	67
32412	70
32413	72
32414	71
32415	71
32416	70
32417	69
32418	69
32419	68
32420	67
32421	65
32422	63
32423	61
32424	59
32425	56
32426	54
32427	53
32428	52
32429	50
32430	49
32431	47
32432	46
32433	46
32434	45
32435	45
32436	44
32437	44
32438	43
32439	43
32440	42
32441	41
32442	40
32443	39
32444	38
32445	37
32446	36
32447	35
32448	33
32449	32
32450	30
32451	29
32452	28
32453	26
32454	25
32455	23
32456	22
32457	20
32458	19
32459	18
32460	17
32461	16
32462	15
32463	14
32464	13
32465	12
32466	11
32467	11
32468	10
32469	9
32470	9
32471	8
32472	9
32473	11
32474	12
32475	14
32476	15
32477	17
32478	22
32479	26
32480	31
32481	36
32482	40
32483	45
32484	50
32485	53
32486	57
32487	60
32488	63
32489	67
32490	70
32491	69
32492	68
32493	67
32494	65
32495	64
32496	63
32497	61
32498	59
32499	57
32500	55
32501	53
32502	51
32503	50
32504	48
32505	46
32506	45
32507	43
32508	41
32509	40
32510	39
32511	38
32512	37
32513	36
32514	35
32515	34
32516	33
32517	32
32518	31
32519	29
32520	28
32521	27
32522	26
32523	24
32524	22
32525	20
32526	18
32527	16
32528	15
32529	13
32530	12
32531	11
32532	9
32533	8
32534	7
32535	5
32536	5
32537	5
32538	5
32539	5
32540	5
32541	5
32542	5
32543	5
32544	5
32545	5
32546	5
32547	5
32548	5
32549	5
32550	6
32551	6
32552	7
32553	8
32554	8
32555	12
32556	16
32557	20
32558	24
32559	28
32560	32
32561	36
32562	39
32563	43
32564	46
32565	49
32566	53
32567	56
32568	56
32569	56
32570	56
32571	56
32572	56
32573	57
32574	55
32575	53
32576	52
32577	50
32578	49
32579	47
32580	46
32581	45
32582	44
32583	43
32584	42
32585	41
32586	40
32587	40
32588	40
32589	40
32590	41
32591	41
32592	41
32593	41
32594	41
32595	41
32596	41
32597	41
32598	40
32599	40
32600	39
32601	38
32602	37
32603	36
32604	35
32605	34
32606	33
32607	32
32608	31
32609	30
32610	29
32611	28
32612	27
32613	27
32614	26
32615	26
32616	25
32617	25
32618	24
32619	24
32620	24
32621	24
32622	24
32623	24
32624	24
32625	24
32626	24
32627	25
32628	25
32629	25
32630	26
32631	26
32632	29
32633	33
32634	36
32635	40
32636	43
32637	46
32638	51
32639	55
32640	59
32641	63
32642	67
32643	72
32644	76
32645	77
32646	78
32647	79
32648	80
32649	81
32650	82
32651	80
32652	78
32653	76
32654	74
32655	72
32656	71
32657	69
32658	68
32659	66
32660	65
32661	63
32662	62
32663	60
32664	59
32665	59
32666	58
32667	58
32668	57
32669	57
32670	57
32671	56
32672	56
32673	56
32674	55
32675	55
32676	55
32677	54
32678	52
32679	51
32680	50
32681	49
32682	48
32683	46
32684	45
32685	43
32686	42
32687	40
32688	38
32689	37
32690	36
32691	35
32692	34
32693	32
32694	31
32695	30
32696	29
32697	28
32698	27
32699	26
32700	24
32701	23
32702	22
32703	22
32704	21
32705	20
32706	19
32707	18
32708	17
32709	18
32710	19
32711	20
32712	21
32713	22
32714	23
32715	28
32716	34
32717	39
32718	45
32719	50
32720	56
32721	59
32722	62
32723	66
32724	69
32725	72
32726	76
32727	79
32728	78
32729	77
32730	77
32731	76
32732	75
32733	74
32734	73
32735	71
32736	69
32737	67
32738	65
32739	64
32740	62
32741	60
32742	59
32743	57
32744	56
32745	54
32746	52
32747	52
32748	51
32749	50
32750	50
32751	49
32752	48
32753	48
32754	47
32755	46
32756	46
32757	45
32758	44
32759	44
32760	42
32761	41
32762	40
32763	38
32764	37
32765	35
32766	34
32767	32
32768	31
32769	29
32770	28
32771	27
32772	25
32773	24
32774	22
32775	21
32776	20
32777	18
32778	17
32779	16
32780	15
32781	14
32782	13
32783	12
32784	11
32785	10
32786	9
32787	9
32788	8
32789	7
32790	7
32791	6
32792	9
32793	12
32794	15
32795	18
32796	21
32797	24
32798	30
32799	35
32800	41
32801	47
32802	52
32803	58
32804	64
32805	66
32806	68
32807	69
32808	71
32809	73
32810	75
32811	73
32812	70
32813	67
32814	64
32815	61
32816	59
32817	56
32818	54
32819	52
32820	50
32821	47
32822	45
32823	43
32824	42
32825	41
32826	40
32827	38
32828	37
32829	36
32830	35
32831	34
32832	32
32833	31
32834	30
32835	29
32836	28
32837	26
32838	24
32839	23
32840	21
32841	19
32842	18
32843	16
32844	15
32845	14
32846	12
32847	11
32848	10
32849	9
32850	8
32851	8
32852	7
32853	6
32854	6
32855	5
32856	5
32857	5
32858	5
32859	5
32860	5
32861	5
32862	5
32863	5
32864	5
32865	5
32866	5
32867	5
32868	5
32869	5
32870	5
32871	5
32872	5
32873	5
32874	5
32875	8
32876	11
32877	14
32878	17
32879	20
32880	23
32881	28
32882	32
32883	37
32884	41
32885	46
32886	50
32887	55
32888	56
32889	57
32890	58
32891	60
32892	61
32893	62
32894	60
32895	59
32896	57
32897	55
32898	53
32899	52
32900	50
32901	49
32902	47
32903	46
32904	45
32905	43
32906	42
32907	43
32908	44
32909	44
32910	45
32911	46
32912	47
32913	48
32914	48
32915	49
32916	50
32917	51
32918	52
32919	53
32920	52
32921	52
32922	52
32923	52
32924	52
32925	52
32926	51
32927	51
32928	50
32929	50
32930	49
32931	48
32932	48
32933	47
32934	47
32935	47
32936	46
32937	46
32938	45
32939	45
32940	45
32941	44
32942	44
32943	44
32944	43
32945	43
32946	43
32947	42
32948	42
32949	42
32950	41
32951	41
32952	43
32953	46
32954	48
32955	50
32956	52
32957	55
32958	59
32959	64
32960	68
32961	73
32962	78
32963	82
32964	87
32965	88
32966	90
32967	91
32968	92
32969	94
32970	93
32971	91
32972	90
32973	89
32974	88
32975	87
32976	85
32977	84
32978	83
32979	81
32980	80
32981	79
32982	77
32983	76
32984	76
32985	75
32986	74
32987	73
32988	73
32989	72
32990	72
32991	71
32992	71
32993	71
32994	70
32995	70
32996	69
32997	68
32998	67
32999	66
33000	65
33001	64
33002	62
33003	61
33004	60
33005	58
33006	57
33007	56
33008	55
33009	53
33010	52
33011	51
33012	50
33013	49
33014	48
33015	47
33016	46
33017	45
33018	44
33019	44
33020	43
33021	42
33022	41
33023	41
33024	40
33025	39
33026	38
33027	38
33028	38
33029	38
33030	38
33031	38
33032	38
33033	38
33034	42
33035	46
33036	50
33037	54
33038	58
33039	62
33040	65
33041	68
33042	72
33043	75
33044	79
33045	82
33046	86
33047	86
33048	86
33049	86
33050	86
33051	86
33052	86
33053	84
33054	83
33055	81
33056	80
33057	79
33058	77
33059	76
33060	75
33061	74
33062	72
33063	71
33064	70
33065	69
33066	68
33067	68
33068	67
33069	67
33070	66
33071	66
33072	65
33073	65
33074	64
33075	63
33076	63
33077	62
33078	62
33079	61
33080	59
33081	58
33082	57
33083	56
33084	55
33085	54
33086	53
33087	52
33088	50
33089	49
33090	48
33091	47
33092	46
33093	45
33094	44
33095	43
33096	42
33097	41
33098	40
33099	39
33100	38
33101	38
33102	37
33103	36
33104	35
33105	35
33106	34
33107	33
33108	33
33109	32
33110	32
33111	33
33112	35
33113	37
33114	39
33115	40
33116	42
33117	46
33118	51
33119	55
33120	60
33121	64
33122	69
33123	73
33124	76
33125	78
33126	81
33127	83
33128	86
33129	89
33130	87
33131	86
33132	84
33133	83
33134	81
33135	80
33136	78
33137	77
33138	75
33139	74
33140	73
33141	71
33142	70
33143	69
33144	69
33145	68
33146	68
33147	67
33148	67
33149	66
33150	66
33151	65
33152	65
33153	65
33154	64
33155	64
33156	63
33157	62
33158	61
33159	60
33160	59
33161	58
33162	57
33163	55
33164	54
33165	52
33166	51
33167	50
33168	48
33169	47
33170	46
33171	45
33172	44
33173	43
33174	42
33175	41
33176	40
33177	39
33178	38
33179	37
33180	36
33181	35
33182	34
33183	33
33184	33
33185	32
33186	31
33187	30
33188	31
33189	31
33190	32
33191	32
33192	33
33193	34
33194	39
33195	44
33196	49
33197	54
33198	59
33199	64
33200	68
33201	71
33202	75
33203	78
33204	82
33205	85
33206	89
33207	88
33208	87
33209	87
33210	86
33211	85
33212	84
33213	82
33214	80
33215	78
33216	76
33217	74
33218	72
33219	71
33220	69
33221	68
33222	67
33223	66
33224	65
33225	64
33226	64
33227	64
33228	64
33229	63
33230	63
33231	63
33232	62
33233	62
33234	61
33235	60
33236	59
33237	58
33238	58
33239	56
33240	55
33241	53
33242	52
33243	50
33244	49
33245	47
33246	46
33247	45
33248	43
33249	42
33250	41
33251	40
33252	39
33253	37
33254	36
33255	35
33256	34
33257	33
33258	32
33259	31
33260	30
33261	29
33262	28
33263	27
33264	26
33265	26
33266	26
33267	26
33268	26
33269	26
33270	26
33271	30
33272	34
33273	38
33274	42
33275	46
33276	51
33277	55
33278	60
33279	65
33280	69
33281	74
33282	79
33283	83
33284	84
33285	84
33286	84
33287	84
33288	85
33289	85
33290	82
33291	80
33292	77
33293	74
33294	72
33295	69
33296	68
33297	67
33298	66
33299	65
33300	63
33301	62
33302	61
33303	61
33304	60
33305	60
33306	60
33307	60
33308	59
33309	58
33310	56
33311	54
33312	52
33313	50
33314	48
33315	47
33316	43
33317	40
33318	37
33319	34
33320	31
33321	28
33322	27
33323	26
33324	24
33325	23
33326	21
33327	20
33328	20
33329	19
33330	19
33331	19
33332	18
33333	18
33334	18
33335	17
33336	16
33337	14
33338	13
33339	12
33340	11
33341	10
33342	10
33343	9
33344	8
33345	7
33346	6
33347	5
33348	9
33349	13
33350	16
33351	20
33352	24
33353	28
33354	35
33355	42
33356	49
33357	56
33358	63
33359	70
33360	71
33361	73
33362	75
33363	76
33364	78
33365	80
33366	82
33367	79
33368	77
33369	74
33370	72
33371	69
33372	67
33373	65
33374	63
33375	61
33376	59
33377	57
33378	55
33379	53
33380	54
33381	54
33382	55
33383	55
33384	56
33385	56
33386	57
33387	59
33388	60
33389	61
33390	62
33391	64
33392	63
33393	63
33394	62
33395	62
33396	61
33397	61
33398	60
33399	58
33400	56
33401	53
33402	51
33403	49
33404	47
33405	44
33406	42
33407	39
33408	37
33409	34
33410	32
33411	30
33412	27
33413	25
33414	22
33415	20
33416	17
33417	15
33418	14
33419	14
33420	13
33421	13
33422	13
33423	12
33424	16
33425	20
33426	24
33427	28
33428	32
33429	36
33430	40
33431	45
33432	51
33433	56
33434	61
33435	66
33436	71
33437	72
33438	72
33439	73
33440	73
33441	73
33442	74
33443	74
33444	73
33445	71
33446	69
33447	67
33448	65
33449	64
33450	63
33451	62
33452	61
33453	60
33454	59
33455	58
33456	58
33457	58
33458	58
33459	58
33460	57
33461	57
33462	57
33463	56
33464	55
33465	54
33466	53
33467	52
33468	51
33469	48
33470	46
33471	44
33472	42
33473	39
33474	37
33475	35
33476	32
33477	30
33478	27
33479	25
33480	22
33481	20
33482	19
33483	17
33484	16
33485	15
33486	13
33487	12
33488	12
33489	12
33490	11
33491	11
33492	11
33493	10
33494	10
33495	13
33496	16
33497	19
33498	22
33499	25
33500	28
33501	34
33502	40
33503	46
33504	52
33505	58
33506	64
33507	70
33508	72
33509	75
33510	78
33511	81
33512	84
33513	87
33514	85
33515	82
33516	80
33517	77
33518	74
33519	72
33520	69
33521	67
33522	64
33523	62
33524	59
33525	57
33526	54
33527	53
33528	52
33529	50
33530	49
33531	48
33532	47
33533	46
33534	45
33535	44
33536	43
33537	42
33538	41
33539	40
33540	38
33541	36
33542	35
33543	33
33544	31
33545	30
33546	28
33547	27
33548	25
33549	24
33550	22
33551	21
33552	20
33553	20
33554	19
33555	19
33556	18
33557	18
33558	17
33559	16
33560	16
33561	15
33562	14
33563	14
33564	13
33565	14
33566	15
33567	15
33568	16
33569	17
33570	18
33571	18
33572	24
33573	30
33574	36
33575	42
33576	48
33577	53
33578	57
33579	62
33580	66
33581	70
33582	74
33583	78
33584	77
33585	75
33586	74
33587	72
33588	71
33589	70
33590	67
33591	64
33592	62
33593	59
33594	57
33595	54
33596	53
33597	52
33598	51
33599	50
33600	49
33601	48
33602	47
33603	46
33604	46
33605	45
33606	45
33607	44
33608	44
33609	43
33610	42
33611	40
33612	39
33613	38
33614	37
33615	35
33616	34
33617	32
33618	31
33619	29
33620	28
33621	26
33622	25
33623	23
33624	22
33625	20
33626	19
33627	18
33628	16
33629	15
33630	14
33631	13
33632	12
33633	11
33634	10
33635	10
33636	9
33637	9
33638	8
33639	8
33640	7
33641	12
33642	17
33643	22
33644	27
33645	32
33646	37
33647	43
33648	48
33649	54
33650	60
33651	66
33652	72
33653	77
33654	78
33655	78
33656	79
33657	79
33658	80
33659	80
33660	77
33661	74
33662	71
33663	69
33664	66
33665	63
33666	60
33667	57
33668	54
33669	51
33670	48
33671	45
33672	42
33673	41
33674	39
33675	38
33676	37
33677	35
33678	34
33679	33
33680	32
33681	31
33682	30
33683	29
33684	29
33685	28
33686	26
33687	25
33688	23
33689	22
33690	20
33691	19
33692	17
33693	16
33694	14
33695	13
33696	11
33697	9
33698	8
33699	7
33700	7
33701	6
33702	6
33703	5
33704	5
33705	5
33706	5
33707	5
33708	5
33709	5
33710	5
33711	6
33712	7
33713	8
33714	9
33715	10
33716	11
33717	12
33718	18
33719	23
33720	29
33721	34
33722	40
33723	46
33724	49
33725	53
33726	57
33727	60
33728	64
33729	68
33730	71
33731	70
33732	70
33733	69
33734	68
33735	67
33736	67
33737	65
33738	63
33739	61
33740	59
33741	57
33742	55
33743	54
33744	54
33745	53
33746	53
33747	52
33748	52
33749	52
33750	52
33751	52
33752	52
33753	52
33754	52
33755	52
33756	52
33757	52
33758	51
33759	51
33760	51
33761	50
33762	50
33763	49
33764	48
33765	47
33766	45
33767	44
33768	43
33769	42
33770	41
33771	39
33772	38
33773	37
33774	36
33775	35
33776	34
33777	33
33778	32
33779	31
33780	30
33781	29
33782	28
33783	28
33784	27
33785	26
33786	26
33787	25
33788	28
33789	30
33790	33
33791	35
33792	37
33793	40
33794	42
33795	49
33796	56
33797	62
33798	69
33799	76
33800	82
33801	84
33802	85
33803	87
33804	89
33805	90
33806	92
33807	90
33808	88
33809	86
33810	84
33811	82
33812	80
33813	78
33814	76
33815	74
33816	72
33817	70
33818	68
33819	66
33820	65
33821	64
33822	63
33823	62
33824	62
33825	61
33826	60
33827	59
33828	59
33829	58
33830	57
33831	57
33832	56
33833	54
33834	53
33835	52
33836	50
33837	49
33838	48
33839	46
33840	45
33841	44
33842	42
33843	41
33844	40
33845	38
33846	37
33847	36
33848	35
33849	33
33850	32
33851	31
33852	30
33853	29
33854	28
33855	26
33856	25
33857	24
33858	23
33859	22
33860	22
33861	21
33862	20
33863	19
33864	19
33865	23
33866	27
33867	31
33868	35
33869	39
33870	43
33871	48
33872	53
33873	59
33874	64
33875	69
33876	74
33877	80
33878	80
33879	81
33880	82
33881	83
33882	84
33883	85
33884	83
33885	81
33886	79
33887	78
33888	76
33889	74
33890	72
33891	70
33892	68
33893	66
33894	64
33895	62
33896	60
33897	58
33898	57
33899	56
33900	55
33901	54
33902	53
33903	52
33904	51
33905	51
33906	50
33907	49
33908	48
33909	47
33910	46
33911	45
33912	43
33913	42
33914	41
33915	40
33916	39
33917	38
33918	38
33919	37
33920	36
33921	35
33922	35
33923	34
33924	32
33925	31
33926	30
33927	29
33928	28
33929	28
33930	27
33931	26
33932	26
33933	25
33934	25
33935	28
33936	32
33937	35
33938	39
33939	43
33940	46
33941	50
33942	55
33943	60
33944	66
33945	71
33946	76
33947	82
33948	82
33949	83
33950	83
33951	84
33952	84
33953	85
33954	86
33955	83
33956	81
33957	78
33958	76
33959	73
33960	71
33961	68
33962	66
33963	64
33964	62
33965	60
33966	57
33967	57
33968	56
33969	55
33970	54
33971	53
33972	53
33973	52
33974	51
33975	51
33976	50
33977	50
33978	49
33979	49
33980	48
33981	47
33982	46
33983	44
33984	43
33985	42
33986	41
33987	39
33988	37
33989	35
33990	33
33991	32
33992	30
33993	28
33994	26
33995	24
33996	22
33997	20
33998	18
33999	18
34000	18
34001	19
34002	19
34003	19
34004	19
34005	20
34006	25
34007	31
34008	37
34009	43
34010	49
34011	54
34012	59
34013	64
34014	68
34015	73
34016	77
34017	82
34018	87
34019	86
34020	86
34021	85
34022	85
34023	84
34024	84
34025	81
34026	79
34027	76
34028	74
34029	71
34030	69
34031	67
34032	66
34033	65
34034	64
34035	62
34036	61
34037	60
34038	59
34039	58
34040	58
34041	57
34042	56
34043	56
34044	54
34045	53
34046	51
34047	50
34048	48
34049	47
34050	45
34051	43
34052	40
34053	38
34054	36
34055	33
34056	31
34057	30
34058	28
34059	27
34060	26
34061	24
34062	23
34063	22
34064	21
34065	20
34066	20
34067	19
34068	18
34069	17
34070	16
34071	15
34072	14
34073	13
34074	12
34075	11
34076	13
34077	16
34078	18
34079	21
34080	23
34081	26
34082	28
34083	35
34084	43
34085	50
34086	57
34087	64
34088	71
34089	74
34090	76
34091	79
34092	82
34093	84
34094	87
34095	85
34096	83
34097	82
34098	80
34099	78
34100	76
34101	75
34102	72
34103	70
34104	67
34105	65
34106	62
34107	60
34108	58
34109	57
34110	55
34111	53
34112	52
34113	50
34114	49
34115	48
34116	47
34117	46
34118	45
34119	45
34120	44
34121	43
34122	42
34123	42
34124	41
34125	40
34126	39
34127	38
34128	37
34129	35
34130	34
34131	33
34132	31
34133	30
34134	28
34135	25
34136	23
34137	20
34138	18
34139	15
34140	14
34141	12
34142	11
34143	9
34144	8
34145	6
34146	5
34147	5
34148	5
34149	5
34150	5
34151	5
34152	5
34153	9
34154	13
34155	16
34156	20
34157	24
34158	28
34159	34
34160	40
34161	46
34162	52
34163	58
34164	64
34165	70
34166	72
34167	74
34168	75
34169	77
34170	79
34171	81
34172	79
34173	76
34174	74
34175	72
34176	69
34177	67
34178	65
34179	62
34180	59
34181	56
34182	54
34183	51
34184	48
34185	47
34186	47
34187	46
34188	46
34189	45
34190	45
34191	44
34192	44
34193	44
34194	44
34195	44
34196	43
34197	43
34198	42
34199	40
34200	39
34201	37
34202	36
34203	35
34204	33
34205	31
34206	29
34207	27
34208	25
34209	23
34210	21
34211	20
34212	19
34213	18
34214	17
34215	16
34216	15
34217	15
34218	15
34219	15
34220	16
34221	16
34222	16
34223	16
34224	15
34225	15
34226	15
34227	15
34228	14
34229	14
34230	14
34231	14
34232	14
34233	14
34234	14
34235	14
34236	18
34237	22
34238	27
34239	31
34240	35
34241	40
34242	44
34243	49
34244	54
34245	59
34246	64
34247	69
34248	74
34249	74
34250	74
34251	74
34252	73
34253	73
34254	73
34255	71
34256	68
34257	66
34258	64
34259	61
34260	59
34261	57
34262	55
34263	53
34264	51
34265	49
34266	47
34267	45
34268	44
34269	44
34270	43
34271	42
34272	41
34273	41
34274	40
34275	39
34276	38
34277	36
34278	35
34279	34
34280	33
34281	30
34282	28
34283	26
34284	24
34285	21
34286	20
34287	19
34288	18
34289	17
34290	16
34291	15
34292	14
34293	13
34294	13
34295	13
34296	12
34297	12
34298	11
34299	11
34300	10
34301	9
34302	8
34303	7
34304	7
34305	6
34306	6
34307	5
34308	5
34309	5
34310	5
34311	5
34312	7
34313	9
34314	11
34315	14
34316	16
34317	18
34318	24
34319	29
34320	35
34321	40
34322	46
34323	51
34324	57
34325	59
34326	62
34327	64
34328	66
34329	69
34330	71
34331	69
34332	67
34333	65
34334	62
34335	60
34336	58
34337	56
34338	53
34339	50
34340	47
34341	44
34342	41
34343	38
34344	38
34345	37
34346	37
34347	36
34348	36
34349	36
34350	36
34351	37
34352	37
34353	38
34354	39
34355	39
34356	40
34357	39
34358	38
34359	38
34360	37
34361	36
34362	36
34363	34
34364	32
34365	30
34366	28
34367	26
34368	24
34369	22
34370	20
34371	18
34372	16
34373	14
34374	12
34375	10
34376	9
34377	8
34378	7
34379	6
34380	6
34381	5
34382	5
34383	5
34384	5
34385	5
34386	5
34387	5
34388	5
34389	5
34390	5
34391	5
34392	5
34393	5
34394	5
34395	5
34396	6
34397	7
34398	8
34399	9
34400	10
34401	11
34402	14
34403	17
34404	21
34405	24
34406	27
34407	31
34408	32
34409	33
34410	34
34411	36
34412	37
34413	38
34414	37
34415	36
34416	35
34417	34
34418	33
34419	32
34420	31
34421	29
34422	27
34423	26
34424	24
34425	23
34426	21
34427	21
34428	20
34429	19
34430	19
34431	18
34432	17
34433	17
34434	17
34435	17
34436	17
34437	17
34438	17
34439	17
34440	16
34441	16
34442	15
34443	15
34444	15
34445	14
34446	13
34447	12
34448	12
34449	11
34450	10
34451	9
34452	8
34453	8
34454	7
34455	6
34456	6
34457	5
34458	5
34459	5
34460	5
34461	5
34462	5
34463	5
34464	5
34465	5
34466	5
34467	5
34468	5
34469	5
34470	5
34471	5
34472	5
34473	6
34474	7
34475	8
34476	9
34477	10
34478	13
34479	17
34480	20
34481	23
34482	26
34483	29
34484	32
34485	34
34486	37
34487	39
34488	42
34489	44
34490	47
34491	46
34492	46
34493	46
34494	46
34495	46
34496	46
34497	45
34498	45
34499	44
34500	43
34501	42
34502	42
34503	41
34504	41
34505	41
34506	42
34507	42
34508	42
34509	42
34510	43
34511	44
34512	44
34513	45
34514	46
34515	46
34516	47
34517	48
34518	48
34519	49
34520	49
34521	50
34522	50
34523	50
34524	50
34525	50
34526	50
34527	50
34528	50
34529	51
34530	50
34531	50
34532	50
34533	49
34534	49
34535	49
34536	48
34537	47
34538	46
34539	45
34540	44
34541	44
34542	44
34543	44
34544	44
34545	44
34546	44
34547	44
34548	44
34549	47
34550	50
34551	53
34552	56
34553	59
34554	61
34555	63
34556	65
34557	67
34558	69
34559	70
34560	72
34561	74
34562	74
34563	73
34564	73
34565	72
34566	72
34567	71
34568	70
34569	69
34570	67
34571	66
34572	65
34573	64
34574	63
34575	62
34576	61
34577	60
34578	59
34579	59
34580	58
34581	57
34582	57
34583	57
34584	56
34585	56
34586	56
34587	55
34588	54
34589	54
34590	53
34591	53
34592	52
34593	51
34594	50
34595	49
34596	48
34597	47
34598	46
34599	45
34600	45
34601	44
34602	43
34603	43
34604	42
34605	42
34606	42
34607	42
34608	42
34609	42
34610	42
34611	42
34612	42
34613	43
34614	45
34615	46
34616	48
34617	49
34618	51
34619	55
34620	59
34621	63
34622	67
34623	71
34624	75
34625	79
34626	82
34627	84
34628	87
34629	89
34630	92
34631	95
34632	94
34633	93
34634	93
34635	92
34636	92
34637	91
34638	90
34639	90
34640	89
34641	88
34642	87
34643	86
34644	85
34645	85
34646	84
34647	84
34648	83
34649	83
34650	83
34651	83
34652	83
34653	83
34654	83
34655	83
34656	84
34657	84
34658	84
34659	83
34660	83
34661	83
34662	83
34663	82
34664	81
34665	80
34666	79
34667	78
34668	77
34669	76
34670	74
34671	73
34672	72
34673	71
34674	70
34675	69
34676	68
34677	66
34678	65
34679	64
34680	62
34681	61
34682	60
34683	59
34684	58
34685	57
34686	56
34687	55
34688	54
34689	53
34690	55
34691	57
34692	59
34693	61
34694	63
34695	65
34696	68
34697	71
34698	74
34699	77
34700	80
34701	83
34702	83
34703	83
34704	83
34705	83
34706	83
34707	83
34708	83
34709	81
34710	80
34711	79
34712	77
34713	76
34714	75
34715	73
34716	72
34717	71
34718	69
34719	68
34720	67
34721	66
34722	65
34723	64
34724	63
34725	62
34726	61
34727	60
34728	59
34729	58
34730	58
34731	57
34732	56
34733	56
34734	55
34735	54
34736	53
34737	53
34738	52
34739	51
34740	50
34741	49
34742	48
34743	47
34744	46
34745	45
34746	44
34747	43
34748	42
34749	41
34750	40
34751	39
34752	38
34753	37
34754	36
34755	35
34756	34
34757	34
34758	33
34759	32
34760	32
34761	31
34762	31
34763	30
34764	30
34765	30
34766	29
34767	28
34768	28
34769	27
34770	26
34771	26
34772	25
34773	27
34774	29
34775	31
34776	33
34777	34
34778	36
34779	40
34780	45
34781	49
34782	53
34783	57
34784	61
34785	66
34786	68
34787	70
34788	72
34789	74
34790	76
34791	78
34792	77
34793	76
34794	75
34795	74
34796	73
34797	72
34798	71
34799	69
34800	68
34801	67
34802	65
34803	64
34804	63
34805	61
34806	60
34807	59
34808	58
34809	57
34810	56
34811	55
34812	54
34813	53
34814	52
34815	51
34816	50
34817	50
34818	48
34819	47
34820	46
34821	45
34822	44
34823	43
34824	41
34825	39
34826	38
34827	36
34828	35
34829	33
34830	31
34831	30
34832	28
34833	26
34834	24
34835	23
34836	21
34837	20
34838	18
34839	17
34840	16
34841	14
34842	13
34843	12
34844	11
34845	10
34846	9
34847	8
34848	8
34849	7
34850	6
34851	6
34852	6
34853	5
34854	5
34855	5
34856	7
34857	9
34858	11
34859	13
34860	15
34861	17
34862	22
34863	26
34864	30
34865	34
34866	39
34867	43
34868	47
34869	49
34870	51
34871	52
34872	54
34873	56
34874	57
34875	55
34876	54
34877	52
34878	50
34879	48
34880	47
34881	45
34882	43
34883	41
34884	39
34885	37
34886	35
34887	33
34888	33
34889	34
34890	34
34891	35
34892	35
34893	36
34894	38
34895	39
34896	41
34897	43
34898	45
34899	46
34900	48
34901	49
34902	50
34903	52
34904	53
34905	54
34906	55
34907	55
34908	55
34909	54
34910	54
34911	54
34912	54
34913	53
34914	52
34915	51
34916	50
34917	49
34918	48
34919	47
34920	46
34921	45
34922	44
34923	44
34924	43
34925	42
34926	43
34927	43
34928	44
34929	44
34930	45
34931	46
34932	46
34933	50
34934	53
34935	57
34936	60
34937	64
34938	67
34939	71
34940	75
34941	78
34942	82
34943	85
34944	89
34945	93
34946	93
34947	93
34948	93
34949	94
34950	94
34951	94
34952	93
34953	91
34954	90
34955	89
34956	88
34957	86
34958	84
34959	82
34960	80
34961	78
34962	76
34963	74
34964	73
34965	71
34966	70
34967	69
34968	68
34969	67
34970	66
34971	66
34972	66
34973	66
34974	66
34975	65
34976	65
34977	63
34978	62
34979	60
34980	58
34981	56
34982	55
34983	52
34984	50
34985	47
34986	45
34987	43
34988	40
34989	39
34990	38
34991	37
34992	36
34993	35
34994	34
34995	33
34996	32
34997	31
34998	30
34999	29
35000	28
35001	27
35002	26
35003	24
35004	23
35005	22
35006	21
35007	20
35008	19
35009	21
35010	23
35011	25
35012	27
35013	29
35014	31
35015	35
35016	39
35017	43
35018	48
35019	52
35020	56
35021	57
35022	58
35023	59
35024	59
35025	60
35026	61
35027	62
35028	61
35029	60
35030	58
35031	57
35032	56
35033	55
35034	54
35035	53
35036	52
35037	51
35038	50
35039	49
35040	48
35041	47
35042	46
35043	45
35044	44
35045	43
35046	43
35047	42
35048	41
35049	41
35050	40
35051	40
35052	39
35053	39
35054	39
35055	38
35056	38
35057	38
35058	38
35059	37
35060	36
35061	35
35062	34
35063	33
35064	32
35065	31
35066	30
35067	29
35068	28
35069	27
35070	26
35071	25
35072	24
35073	24
35074	25
35075	25
35076	25
35077	25
35078	25
35079	25
35080	24
35081	24
35082	24
35083	23
35084	23
35085	22
35086	22
35087	21
35088	20
35089	19
35090	18
35091	18
35092	20
35093	22
35094	24
35095	26
35096	28
35097	31
35098	34
35099	38
35100	42
35101	46
35102	49
35103	53
35104	57
35105	58
35106	59
35107	60
35108	61
35109	62
35110	63
35111	61
35112	59
35113	58
35114	56
35115	54
35116	53
35117	51
35118	50
35119	48
35120	47
35121	45
35122	44
35123	42
35124	41
35125	41
35126	40
35127	39
35128	39
35129	38
35130	37
35131	37
35132	36
35133	36
35134	35
35135	35
35136	34
35137	33
35138	31
35139	30
35140	28
35141	27
35142	25
35143	24
35144	22
35145	21
35146	20
35147	18
35148	17
35149	16
35150	16
35151	15
35152	15
35153	14
35154	13
35155	13
35156	12
35157	11
35158	11
35159	10
35160	9
35161	9
35162	8
35163	8
35164	7
35165	7
35166	6
35167	6
35168	6
35169	6
35170	6
35171	7
35172	7
35173	7
35174	8
35175	11
35176	15
35177	18
35178	22
35179	25
35180	29
35181	33
35182	37
35183	40
35184	44
35185	48
35186	52
35187	56
35188	57
35189	58
35190	59
35191	60
35192	61
35193	62
35194	61
35195	60
35196	59
35197	57
35198	56
35199	55
35200	54
35201	53
35202	51
35203	50
35204	48
35205	47
35206	46
35207	46
35208	46
35209	46
35210	46
35211	46
35212	46
35213	46
35214	46
35215	47
35216	47
35217	47
35218	47
35219	47
35220	46
35221	45
35222	44
35223	43
35224	42
35225	42
35226	41
35227	40
35228	39
35229	39
35230	38
35231	37
35232	37
35233	36
35234	35
35235	35
35236	34
35237	33
35238	33
35239	31
35240	30
35241	29
35242	28
35243	27
35244	25
35245	25
35246	24
35247	23
35248	23
35249	22
35250	22
35251	21
35252	24
35253	27
35254	29
35255	32
35256	35
35257	38
35258	43
35259	48
35260	53
35261	58
35262	63
35263	68
35264	73
35265	76
35266	78
35267	81
35268	84
35269	87
35270	90
35271	89
35272	89
35273	88
35274	87
35275	87
35276	86
35277	83
35278	81
35279	78
35280	76
35281	73
35282	71
35283	69
35284	66
35285	64
35286	61
35287	59
35288	56
35289	54
35290	54
35291	54
35292	54
35293	54
35294	54
35295	54
35296	55
35297	54
35298	53
35299	52
35300	51
35301	50
35302	49
35303	44
35304	40
35305	36
35306	32
35307	28
35308	24
35309	21
35310	19
35311	16
35312	13
35313	11
35314	8
35315	6
35316	6
35317	6
35318	6
35319	6
35320	6
35321	6
35322	7
35323	7
35324	8
35325	8
35326	8
35327	9
35328	9
35329	10
35330	10
35331	11
35332	11
35333	11
35334	12
35335	16
35336	20
35337	24
35338	28
35339	32
35340	36
35341	41
35342	45
35343	49
35344	53
35345	57
35346	61
35347	66
35348	66
35349	67
35350	68
35351	68
35352	69
35353	70
35354	69
35355	68
35356	67
35357	66
35358	65
35359	64
35360	64
35361	62
35362	61
35363	60
35364	59
35365	58
35366	57
35367	55
35368	54
35369	53
35370	52
35371	51
35372	49
35373	49
35374	48
35375	47
35376	46
35377	46
35378	45
35379	44
35380	43
35381	42
35382	41
35383	41
35384	40
35385	39
35386	37
35387	35
35388	34
35389	32
35390	31
35391	29
35392	28
35393	26
35394	24
35395	22
35396	20
35397	18
35398	17
35399	15
35400	14
35401	13
35402	12
35403	11
35404	9
35405	9
35406	8
35407	7
35408	7
35409	6
35410	5
35411	5
35412	5
35413	5
35414	5
35415	5
35416	5
35417	5
35418	6
35419	8
35420	9
35421	11
35422	12
35423	14
35424	16
35425	21
35426	26
35427	31
35428	36
35429	41
35430	46
35431	47
35432	49
35433	51
35434	53
35435	54
35436	56
35437	55
35438	53
35439	52
35440	51
35441	49
35442	48
35443	47
35444	45
35445	43
35446	41
35447	40
35448	38
35449	36
35450	35
35451	35
35452	34
35453	33
35454	32
35455	31
35456	30
35457	29
35458	29
35459	28
35460	28
35461	27
35462	27
35463	26
35464	26
35465	25
35466	25
35467	24
35468	24
35469	23
35470	22
35471	21
35472	20
35473	19
35474	19
35475	18
35476	17
35477	16
35478	15
35479	14
35480	12
35481	11
35482	11
35483	10
35484	10
35485	9
35486	9
35487	8
35488	8
35489	8
35490	8
35491	8
35492	8
35493	8
35494	8
35495	8
35496	8
35497	8
35498	8
35499	8
35500	8
35501	10
35502	12
35503	14
35504	16
35505	18
35506	20
35507	23
35508	28
35509	34
35510	39
35511	45
35512	50
35513	56
35514	58
35515	61
35516	64
35517	67
35518	69
35519	72
35520	75
35521	74
35522	72
35523	71
35524	70
35525	69
35526	68
35527	66
35528	64
35529	62
35530	61
35531	59
35532	57
35533	57
35534	58
35535	58
35536	59
35537	59
35538	59
35539	60
35540	61
35541	62
35542	64
35543	65
35544	66
35545	68
35546	68
35547	67
35548	67
35549	67
35550	67
35551	67
35552	67
35553	65
35554	63
35555	61
35556	59
35557	58
35558	56
35559	54
35560	53
35561	52
35562	50
35563	49
35564	47
35565	47
35566	47
35567	47
35568	47
35569	47
35570	47
35571	47
35572	46
35573	46
35574	46
35575	45
35576	45
35577	45
35578	45
35579	44
35580	44
35581	44
35582	44
35583	44
35584	44
35585	48
35586	52
35587	56
35588	60
35589	64
35590	68
35591	72
35592	76
35593	80
35594	84
35595	88
35596	92
35597	92
35598	91
35599	91
35600	90
35601	90
35602	90
35603	89
35604	87
35605	85
35606	83
35607	81
35608	79
35609	78
35610	76
35611	74
35612	73
35613	71
35614	69
35615	68
35616	66
35617	65
35618	63
35619	62
35620	61
35621	60
35622	58
35623	57
35624	56
35625	54
35626	53
35627	51
35628	50
35629	48
35630	46
35631	43
35632	41
35633	39
35634	37
35635	34
35636	31
35637	28
35638	26
35639	23
35640	20
35641	18
35642	16
35643	14
35644	12
35645	10
35646	8
35647	6
35648	6
35649	5
35650	5
35651	5
35652	5
35653	5
35654	5
35655	5
35656	5
35657	5
35658	5
35659	5
35660	5
35661	5
35662	5
35663	5
35664	5
35665	6
35666	6
35667	8
35668	11
35669	14
35670	17
35671	19
35672	22
35673	26
35674	29
35675	33
35676	37
35677	40
35678	44
35679	48
35680	48
35681	49
35682	50
35683	51
35684	52
35685	52
35686	51
35687	49
35688	48
35689	46
35690	45
35691	43
35692	42
35693	41
35694	40
35695	39
35696	38
35697	37
35698	37
35699	36
35700	36
35701	36
35702	36
35703	36
35704	36
35705	35
35706	35
35707	35
35708	35
35709	35
35710	34
35711	34
35712	34
35713	33
35714	32
35715	31
35716	31
35717	30
35718	29
35719	28
35720	27
35721	26
35722	25
35723	24
35724	24
35725	23
35726	23
35727	23
35728	22
35729	22
35730	22
35731	22
35732	22
35733	22
35734	22
35735	22
35736	22
35737	21
35738	21
35739	21
35740	21
35741	21
35742	21
35743	21
35744	22
35745	22
35746	23
35747	24
35748	25
35749	26
35750	31
35751	35
35752	40
35753	44
35754	49
35755	54
35756	57
35757	61
35758	65
35759	69
35760	73
35761	77
35762	81
35763	81
35764	81
35765	81
35766	81
35767	82
35768	82
35769	80
35770	79
35771	78
35772	76
35773	75
35774	73
35775	72
35776	71
35777	70
35778	69
35779	68
35780	66
35781	65
35782	65
35783	65
35784	64
35785	64
35786	64
35787	63
35788	63
35789	62
35790	62
35791	61
35792	61
35793	60
35794	60
35795	59
35796	58
35797	57
35798	55
35799	54
35800	53
35801	52
35802	51
35803	50
35804	49
35805	48
35806	47
35807	46
35808	44
35809	43
35810	42
35811	41
35812	40
35813	39
35814	38
35815	37
35816	36
35817	35
35818	35
35819	34
35820	33
35821	33
35822	33
35823	32
35824	32
35825	32
35826	31
35827	34
35828	37
35829	40
35830	42
35831	45
35832	48
35833	53
35834	57
35835	62
35836	67
35837	72
35838	76
35839	81
35840	83
35841	85
35842	86
35843	88
35844	90
35845	92
35846	90
35847	88
35848	87
35849	85
35850	83
35851	82
35852	80
35853	79
35854	77
35855	76
35856	74
35857	73
35858	71
35859	70
35860	70
35861	69
35862	68
35863	67
35864	67
35865	66
35866	66
35867	65
35868	65
35869	65
35870	64
35871	64
35872	63
35873	62
35874	61
35875	60
35876	59
35877	59
35878	57
35879	56
35880	55
35881	54
35882	52
35883	51
35884	50
35885	49
35886	48
35887	46
35888	45
35889	44
35890	43
35891	42
35892	41
35893	40
35894	39
35895	38
35896	37
35897	36
35898	35
35899	34
35900	33
35901	32
35902	31
35903	30
35904	30
35905	29
35906	28
35907	27
35908	27
35909	26
35910	30
35911	34
35912	37
35913	41
35914	45
35915	49
35916	54
35917	59
35918	65
35919	70
35920	76
35921	81
35922	87
35923	88
35924	89
35925	90
35926	91
35927	92
35928	93
35929	91
35930	90
35931	88
35932	87
35933	85
35934	84
35935	83
35936	81
35937	79
35938	77
35939	76
35940	74
35941	72
35942	71
35943	70
35944	69
35945	69
35946	68
35947	67
35948	66
35949	66
35950	65
35951	65
35952	64
35953	63
35954	63
35955	61
35956	60
35957	59
35958	57
35959	56
35960	55
35961	53
35962	51
35963	49
35964	48
35965	46
35966	44
35967	43
35968	40
35969	38
35970	36
35971	34
35972	32
35973	30
35974	28
35975	26
35976	24
35977	22
35978	20
35979	18
35980	17
35981	15
35982	14
35983	12
35984	11
35985	10
35986	8
35987	8
35988	7
35989	6
35990	6
35991	5
35992	5
35993	6
35994	8
35995	10
35996	11
35997	13
35998	15
35999	16
36000	22
36001	28
36002	34
36003	40
36004	46
36005	52
36006	54
36007	57
36008	60
36009	63
36010	66
36011	69
36012	68
36013	66
36014	65
36015	64
36016	63
36017	61
36018	60
36019	58
36020	56
36021	54
36022	52
36023	51
36024	49
36025	48
36026	48
36027	47
36028	46
36029	46
36030	45
36031	45
36032	45
36033	45
36034	44
36035	44
36036	44
36037	44
36038	43
36039	43
36040	42
36041	41
36042	40
36043	39
36044	38
36045	37
36046	36
36047	35
36048	33
36049	32
36050	31
36051	30
36052	29
36053	28
36054	27
36055	26
36056	25
36057	24
36058	24
36059	24
36060	23
36061	23
36062	22
36063	22
36064	22
36065	21
36066	21
36067	21
36068	21
36069	21
36070	21
36071	21
36072	21
36073	22
36074	22
36075	22
36076	26
36077	29
36078	32
36079	35
36080	39
36081	42
36082	45
36083	52
36084	58
36085	65
36086	71
36087	77
36088	84
36089	85
36090	87
36091	88
36092	89
36093	91
36094	92
36095	93
36096	92
36097	90
36098	88
36099	87
36100	85
36101	84
36102	82
36103	80
36104	79
36105	77
36106	76
36107	74
36108	74
36109	73
36110	73
36111	73
36112	72
36113	72
36114	72
36115	71
36116	71
36117	71
36118	71
36119	71
36120	70
36121	69
36122	68
36123	67
36124	66
36125	65
36126	64
36127	63
36128	62
36129	60
36130	59
36131	57
36132	56
36133	54
36134	53
36135	52
36136	50
36137	49
36138	48
36139	47
36140	46
36141	45
36142	44
36143	43
36144	42
36145	42
36146	41
36147	40
36148	39
36149	38
36150	37
36151	37
36152	36
36153	36
36154	35
36155	35
36156	35
36157	35
36158	35
36159	35
36160	39
36161	43
36162	48
36163	52
36164	57
36165	61
36166	67
36167	72
36168	77
36169	82
36170	87
36171	93
36172	92
36173	92
36174	92
36175	92
36176	92
36177	92
36178	92
36179	90
36180	89
36181	88
36182	86
36183	85
36184	84
36185	83
36186	82
36187	81
36188	80
36189	79
36190	78
36191	77
36192	76
36193	76
36194	75
36195	75
36196	74
36197	74
36198	73
36199	73
36200	72
36201	72
36202	71
36203	71
36204	70
36205	69
36206	67
36207	66
36208	65
36209	64
36210	63
36211	61
36212	59
36213	57
36214	55
36215	53
36216	52
36217	50
36218	49
36219	47
36220	45
36221	44
36222	42
36223	41
36224	39
36225	38
36226	37
36227	35
36228	34
36229	32
36230	31
36231	30
36232	29
36233	29
36234	28
36235	27
36236	26
36237	25
36238	25
36239	24
36240	24
36241	23
36242	22
36243	24
36244	25
36245	27
36246	29
36247	30
36248	32
36249	36
36250	41
36251	45
36252	50
36253	55
36254	59
36255	64
36256	67
36257	69
36258	72
36259	75
36260	78
36261	81
36262	81
36263	81
36264	80
36265	80
36266	80
36267	75
36268	74
36269	73
36270	72
36271	71
36272	70
36273	69
36274	69
36275	68
36276	68
36277	67
36278	67
36279	66
36280	65
36281	65
36282	64
36283	64
36284	63
36285	63
36286	62
36287	61
36288	59
36289	57
36290	56
36291	54
36292	52
36293	50
36294	48
36295	46
36296	44
36297	42
36298	40
36299	38
36300	36
36301	35
36302	33
36303	32
36304	30
36305	29
36306	27
36307	26
36308	24
36309	23
36310	22
36311	20
36312	19
36313	19
36314	18
36315	17
36316	16
36317	15
36318	14
36319	13
36320	12
36321	12
36322	11
36323	10
36324	9
36325	10
36326	10
36327	11
36328	11
36329	12
36330	13
36331	17
36332	21
36333	25
36334	30
36335	34
36336	38
36337	42
36338	47
36339	51
36340	56
36341	60
36342	65
36343	69
36344	69
36345	69
36346	69
36347	69
36348	69
36349	69
36350	69
36351	67
36352	65
36353	63
36354	61
36355	59
36356	57
36357	56
36358	54
36359	53
36360	52
36361	51
36362	50
36363	50
36364	50
36365	50
36366	50
36367	50
36368	50
36369	50
36370	49
36371	49
36372	48
36373	47
36374	47
36375	46
36376	45
36377	43
36378	42
36379	41
36380	40
36381	38
36382	37
36383	36
36384	34
36385	33
36386	32
36387	30
36388	29
36389	28
36390	28
36391	27
36392	26
36393	25
36394	25
36395	24
36396	24
36397	24
36398	23
36399	23
36400	23
36401	22
36402	22
36403	22
36404	21
36405	21
36406	21
36407	20
36408	22
36409	24
36410	25
36411	27
36412	28
36413	30
36414	32
36415	38
36416	45
36417	51
36418	58
36419	64
36420	71
36421	75
36422	78
36423	82
36424	86
36425	90
36426	94
36427	93
36428	92
36429	91
36430	90
36431	89
36432	88
36433	87
36434	86
36435	84
36436	82
36437	80
36438	79
36439	77
36440	76
36441	75
36442	75
36443	74
36444	73
36445	72
36446	72
36447	71
36448	71
36449	71
36450	71
36451	70
36452	70
36453	69
36454	68
36455	67
36456	66
36457	65
36458	65
36459	63
36460	62
36461	60
36462	59
36463	58
36464	56
36465	55
36466	54
36467	52
36468	51
36469	50
36470	48
36471	47
36472	46
36473	46
36474	45
36475	44
36476	43
36477	43
36478	42
36479	41
36480	40
36481	39
36482	38
36483	38
36484	37
36485	37
36486	36
36487	36
36488	36
36489	36
36490	36
36491	40
36492	43
36493	47
36494	51
36495	55
36496	58
36497	62
36498	67
36499	72
36500	77
36501	82
36502	87
36503	92
36504	91
36505	91
36506	91
36507	91
36508	91
36509	91
36510	91
36511	89
36512	87
36513	85
36514	83
36515	81
36516	80
36517	78
36518	77
36519	75
36520	74
36521	72
36522	71
36523	71
36524	70
36525	70
36526	70
36527	69
36528	69
36529	69
36530	68
36531	68
36532	68
36533	68
36534	68
36535	67
36536	67
36537	66
36538	66
36539	65
36540	64
36541	64
36542	63
36543	62
36544	61
36545	60
36546	59
36547	58
36548	57
36549	56
36550	55
36551	54
36552	53
36553	52
36554	51
36555	49
36556	48
36557	47
36558	46
36559	45
36560	44
36561	43
36562	42
36563	41
36564	39
36565	38
36566	37
36567	36
36568	35
36569	34
36570	33
36571	33
36572	32
36573	31
36574	30
36575	34
36576	38
36577	41
36578	45
36579	48
36580	52
36581	57
36582	63
36583	68
36584	73
36585	78
36586	84
36587	84
36588	85
36589	85
36590	86
36591	86
36592	87
36593	88
36594	86
36595	84
36596	82
36597	80
36598	78
36599	76
36600	75
36601	73
36602	72
36603	71
36604	70
36605	68
36606	67
36607	67
36608	66
36609	66
36610	65
36611	65
36612	64
36613	64
36614	63
36615	63
36616	62
36617	62
36618	61
36619	60
36620	58
36621	57
36622	56
36623	54
36624	53
36625	52
36626	50
36627	48
36628	46
36629	44
36630	42
36631	40
36632	38
36633	36
36634	34
36635	33
36636	31
36637	29
36638	28
36639	26
36640	25
36641	24
36642	22
36643	21
36644	19
36645	18
36646	18
36647	17
36648	16
36649	15
36650	14
36651	13
36652	13
36653	12
36654	11
36655	10
36656	10
36657	9
36658	10
36659	10
36660	11
36661	12
36662	13
36663	13
36664	19
36665	24
36666	29
36667	34
36668	39
36669	45
36670	50
36671	56
36672	61
36673	67
36674	73
36675	78
36676	84
36677	84
36678	83
36679	83
36680	83
36681	82
36682	82
36683	80
36684	78
36685	76
36686	74
36687	72
36688	70
36689	68
36690	67
36691	66
36692	65
36693	64
36694	63
36695	62
36696	62
36697	62
36698	62
36699	62
36700	62
36701	61
36702	61
36703	60
36704	59
36705	58
36706	57
36707	56
36708	55
36709	53
36710	51
36711	48
36712	46
36713	44
36714	41
36715	39
36716	38
36717	36
36718	34
36719	32
36720	30
36721	28
36722	27
36723	26
36724	25
36725	24
36726	22
36727	21
36728	21
36729	20
36730	20
36731	20
36732	19
36733	19
36734	18
36735	18
36736	18
36737	17
36738	17
36739	17
36740	16
36741	17
36742	18
36743	18
36744	19
36745	19
36746	20
36747	25
36748	30
36749	35
36750	39
36751	44
36752	49
36753	54
36754	60
36755	66
36756	73
36757	79
36758	85
36759	91
36760	92
36761	92
36762	92
36763	92
36764	92
36765	92
36766	93
36767	91
36768	89
36769	88
36770	86
36771	85
36772	83
36773	82
36774	81
36775	80
36776	79
36777	78
36778	77
36779	76
36780	76
36781	76
36782	76
36783	76
36784	76
36785	75
36786	75
36787	74
36788	74
36789	73
36790	73
36791	72
36792	71
36793	70
36794	68
36795	67
36796	66
36797	65
36798	64
36799	62
36800	60
36801	58
36802	57
36803	55
36804	53
36805	52
36806	50
36807	49
36808	47
36809	46
36810	45
36811	44
36812	43
36813	42
36814	41
36815	40
36816	39
36817	38
36818	38
36819	37
36820	36
36821	35
36822	35
36823	34
36824	33
36825	32
36826	31
36827	31
36828	30
36829	29
36830	28
36831	30
36832	32
36833	33
36834	35
36835	37
36836	38
36837	44
36838	51
36839	57
36840	63
36841	69
36842	76
36843	78
36844	81
36845	84
36846	86
36847	89
36848	92
36849	94
36850	93
36851	92
36852	91
36853	90
36854	89
36855	89
36856	87
36857	86
36858	85
36859	83
36860	82
36861	81
36862	80
36863	79
36864	78
36865	77
36866	77
36867	76
36868	75
36869	75
36870	74
36871	74
36872	74
36873	73
36874	73
36875	72
36876	72
36877	71
36878	71
36879	70
36880	69
36881	69
36882	67
36883	65
36884	64
36885	62
36886	60
36887	58
36888	56
36889	53
36890	51
36891	49
36892	46
36893	44
36894	41
36895	38
36896	34
36897	31
36898	28
36899	24
36900	21
36901	18
36902	16
36903	13
36904	11
36905	9
36906	6
36907	6
36908	6
36909	5
36910	5
36911	5
36912	5
36913	5
36914	6
36915	7
36916	8
36917	8
36918	9
36919	10
36920	15
36921	20
36922	25
36923	30
36924	35
36925	40
36926	45
36927	51
36928	58
36929	64
36930	71
36931	78
36932	93
36933	93
36934	93
36935	94
36936	94
36937	94
36938	94
36939	94
36940	93
36941	93
36942	92
36943	92
36944	91
36945	91
36946	89
36947	87
36948	86
36949	84
36950	83
36951	81
36952	80
36953	79
36954	78
36955	77
36956	76
36957	75
36958	68
36959	66
36960	65
36961	63
36962	61
36963	59
36964	57
36965	55
36966	54
36967	52
36968	50
36969	48
36970	47
36971	45
36972	44
36973	43
36974	41
36975	40
36976	38
36977	38
36978	37
36979	36
36980	35
36981	34
36982	33
36983	33
36984	33
36985	32
36986	32
36987	32
36988	31
36989	31
36990	31
36991	31
36992	30
36993	30
36994	30
36995	30
36996	30
36997	29
36998	29
36999	29
37000	29
37001	29
37002	30
37003	31
37004	32
37005	33
37006	34
37007	35
37008	36
37009	40
37010	43
37011	47
37012	51
37013	55
37014	59
37015	62
37016	65
37017	67
37018	70
37019	73
37020	76
37021	79
37022	78
37023	77
37024	76
37025	76
37026	75
37027	74
37028	72
37029	69
37030	66
37031	63
37032	61
37033	58
37034	57
37035	55
37036	53
37037	52
37038	50
37039	49
37040	47
37041	47
37042	46
37043	46
37044	45
37045	45
37046	45
37047	44
37048	44
37049	44
37050	44
37051	44
37052	44
37053	44
37054	43
37055	43
37056	42
37057	42
37058	41
37059	41
37060	40
37061	40
37062	40
37063	40
37064	40
37065	40
37066	40
37067	40
37068	41
37069	41
37070	42
37071	42
37072	42
37073	44
37074	45
37075	46
37076	47
37077	48
37078	49
37079	52
37080	54
37081	56
37082	58
37083	60
37084	63
37085	65
37086	69
37087	73
37088	76
37089	80
37090	84
37091	88
37092	89
37093	90
37094	91
37095	92
37096	93
37097	94
37098	93
37099	92
37100	91
37101	90
37102	89
37103	88
37104	87
37105	86
37106	84
37107	83
37108	82
37109	80
37110	79
37111	78
37112	76
37113	75
37114	74
37115	73
37116	71
37117	70
37118	69
37119	67
37120	66
37121	64
37122	63
37123	61
37124	61
37125	60
37126	59
37127	58
37128	57
37129	56
37130	56
37131	56
37132	56
37133	56
37134	56
37135	55
37136	55
37137	55
37138	54
37139	54
37140	53
37141	53
37142	52
37143	51
37144	49
37145	48
37146	46
37147	45
37148	44
37149	42
37150	41
37151	39
37152	38
37153	36
37154	35
37155	33
37156	35
37157	37
37158	39
37159	41
37160	42
37161	44
37162	48
37163	51
37164	55
37165	58
37166	62
37167	65
37168	69
37169	70
37170	72
37171	73
37172	74
37173	76
37174	77
37175	77
37176	76
37177	75
37178	74
37179	74
37180	73
37181	72
37182	71
37183	69
37184	68
37185	66
37186	65
37187	63
37188	62
37189	61
37190	59
37191	58
37192	57
37193	56
37194	55
37195	54
37196	53
37197	52
37198	52
37199	51
37200	50
37201	49
37202	48
37203	47
37204	46
37205	45
37206	44
37207	43
37208	42
37209	42
37210	41
37211	40
37212	39
37213	39
37214	38
37215	37
37216	37
37217	36
37218	35
37219	35
37220	34
37221	33
37222	33
37223	32
37224	31
37225	30
37226	30
37227	30
37228	29
37229	29
37230	29
37231	28
37232	28
37233	31
37234	34
37235	36
37236	39
37237	42
37238	45
37239	48
37240	51
37241	55
37242	58
37243	61
37244	65
37245	68
37246	69
37247	69
37248	70
37249	71
37250	71
37251	72
37252	70
37253	69
37254	68
37255	66
37256	65
37257	64
37258	62
37259	61
37260	60
37261	59
37262	58
37263	57
37264	56
37265	55
37266	54
37267	54
37268	53
37269	52
37270	51
37271	51
37272	50
37273	49
37274	49
37275	48
37276	47
37277	47
37278	45
37279	44
37280	43
37281	42
37282	40
37283	39
37284	38
37285	36
37286	35
37287	33
37288	32
37289	31
37290	29
37291	28
37292	27
37293	26
37294	25
37295	23
37296	22
37297	21
37298	20
37299	19
37300	18
37301	16
37302	15
37303	15
37304	14
37305	13
37306	13
37307	12
37308	12
37309	11
37310	14
37311	16
37312	19
37313	22
37314	24
37315	27
37316	31
37317	36
37318	40
37319	45
37320	50
37321	54
37322	56
37323	57
37324	58
37325	59
37326	61
37327	62
37328	63
37329	62
37330	61
37331	60
37332	59
37333	58
37334	57
37335	55
37336	54
37337	53
37338	52
37339	51
37340	50
37341	49
37342	49
37343	49
37344	48
37345	48
37346	48
37347	48
37348	47
37349	47
37350	47
37351	47
37352	47
37353	47
37354	46
37355	46
37356	45
37357	45
37358	44
37359	44
37360	43
37361	42
37362	41
37363	40
37364	39
37365	38
37366	37
37367	36
37368	36
37369	35
37370	35
37371	34
37372	34
37373	33
37374	33
37375	33
37376	32
37377	32
37378	32
37379	32
37380	32
37381	33
37382	34
37383	34
37384	35
37385	36
37386	39
37387	43
37388	47
37389	50
37390	54
37391	58
37392	61
37393	66
37394	71
37395	75
37396	80
37397	85
37398	90
37399	90
37400	90
37401	91
37402	91
37403	91
37404	92
37405	92
37406	90
37407	89
37408	87
37409	86
37410	84
37411	83
37412	81
37413	80
37414	79
37415	78
37416	76
37417	75
37418	75
37419	74
37420	74
37421	74
37422	73
37423	73
37424	73
37425	72
37426	71
37427	71
37428	70
37429	70
37430	69
37431	68
37432	66
37433	65
37434	64
37435	63
37436	61
37437	60
37438	58
37439	56
37440	54
37441	52
37442	50
37443	49
37444	47
37445	45
37446	43
37447	41
37448	40
37449	38
37450	37
37451	35
37452	34
37453	33
37454	32
37455	31
37456	29
37457	29
37458	29
37459	29
37460	28
37461	28
37462	28
37463	31
37464	35
37465	38
37466	41
37467	45
37468	48
37469	52
37470	57
37471	63
37472	68
37473	74
37474	79
37475	85
37476	86
37477	87
37478	88
37479	90
37480	91
37481	92
37482	91
37483	89
37484	88
37485	87
37486	86
37487	84
37488	83
37489	82
37490	80
37491	79
37492	77
37493	76
37494	75
37495	74
37496	73
37497	72
37498	71
37499	71
37500	70
37501	69
37502	68
37503	67
37504	67
37505	66
37506	65
37507	64
37508	63
37509	61
37510	60
37511	58
37512	57
37513	55
37514	53
37515	51
37516	50
37517	48
37518	46
37519	44
37520	43
37521	41
37522	39
37523	37
37524	35
37525	33
37526	31
37527	30
37528	28
37529	27
37530	26
37531	24
37532	23
37533	22
37534	21
37535	20
37536	19
37537	17
37538	16
37539	15
37540	17
37541	18
37542	19
37543	20
37544	21
37545	23
37546	27
37547	32
37548	37
37549	42
37550	47
37551	52
37552	57
37553	62
37554	66
37555	70
37556	75
37557	79
37558	83
37559	83
37560	83
37561	82
37562	82
37563	82
37564	81
37565	81
37566	79
37567	77
37568	75
37569	73
37570	71
37571	69
37572	67
37573	65
37574	64
37575	62
37576	60
37577	59
37578	58
37579	57
37580	56
37581	55
37582	55
37583	54
37584	53
37585	52
37586	50
37587	49
37588	48
37589	47
37590	45
37591	44
37592	42
37593	40
37594	38
37595	36
37596	35
37597	33
37598	31
37599	29
37600	27
37601	25
37602	23
37603	21
37604	19
37605	18
37606	16
37607	15
37608	13
37609	12
37610	11
37611	10
37612	9
37613	8
37614	7
37615	6
37616	6
37617	5
37618	5
37619	5
37620	5
37621	5
37622	5
37623	6
37624	6
37625	7
37626	8
37627	8
37628	9
37629	9
37630	15
37631	21
37632	27
37633	33
37634	39
37635	42
37636	46
37637	49
37638	53
37639	56
37640	60
37641	64
37642	63
37643	63
37644	63
37645	62
37646	62
37647	62
37648	61
37649	59
37650	57
37651	55
37652	53
37653	51
37654	50
37655	49
37656	49
37657	48
37658	47
37659	46
37660	46
37661	45
37662	45
37663	44
37664	44
37665	43
37666	43
37667	42
37668	40
37669	39
37670	37
37671	36
37672	34
37673	32
37674	30
37675	28
37676	27
37677	25
37678	23
37679	21
37680	19
37681	18
37682	17
37683	15
37684	14
37685	13
37686	12
37687	12
37688	11
37689	11
37690	10
37691	10
37692	9
37693	9
37694	8
37695	7
37696	7
37697	6
37698	6
37699	6
37700	5
37701	5
37702	5
37703	5
37704	5
37705	7
37706	10
37707	12
37708	14
37709	17
37710	19
37711	21
37712	27
37713	33
37714	39
37715	44
37716	50
37717	56
37718	59
37719	61
37720	64
37721	67
37722	70
37723	72
37724	75
37725	75
37726	74
37727	74
37728	73
37729	73
37730	72
37731	71
37732	70
37733	70
37734	69
37735	68
37736	67
37737	67
37738	67
37739	67
37740	67
37741	68
37742	68
37743	68
37744	68
37745	68
37746	68
37747	68
37748	67
37749	67
37750	66
37751	64
37752	63
37753	61
37754	60
37755	58
37756	57
37757	54
37758	52
37759	50
37760	47
37761	45
37762	43
37763	42
37764	40
37765	39
37766	38
37767	37
37768	35
37769	35
37770	35
37771	35
37772	35
37773	35
37774	35
37775	35
37776	35
37777	36
37778	36
37779	36
37780	36
37781	37
37782	38
37783	40
37784	41
37785	43
37786	44
37787	46
37788	47
37789	52
37790	57
37791	62
37792	67
37793	72
37794	77
37795	79
37796	82
37797	84
37798	86
37799	89
37800	91
37801	89
37802	87
37803	85
37804	84
37805	82
37806	80
37807	78
37808	75
37809	72
37810	70
37811	67
37812	64
37813	61
37814	60
37815	58
37816	57
37817	55
37818	54
37819	52
37820	51
37821	50
37822	50
37823	49
37824	49
37825	48
37826	48
37827	47
37828	47
37829	46
37830	45
37831	45
37832	44
37833	43
37834	41
37835	40
37836	38
37837	37
37838	35
37839	34
37840	32
37841	31
37842	29
37843	28
37844	26
37845	24
37846	24
37847	23
37848	22
37849	21
37850	20
37851	19
37852	19
37853	18
37854	18
37855	17
37856	17
37857	16
37858	16
37859	16
37860	16
37861	17
37862	17
37863	18
37864	18
37865	23
37866	27
37867	31
37868	35
37869	40
37870	44
37871	48
37872	54
37873	59
37874	65
37875	71
37876	76
37877	82
37878	83
37879	84
37880	85
37881	85
37882	86
37883	87
37884	88
37885	85
37886	83
37887	81
37888	79
37889	77
37890	75
37891	73
37892	71
37893	69
37894	67
37895	65
37896	64
37897	63
37898	62
37899	62
37900	61
37901	60
37902	60
37903	59
37904	58
37905	57
37906	56
37907	55
37908	54
37909	53
37910	51
37911	49
37912	47
37913	45
37914	43
37915	41
37916	39
37917	37
37918	34
37919	31
37920	29
37921	26
37922	24
37923	22
37924	20
37925	18
37926	17
37927	15
37928	13
37929	12
37930	12
37931	11
37932	10
37933	10
37934	9
37935	8
37936	10
37937	12
37938	14
37939	16
37940	18
37941	20
37942	25
37943	30
37944	35
37945	41
37946	46
37947	51
37948	57
37949	60
37950	64
37951	68
37952	71
37953	75
37954	78
37955	77
37956	75
37957	73
37958	72
37959	70
37960	69
37961	67
37962	65
37963	64
37964	62
37965	60
37966	59
37967	57
37968	58
37969	58
37970	59
37971	59
37972	60
37973	60
37974	62
37975	63
37976	64
37977	65
37978	67
37979	68
37980	69
37981	69
37982	68
37983	68
37984	67
37985	67
37986	66
37987	64
37988	62
37989	60
37990	58
37991	56
37992	55
37993	53
37994	51
37995	50
37996	48
37997	47
37998	45
37999	44
38000	43
38001	42
38002	42
38003	41
38004	40
38005	40
38006	42
38007	45
38008	48
38009	51
38010	54
38011	57
38012	60
38013	65
38014	71
38015	77
38016	82
38017	88
38018	93
38019	93
38020	93
38021	93
38022	93
38023	93
38024	93
38025	91
38026	89
38027	88
38028	86
38029	85
38030	83
38031	82
38032	80
38033	79
38034	78
38035	76
38036	75
38037	74
38038	74
38039	74
38040	73
38041	73
38042	73
38043	73
38044	73
38045	73
38046	72
38047	72
38048	72
38049	71
38050	71
38051	69
38052	67
38053	65
38054	63
38055	62
38056	60
38057	58
38058	56
38059	54
38060	52
38061	51
38062	49
38063	47
38064	45
38065	44
38066	43
38067	41
38068	40
38069	38
38070	38
38071	38
38072	38
38073	38
38074	38
38075	38
38076	38
38077	41
38078	45
38079	48
38080	52
38081	56
38082	59
38083	63
38084	67
38085	71
38086	75
38087	79
38088	83
38089	83
38090	83
38091	83
38092	83
38093	83
38094	83
38095	83
38096	82
38097	80
38098	78
38099	77
38100	75
38101	73
38102	72
38103	71
38104	70
38105	69
38106	68
38107	67
38108	66
38109	66
38110	65
38111	65
38112	65
38113	64
38114	64
38115	63
38116	63
38117	62
38118	61
38119	60
38120	60
38121	58
38122	57
38123	56
38124	54
38125	53
38126	52
38127	51
38128	49
38129	48
38130	46
38131	45
38132	43
38133	42
38134	41
38135	40
38136	39
38137	37
38138	36
38139	35
38140	34
38141	34
38142	34
38143	35
38144	35
38145	35
38146	35
38147	39
38148	44
38149	48
38150	53
38151	57
38152	62
38153	66
38154	70
38155	74
38156	78
38157	82
38158	86
38159	90
38160	90
38161	91
38162	91
38163	92
38164	92
38165	92
38166	91
38167	90
38168	88
38169	87
38170	86
38171	84
38172	83
38173	81
38174	80
38175	79
38176	77
38177	76
38178	74
38179	73
38180	73
38181	72
38182	71
38183	71
38184	70
38185	69
38186	68
38187	68
38188	67
38189	66
38190	65
38191	65
38192	63
38193	62
38194	60
38195	59
38196	57
38197	56
38198	54
38199	53
38200	51
38201	50
38202	48
38203	47
38204	45
38205	44
38206	43
38207	42
38208	41
38209	40
38210	39
38211	39
38212	38
38213	38
38214	38
38215	37
38216	37
38217	37
38218	36
38219	36
38220	36
38221	36
38222	35
38223	35
38224	37
38225	40
38226	42
38227	44
38228	46
38229	48
38230	52
38231	57
38232	61
38233	65
38234	69
38235	74
38236	78
38237	80
38238	82
38239	84
38240	86
38241	88
38242	91
38243	90
38244	89
38245	88
38246	87
38247	86
38248	85
38249	84
38250	83
38251	82
38252	81
38253	80
38254	79
38255	78
38256	78
38257	77
38258	77
38259	77
38260	77
38261	77
38262	76
38263	76
38264	75
38265	75
38266	75
38267	74
38268	74
38269	72
38270	70
38271	69
38272	67
38273	65
38274	64
38275	61
38276	59
38277	57
38278	55
38279	53
38280	51
38281	49
38282	48
38283	47
38284	45
38285	44
38286	42
38287	41
38288	40
38289	39
38290	38
38291	37
38292	36
38293	35
38294	34
38295	33
38296	32
38297	31
38298	31
38299	30
38300	29
38301	27
38302	26
38303	24
38304	23
38305	21
38306	19
38307	19
38308	19
38309	19
38310	18
38311	18
38312	18
38313	22
38314	26
38315	30
38316	35
38317	39
38318	43
38319	64
38320	67
38321	71
38322	74
38323	78
38324	81
38325	85
38326	86
38327	87
38328	88
38329	89
38330	90
38331	91
38332	89
38333	88
38334	86
38335	84
38336	83
38337	81
38338	79
38339	78
38340	76
38341	75
38342	73
38343	72
38344	71
38345	71
38346	70
38347	70
38348	69
38349	69
38350	68
38351	67
38352	67
38353	66
38354	66
38355	65
38356	65
38357	63
38358	62
38359	61
38360	60
38361	59
38362	58
38363	57
38364	55
38365	54
38366	53
38367	52
38368	50
38369	49
38370	48
38371	47
38372	46
38373	45
38374	44
38375	44
38376	43
38377	42
38378	41
38379	40
38380	39
38381	38
38382	37
38383	36
38384	35
38385	34
38386	33
38387	32
38388	31
38389	30
38390	29
38391	28
38392	27
38393	26
38394	25
38395	25
38396	27
38397	29
38398	32
38399	34
38400	36
38401	39
38402	46
38403	53
38404	60
38405	67
38406	75
38407	82
38408	83
38409	85
38410	87
38411	88
38412	90
38413	92
38414	93
38415	92
38416	90
38417	89
38418	87
38419	86
38420	84
38421	83
38422	81
38423	79
38424	78
38425	76
38426	75
38427	73
38428	73
38429	73
38430	73
38431	73
38432	73
38433	73
38434	73
38435	74
38436	74
38437	74
38438	74
38439	75
38440	73
38441	72
38442	70
38443	69
38444	68
38445	66
38446	65
38447	63
38448	61
38449	58
38450	56
38451	54
38452	52
38453	51
38454	50
38455	49
38456	48
38457	47
38458	46
38459	46
38460	44
38461	43
38462	42
38463	41
38464	40
38465	39
38466	38
38467	36
38468	34
38469	32
38470	30
38471	29
38472	27
38473	25
38474	23
38475	22
38476	20
38477	18
38478	17
38479	18
38480	19
38481	21
38482	22
38483	23
38484	25
38485	30
38486	35
38487	40
38488	45
38489	50
38490	55
38491	60
38492	63
38493	66
38494	69
38495	72
38496	75
38497	78
38498	76
38499	74
38500	72
38501	70
38502	68
38503	66
38504	63
38505	61
38506	59
38507	57
38508	54
38509	52
38510	50
38511	49
38512	47
38513	46
38514	45
38515	44
38516	43
38517	42
38518	42
38519	41
38520	40
38521	40
38522	39
38523	39
38524	37
38525	36
38526	34
38527	33
38528	31
38529	30
38530	27
38531	25
38532	23
38533	21
38534	19
38535	17
38536	15
38537	14
38538	13
38539	11
38540	10
38541	9
38542	7
38543	7
38544	6
38545	6
38546	5
38547	5
38548	5
38549	5
38550	5
38551	5
38552	5
38553	5
38554	5
38555	5
38556	5
38557	5
38558	5
38559	5
38560	5
38561	5
38562	8
38563	11
38564	14
38565	17
38566	20
38567	23
38568	27
38569	32
38570	37
38571	42
38572	47
38573	52
38574	57
38575	59
38576	61
38577	63
38578	65
38579	67
38580	69
38581	68
38582	67
38583	66
38584	65
38585	64
38586	63
38587	62
38588	60
38589	59
38590	57
38591	56
38592	54
38593	53
38594	52
38595	51
38596	51
38597	50
38598	49
38599	49
38600	48
38601	48
38602	47
38603	47
38604	46
38605	46
38606	46
38607	45
38608	44
38609	43
38610	42
38611	41
38612	40
38613	39
38614	38
38615	37
38616	35
38617	34
38618	33
38619	32
38620	30
38621	29
38622	28
38623	27
38624	25
38625	24
38626	23
38627	22
38628	21
38629	20
38630	19
38631	19
38632	18
38633	17
38634	17
38635	16
38636	15
38637	15
38638	14
38639	13
38640	12
38641	11
38642	10
38643	9
38644	8
38645	9
38646	9
38647	10
38648	10
38649	11
38650	11
38651	12
38652	17
38653	23
38654	28
38655	33
38656	39
38657	44
38658	49
38659	54
38660	59
38661	63
38662	68
38663	73
38664	73
38665	73
38666	73
38667	73
38668	73
38669	73
38670	73
38671	71
38672	70
38673	68
38674	66
38675	64
38676	63
38677	62
38678	61
38679	60
38680	59
38681	58
38682	57
38683	56
38684	55
38685	55
38686	55
38687	55
38688	55
38689	55
38690	54
38691	54
38692	53
38693	53
38694	53
38695	52
38696	51
38697	50
38698	49
38699	48
38700	47
38701	45
38702	44
38703	43
38704	41
38705	40
38706	38
38707	37
38708	35
38709	34
38710	32
38711	31
38712	30
38713	29
38714	27
38715	26
38716	25
38717	23
38718	22
38719	21
38720	19
38721	18
38722	17
38723	16
38724	15
38725	14
38726	12
38727	11
38728	11
38729	10
38730	10
38731	9
38732	8
38733	8
38734	7
38735	8
38736	9
38737	9
38738	10
38739	11
38740	11
38741	16
38742	20
38743	25
38744	30
38745	34
38746	39
38747	44
38748	49
38749	55
38750	60
38751	66
38752	72
38753	77
38754	78
38755	78
38756	78
38757	79
38758	79
38759	80
38760	78
38761	77
38762	75
38763	73
38764	72
38765	70
38766	69
38767	67
38768	66
38769	64
38770	63
38771	61
38772	60
38773	59
38774	59
38775	58
38776	57
38777	56
38778	56
38779	55
38780	54
38781	53
38782	52
38783	51
38784	49
38785	48
38786	46
38787	44
38788	43
38789	41
38790	39
38791	37
38792	35
38793	34
38794	32
38795	30
38796	29
38797	27
38798	26
38799	24
38800	23
38801	22
38802	21
38803	19
38804	18
38805	17
38806	16
38807	16
38808	15
38809	14
38810	13
38811	12
38812	11
38813	10
38814	9
38815	8
38816	7
38817	6
38818	6
38819	6
38820	5
38821	5
38822	5
38823	5
38824	5
38825	6
38826	7
38827	8
38828	9
38829	10
38830	10
38831	15
38832	20
38833	25
38834	30
38835	35
38836	40
38837	44
38838	48
38839	52
38840	56
38841	61
38842	65
38843	69
38844	68
38845	68
38846	67
38847	67
38848	67
38849	66
38850	64
38851	62
38852	60
38853	58
38854	56
38855	53
38856	53
38857	52
38858	51
38859	51
38860	50
38861	49
38862	49
38863	49
38864	49
38865	50
38866	50
38867	50
38868	50
38869	50
38870	49
38871	49
38872	49
38873	48
38874	48
38875	47
38876	46
38877	45
38878	43
38879	42
38880	41
38881	40
38882	38
38883	37
38884	36
38885	35
38886	34
38887	33
38888	32
38889	31
38890	30
38891	29
38892	28
38893	28
38894	27
38895	26
38896	26
38897	25
38898	24
38899	24
38900	23
38901	22
38902	21
38903	21
38904	20
38905	19
38906	18
38907	18
38908	18
38909	19
38910	19
38911	20
38912	20
38913	21
38914	27
38915	32
38916	38
38917	44
38918	49
38919	55
38920	59
38921	63
38922	68
38923	72
38924	76
38925	80
38926	85
38927	84
38928	84
38929	83
38930	83
38931	82
38932	82
38933	80
38934	78
38935	76
38936	74
38937	72
38938	70
38939	68
38940	66
38941	65
38942	64
38943	63
38944	61
38945	60
38946	60
38947	60
38948	60
38949	60
38950	59
38951	59
38952	59
38953	58
38954	58
38955	57
38956	56
38957	56
38958	55
38959	54
38960	52
38961	50
38962	49
38963	47
38964	46
38965	44
38966	42
38967	41
38968	39
38969	38
38970	36
38971	34
38972	33
38973	31
38974	30
38975	28
38976	27
38977	25
38978	24
38979	22
38980	21
38981	19
38982	18
38983	17
38984	16
38985	15
38986	13
38987	12
38988	11
38989	10
38990	9
38991	8
38992	8
38993	7
38994	6
38995	5
38996	8
38997	11
38998	14
38999	17
39000	20
39001	24
39002	27
39003	34
39004	41
39005	49
39006	56
39007	64
39008	71
39009	73
39010	76
39011	78
39012	81
39013	83
39014	86
39015	84
39016	83
39017	81
39018	79
39019	78
39020	76
39021	75
39022	73
39023	71
39024	70
39025	68
39026	66
39027	65
39028	64
39029	64
39030	64
39031	64
39032	63
39033	63
39034	63
39035	63
39036	63
39037	63
39038	63
39039	63
39040	63
39041	62
39042	61
39043	60
39044	59
39045	58
39046	57
39047	55
39048	54
39049	52
39050	50
39051	49
39052	47
39053	46
39054	44
39055	42
39056	40
39057	38
39058	36
39059	34
39060	33
39061	31
39062	30
39063	28
39064	27
39065	26
39066	24
39067	23
39068	21
39069	20
39070	19
39071	18
39072	16
39073	15
39074	14
39075	13
39076	11
39077	10
39078	9
39079	8
39080	8
39081	8
39082	7
39083	7
39084	7
39085	6
39086	11
39087	15
39088	19
39089	24
39090	28
39091	32
39092	39
39093	46
39094	53
39095	60
39096	67
39097	74
39098	82
39099	83
39100	85
39101	87
39102	89
39103	91
39104	93
39105	92
39106	90
39107	88
39108	87
39109	85
39110	84
39111	82
39112	81
39113	79
39114	78
39115	76
39116	75
39117	73
39118	73
39119	72
39120	71
39121	71
39122	70
39123	69
39124	69
39125	68
39126	68
39127	67
39128	66
39129	66
39130	65
39131	64
39132	62
39133	61
39134	59
39135	57
39136	56
39137	53
39138	51
39139	49
39140	47
39141	45
39142	43
39143	41
39144	39
39145	38
39146	36
39147	35
39148	33
39149	32
39150	30
39151	29
39152	28
39153	27
39154	26
39155	24
39156	24
39157	23
39158	22
39159	21
39160	20
39161	19
39162	19
39163	18
39164	17
39165	16
39166	15
39167	14
39168	13
39169	12
39170	11
39171	10
39172	9
39173	8
39174	7
39175	9
39176	11
39177	14
39178	16
39179	18
39180	21
39181	23
39182	30
39183	37
39184	44
39185	51
39186	58
39187	65
39188	69
39189	72
39190	76
39191	80
39192	83
39193	87
39194	91
39195	90
39196	89
39197	88
39198	87
39199	86
39200	85
39201	83
39202	82
39203	80
39204	78
39205	77
39206	75
39207	75
39208	74
39209	74
39210	74
39211	73
39212	73
39213	73
39214	73
39215	73
39216	73
39217	73
39218	73
39219	73
39220	73
39221	72
39222	71
39223	71
39224	70
39225	70
39226	69
39227	68
39228	67
39229	66
39230	66
39231	65
39232	64
39233	63
39234	62
39235	62
39236	61
39237	60
39238	59
39239	58
39240	57
39241	56
39242	56
39243	55
39244	54
39245	53
39246	52
39247	51
39248	50
39249	49
39250	48
39251	47
39252	46
39253	45
39254	44
39255	43
39256	43
39257	42
39258	41
39259	40
39260	39
39261	39
39262	38
39263	37
39264	37
39265	41
39266	45
39267	49
39268	54
39269	58
39270	62
39271	67
39272	71
39273	76
39274	80
39275	85
39276	89
39277	94
39278	94
39279	94
39280	94
39281	94
39282	94
39283	95
39284	95
39285	95
39286	95
39287	95
39288	95
39289	95
39290	95
39291	95
39292	95
39293	95
39294	95
39295	95
39296	95
39297	94
39298	94
39299	93
39300	93
39301	92
39302	92
39303	91
39304	89
39305	88
39306	87
39307	85
39308	84
39309	82
39310	80
39311	78
39312	76
39313	73
39314	71
39315	69
39316	67
39317	66
39318	64
39319	63
39320	62
39321	60
39322	59
39323	58
39324	57
39325	56
39326	56
39327	55
39328	54
39329	54
39330	53
39331	52
39332	52
39333	51
39334	50
39335	49
39336	48
39337	47
39338	46
39339	45
39340	43
39341	42
39342	40
39343	38
39344	36
39345	34
39346	32
39347	30
39348	30
39349	30
39350	30
39351	30
39352	30
39353	29
39354	29
39355	34
39356	39
39357	44
39358	48
39359	53
39360	58
39361	62
39362	67
39363	71
39364	76
39365	80
39366	85
39367	85
39368	86
39369	86
39370	87
39371	87
39372	88
39373	89
39374	88
39375	87
39376	86
39377	86
39378	85
39379	84
39380	84
39381	83
39382	82
39383	82
39384	81
39385	81
39386	80
39387	80
39388	80
39389	80
39390	80
39391	80
39392	80
39393	79
39394	78
39395	78
39396	77
39397	77
39398	76
39399	75
39400	73
39401	72
39402	70
39403	69
39404	67
39405	66
39406	64
39407	62
39408	60
39409	58
39410	56
39411	54
39412	53
39413	51
39414	50
39415	49
39416	47
39417	46
39418	45
39419	44
39420	43
39421	42
39422	41
39423	41
39424	40
39425	39
39426	39
39427	38
39428	38
39429	37
39430	37
39431	36
39432	36
39433	35
39434	35
39435	34
39436	33
39437	33
39438	33
39439	32
39440	32
39441	32
39442	32
39443	32
39444	35
39445	38
39446	42
39447	45
39448	48
39449	52
39450	55
39451	59
39452	64
39453	68
39454	73
39455	77
39456	82
39457	81
39458	81
39459	81
39460	81
39461	81
39462	81
39463	80
39464	78
39465	77
39466	76
39467	74
39468	73
39469	72
39470	71
39471	70
39472	69
39473	68
39474	68
39475	67
39476	67
39477	67
39478	67
39479	66
39480	66
39481	66
39482	66
39483	66
39484	65
39485	65
39486	65
39487	64
39488	64
39489	63
39490	62
39491	62
39492	61
39493	60
39494	59
39495	58
39496	57
39497	57
39498	56
39499	55
39500	54
39501	53
39502	52
39503	51
39504	50
39505	49
39506	47
39507	46
39508	45
39509	45
39510	44
39511	43
39512	42
39513	41
39514	40
39515	40
39516	39
39517	38
39518	38
39519	37
39520	37
39521	36
39522	36
39523	35
39524	35
39525	35
39526	34
39527	36
39528	37
39529	39
39530	41
39531	42
39532	44
39533	45
39534	51
39535	57
39536	63
39537	69
39538	75
39539	80
39540	82
39541	84
39542	86
39543	88
39544	90
39545	92
39546	95
39547	94
39548	94
39549	94
39550	94
39551	94
39552	93
39553	93
39554	92
39555	91
39556	90
39557	89
39558	89
39559	88
39560	87
39561	86
39562	85
39563	85
39564	84
39565	83
39566	83
39567	82
39568	82
39569	81
39570	81
39571	80
39572	79
39573	78
39574	78
39575	77
39576	76
39577	75
39578	74
39579	73
39580	71
39581	70
39582	68
39583	67
39584	66
39585	64
39586	63
39587	61
39588	60
39589	58
39590	57
39591	56
39592	55
39593	54
39594	53
39595	52
39596	52
39597	51
39598	50
39599	49
39600	49
39601	48
39602	47
39603	46
39604	47
39605	47
39606	47
39607	47
39608	48
39609	48
39610	48
39611	52
39612	55
39613	59
39614	62
39615	66
39616	69
39617	72
39618	76
39619	79
39620	82
39621	85
39622	88
39623	89
39624	89
39625	89
39626	89
39627	89
39628	89
39629	90
39630	88
39631	87
39632	85
39633	84
39634	82
39635	81
39636	80
39637	79
39638	77
39639	76
39640	75
39641	74
39642	73
39643	72
39644	71
39645	71
39646	70
39647	70
39648	69
39649	68
39650	67
39651	65
39652	64
39653	63
39654	62
39655	60
39656	58
39657	56
39658	55
39659	53
39660	51
39661	50
39662	48
39663	46
39664	45
39665	43
39666	42
39667	40
39668	40
39669	39
39670	39
39671	39
39672	38
39673	38
39674	38
39675	38
39676	38
39677	38
39678	38
39679	38
39680	40
39681	41
39682	43
39683	45
39684	47
39685	48
39686	52
39687	55
39688	58
39689	61
39690	65
39691	68
39692	71
39693	73
39694	75
39695	77
39696	79
39697	81
39698	84
39699	83
39700	82
39701	82
39702	81
39703	81
39704	80
39705	80
39706	78
39707	76
39708	75
39709	73
39710	71
39711	69
39712	68
39713	67
39714	65
39715	64
39716	62
39717	61
39718	60
39719	59
39720	58
39721	58
39722	57
39723	56
39724	55
39725	54
39726	53
39727	51
39728	50
39729	49
39730	48
39731	46
39732	44
39733	43
39734	41
39735	40
39736	38
39737	36
39738	35
39739	33
39740	31
39741	29
39742	27
39743	26
39744	24
39745	23
39746	22
39747	20
39748	19
39749	18
39750	17
39751	16
39752	15
39753	14
39754	13
39755	13
39756	12
39757	11
39758	10
39759	10
39760	9
39761	8
39762	7
39763	7
39764	7
39765	6
39766	6
39767	5
39768	5
39769	5
39770	5
39771	6
39772	7
39773	8
39774	9
39775	9
39776	14
39777	19
39778	23
39779	28
39780	33
39781	38
39782	41
39783	45
39784	48
39785	52
39786	55
39787	59
39788	62
39789	63
39790	63
39791	63
39792	63
39793	63
39794	64
39795	63
39796	61
39797	60
39798	59
39799	58
39800	57
39801	56
39802	55
39803	54
39804	53
39805	52
39806	51
39807	50
39808	50
39809	50
39810	49
39811	49
39812	49
39813	48
39814	48
39815	47
39816	46
39817	46
39818	45
39819	45
39820	44
39821	43
39822	41
39823	40
39824	39
39825	37
39826	36
39827	35
39828	34
39829	32
39830	31
39831	30
39832	29
39833	27
39834	26
39835	25
39836	24
39837	22
39838	21
39839	20
39840	19
39841	18
39842	17
39843	16
39844	15
39845	14
39846	13
39847	12
39848	12
39849	11
39850	10
39851	9
39852	8
39853	7
39854	7
39855	6
39856	6
39857	5
39858	5
39859	5
39860	5
39861	5
39862	5
39863	5
39864	5
39865	5
39866	7
39867	10
39868	12
39869	14
39870	17
39871	19
39872	24
39873	29
39874	34
39875	39
39876	44
39877	49
39878	51
39879	53
39880	55
39881	57
39882	59
39883	61
39884	63
39885	62
39886	62
39887	61
39888	61
39889	60
39890	60
39891	59
39892	58
39893	57
39894	56
39895	55
39896	54
39897	53
39898	52
39899	52
39900	52
39901	51
39902	51
39903	51
39904	50
39905	50
39906	49
39907	49
39908	49
39909	48
39910	47
39911	46
39912	45
39913	44
39914	43
39915	42
39916	42
39917	40
39918	39
39919	38
39920	37
39921	36
39922	34
39923	33
39924	32
39925	30
39926	29
39927	28
39928	27
39929	25
39930	24
39931	23
39932	22
39933	21
39934	19
39935	18
39936	18
39937	18
39938	18
39939	18
39940	18
39941	18
39942	17
39943	17
39944	16
39945	16
39946	15
39947	15
39948	15
39949	13
39950	12
39951	11
39952	10
39953	9
39954	7
39955	9
39956	10
39957	11
39958	12
39959	13
39960	15
39961	16
39962	20
39963	25
39964	29
39965	34
39966	38
39967	43
39968	44
39969	46
39970	47
39971	49
39972	51
39973	52
39974	51
39975	50
39976	49
39977	47
39978	46
39979	45
39980	44
39981	42
39982	41
39983	40
39984	39
39985	38
39986	36
39987	36
39988	36
39989	35
39990	35
39991	35
39992	34
39993	34
39994	34
39995	33
39996	33
39997	32
39998	32
39999	31
40000	30
40001	29
40002	28
40003	27
40004	26
40005	25
40006	23
40007	22
40008	21
40009	20
40010	18
40011	17
40012	16
40013	15
40014	15
40015	14
40016	13
40017	12
40018	12
40019	11
40020	11
40021	11
40022	10
40023	10
40024	10
40025	9
40026	9
40027	8
40028	7
40029	7
40030	6
40031	6
40032	5
40033	5
40034	5
40035	5
40036	5
40037	5
40038	5
40039	6
40040	6
40041	7
40042	7
40043	8
40044	9
40045	12
40046	15
40047	18
40048	21
40049	24
40050	27
40051	29
40052	30
40053	32
40054	34
40055	36
40056	37
40057	39
40058	38
40059	37
40060	36
40061	35
40062	34
40063	33
40064	31
40065	29
40066	28
40067	26
40068	24
40069	23
40070	22
40071	21
40072	21
40073	20
40074	19
40075	19
40076	18
40077	18
40078	18
40079	18
40080	18
40081	18
40082	18
40083	18
40084	18
40085	18
40086	18
40087	18
40088	18
40089	18
40090	17
40091	17
40092	17
40093	16
40094	16
40095	15
40096	15
40097	14
40098	14
40099	13
40100	13
40101	12
40102	12
40103	12
40104	12
40105	11
40106	11
40107	11
40108	11
40109	11
40110	11
40111	11
40112	11
40113	11
40114	11
40115	10
40116	10
40117	10
40118	10
40119	10
40120	10
40121	10
40122	11
40123	11
40124	12
40125	12
40126	13
40127	13
40128	17
40129	21
40130	24
40131	28
40132	32
40133	36
40134	39
40135	42
40136	45
40137	48
40138	51
40139	54
40140	57
40141	57
40142	56
40143	56
40144	56
40145	55
40146	55
40147	54
40148	52
40149	51
40150	49
40151	48
40152	47
40153	45
40154	45
40155	45
40156	44
40157	44
40158	44
40159	43
40160	44
40161	44
40162	45
40163	46
40164	46
40165	47
40166	46
40167	46
40168	45
40169	44
40170	44
40171	43
40172	42
40173	40
40174	38
40175	36
40176	34
40177	31
40178	29
40179	27
40180	25
40181	24
40182	22
40183	20
40184	18
40185	16
40186	15
40187	14
40188	13
40189	12
40190	12
40191	11
40192	10
40193	10
40194	10
40195	10
40196	9
40197	9
40198	9
40199	9
40200	9
40201	8
40202	8
40203	8
40204	8
40205	8
40206	8
40207	8
40208	8
40209	8
40210	8
40211	10
40212	12
40213	15
40214	17
40215	20
40216	22
40217	24
40218	27
40219	30
40220	33
40221	36
40222	39
40223	42
40224	41
40225	41
40226	40
40227	40
40228	39
40229	38
40230	37
40231	36
40232	35
40233	34
40234	33
40235	31
40236	30
40237	30
40238	30
40239	29
40240	29
40241	29
40242	29
40243	29
40244	29
40245	29
40246	29
40247	29
40248	29
40249	29
40250	29
40251	29
40252	28
40253	28
40254	28
40255	27
40256	27
40257	26
40258	25
40259	24
40260	23
40261	22
40262	22
40263	21
40264	21
40265	20
40266	19
40267	19
40268	18
40269	18
40270	18
40271	18
40272	18
40273	18
40274	18
40275	18
40276	18
40277	18
40278	18
40279	19
40280	19
40281	19
40282	19
40283	18
40284	18
40285	18
40286	17
40287	17
40288	17
40289	17
40290	17
40291	17
40292	18
40293	18
40294	21
40295	24
40296	27
40297	30
40298	33
40299	36
40300	39
40301	42
40302	45
40303	49
40304	52
40305	55
40306	59
40307	59
40308	59
40309	59
40310	60
40311	60
40312	60
40313	60
40314	59
40315	58
40316	56
40317	55
40318	54
40319	53
40320	51
40321	49
40322	48
40323	46
40324	45
40325	43
40326	42
40327	40
40328	39
40329	38
40330	36
40331	35
40332	34
40333	33
40334	31
40335	30
40336	29
40337	28
40338	27
40339	26
40340	25
40341	24
40342	23
40343	22
40344	21
40345	21
40346	20
40347	20
40348	19
40349	19
40350	18
40351	18
40352	18
40353	18
40354	17
40355	17
40356	17
40357	17
40358	16
40359	16
40360	16
40361	15
40362	15
40363	15
40364	14
40365	14
40366	14
40367	13
40368	13
40369	12
40370	14
40371	15
40372	16
40373	17
40374	18
40375	20
40376	21
40377	26
40378	30
40379	35
40380	39
40381	44
40382	49
40383	51
40384	53
40385	55
40386	57
40387	59
40388	62
40389	60
40390	59
40391	57
40392	56
40393	54
40394	53
40395	52
40396	50
40397	48
40398	47
40399	45
40400	43
40401	42
40402	41
40403	41
40404	41
40405	41
40406	40
40407	40
40408	40
40409	40
40410	40
40411	39
40412	39
40413	39
40414	39
40415	38
40416	37
40417	36
40418	35
40419	33
40420	32
40421	31
40422	30
40423	29
40424	28
40425	27
40426	26
40427	25
40428	24
40429	23
40430	22
40431	22
40432	21
40433	20
40434	19
40435	19
40436	18
40437	17
40438	17
40439	16
40440	16
40441	15
40442	15
40443	15
40444	14
40445	14
40446	14
40447	14
40448	14
40449	13
40450	13
40451	13
40452	13
40453	15
40454	16
40455	18
40456	20
40457	22
40458	23
40459	25
40460	29
40461	34
40462	38
40463	43
40464	47
40465	52
40466	53
40467	55
40468	56
40469	58
40470	59
40471	61
40472	62
40473	61
40474	59
40475	57
40476	56
40477	54
40478	53
40479	51
40480	49
40481	48
40482	46
40483	45
40484	43
40485	43
40486	42
40487	42
40488	41
40489	41
40490	41
40491	40
40492	40
40493	39
40494	39
40495	39
40496	38
40497	38
40498	37
40499	36
40500	35
40501	34
40502	34
40503	33
40504	32
40505	31
40506	30
40507	29
40508	28
40509	28
40510	27
40511	26
40512	25
40513	24
40514	23
40515	22
40516	21
40517	20
40518	19
40519	18
40520	17
40521	16
40522	16
40523	15
40524	15
40525	14
40526	14
40527	14
40528	14
40529	14
40530	13
40531	13
40532	13
40533	13
40534	13
40535	12
40536	12
40537	13
40538	14
40539	15
40540	17
40541	18
40542	19
40543	23
40544	28
40545	33
40546	38
40547	43
40548	48
40549	50
40550	52
40551	55
40552	57
40553	60
40554	62
40555	65
40556	63
40557	62
40558	60
40559	59
40560	57
40561	56
40562	55
40563	53
40564	52
40565	50
40566	49
40567	47
40568	46
40569	46
40570	45
40571	45
40572	44
40573	44
40574	43
40575	43
40576	42
40577	42
40578	42
40579	41
40580	41
40581	40
40582	39
40583	38
40584	37
40585	37
40586	36
40587	35
40588	34
40589	32
40590	31
40591	30
40592	28
40593	27
40594	26
40595	24
40596	23
40597	21
40598	20
40599	18
40600	17
40601	15
40602	14
40603	13
40604	12
40605	10
40606	9
40607	8
40608	8
40609	7
40610	6
40611	6
40612	5
40613	5
40614	5
40615	5
40616	5
40617	5
40618	5
40619	5
40620	5
40621	5
40622	5
40623	5
40624	5
40625	5
40626	8
40627	10
40628	13
40629	15
40630	18
40631	20
40632	23
40633	27
40634	31
40635	35
40636	39
40637	44
40638	48
40639	48
40640	48
40641	48
40642	48
40643	49
40644	49
40645	47
40646	46
40647	44
40648	43
40649	41
40650	40
40651	38
40652	38
40653	37
40654	36
40655	35
40656	34
40657	33
40658	33
40659	33
40660	33
40661	33
40662	33
40663	33
40664	33
40665	34
40666	34
40667	34
40668	34
40669	34
40670	35
40671	34
40672	34
40673	33
40674	33
40675	32
40676	32
40677	31
40678	31
40679	30
40680	29
40681	28
40682	28
40683	27
40684	27
40685	27
40686	26
40687	26
40688	26
40689	26
40690	26
40691	26
40692	26
40693	26
40694	26
40695	27
40696	27
40697	26
40698	26
40699	26
40700	25
40701	25
40702	25
40703	24
40704	24
40705	23
40706	23
40707	22
40708	22
40709	23
40710	25
40711	26
40712	28
40713	29
40714	31
40715	33
40716	37
40717	42
40718	46
40719	51
40720	55
40721	60
40722	62
40723	64
40724	66
40725	67
40726	69
40727	71
40728	73
40729	72
40730	70
40731	69
40732	68
40733	66
40734	65
40735	63
40736	62
40737	60
40738	58
40739	57
40740	55
40741	54
40742	53
40743	53
40744	52
40745	51
40746	50
40747	50
40748	50
40749	50
40750	50
40751	50
40752	50
40753	50
40754	50
40755	49
40756	49
40757	49
40758	49
40759	48
40760	48
40761	47
40762	45
40763	44
40764	43
40765	42
40766	40
40767	39
40768	38
40769	37
40770	35
40771	34
40772	33
40773	32
40774	31
40775	30
40776	30
40777	29
40778	28
40779	27
40780	26
40781	25
40782	24
40783	23
40784	22
40785	21
40786	21
40787	21
40788	20
40789	20
40790	19
40791	19
40792	19
40793	19
40794	19
40795	19
40796	19
40797	20
40798	20
40799	23
40800	27
40801	30
40802	34
40803	38
40804	41
40805	45
40806	50
40807	54
40808	58
40809	62
40810	66
40811	71
40812	71
40813	72
40814	73
40815	74
40816	75
40817	75
40818	74
40819	72
40820	70
40821	68
40822	67
40823	65
40824	63
40825	61
40826	59
40827	58
40828	56
40829	54
40830	52
40831	52
40832	51
40833	51
40834	50
40835	50
40836	50
40837	49
40838	49
40839	49
40840	49
40841	48
40842	48
40843	48
40844	47
40845	45
40846	44
40847	43
40848	41
40849	40
40850	39
40851	38
40852	37
40853	36
40854	35
40855	34
40856	33
40857	32
40858	31
40859	30
40860	30
40861	29
40862	28
40863	27
40864	26
40865	25
40866	24
40867	23
40868	23
40869	22
40870	21
40871	20
40872	20
40873	19
40874	18
40875	18
40876	17
40877	17
40878	16
40879	16
40880	15
40881	15
40882	15
40883	16
40884	16
40885	16
40886	17
40887	17
40888	18
40889	23
40890	28
40891	33
40892	39
40893	44
40894	49
40895	55
40896	60
40897	66
40898	71
40899	77
40900	82
40901	82
40902	81
40903	81
40904	80
40905	79
40906	79
40907	78
40908	76
40909	73
40910	71
40911	68
40912	65
40913	63
40914	62
40915	61
40916	60
40917	59
40918	58
40919	58
40920	57
40921	56
40922	56
40923	56
40924	55
40925	55
40926	55
40927	54
40928	53
40929	52
40930	51
40931	50
40932	49
40933	47
40934	46
40935	45
40936	44
40937	43
40938	42
40939	41
40940	40
40941	39
40942	38
40943	37
40944	36
40945	35
40946	34
40947	33
40948	32
40949	30
40950	29
40951	28
40952	27
40953	26
40954	25
40955	24
40956	23
40957	21
40958	20
40959	20
40960	19
40961	19
40962	18
40963	18
40964	17
40965	16
40966	15
40967	14
40968	13
40969	13
40970	12
40971	11
40972	12
40973	13
40974	14
40975	15
40976	16
40977	22
40978	29
40979	35
40980	41
40981	48
40982	54
40983	60
40984	66
40985	71
40986	77
40987	82
40988	87
40989	93
40990	91
40991	89
40992	86
40993	84
40994	82
40995	80
40996	78
40997	76
40998	74
40999	72
41000	70
41001	68
41002	66
41003	64
41004	63
41005	62
41006	60
41007	59
41008	58
41009	58
41010	57
41011	57
41012	56
41013	56
41014	56
41015	55
41016	55
41017	54
41018	54
41019	53
41020	52
41021	52
41022	51
41023	49
41024	48
41025	47
41026	46
41027	45
41028	43
41029	41
41030	39
41031	37
41032	35
41033	33
41034	31
41035	29
41036	28
41037	27
41038	25
41039	24
41040	22
41041	22
41042	22
41043	21
41044	21
41045	21
41046	21
41047	20
41048	20
41049	19
41050	18
41051	18
41052	17
41053	16
41054	15
41055	13
41056	12
41057	11
41058	9
41059	8
41060	10
41061	12
41062	15
41063	17
41064	19
41065	22
41066	24
41067	32
41068	40
41069	47
41070	55
41071	63
41072	70
41073	73
41074	77
41075	80
41076	83
41077	86
41078	89
41079	92
41080	90
41081	88
41082	86
41083	84
41084	82
41085	80
41086	78
41087	75
41088	73
41089	71
41090	68
41091	66
41092	65
41093	64
41094	63
41095	61
41096	60
41097	59
41098	58
41099	58
41100	58
41101	57
41102	57
41103	57
41104	57
41105	56
41106	56
41107	55
41108	55
41109	54
41110	54
41111	53
41112	51
41113	49
41114	47
41115	45
41116	43
41117	41
41118	39
41119	37
41120	35
41121	33
41122	31
41123	29
41124	28
41125	28
41126	27
41127	26
41128	25
41129	24
41130	24
41131	23
41132	22
41133	21
41134	20
41135	19
41136	18
41137	17
41138	16
41139	15
41140	14
41141	13
41142	12
41143	11
41144	11
41145	11
41146	11
41147	11
41148	11
41149	11
41150	17
41151	23
41152	28
41153	34
41154	40
41155	46
41156	52
41157	58
41158	64
41159	71
41160	77
41161	83
41162	90
41163	90
41164	90
41165	90
41166	90
41167	91
41168	91
41169	88
41170	86
41171	83
41172	81
41173	79
41174	76
41175	74
41176	71
41177	69
41178	67
41179	65
41180	63
41181	60
41182	60
41183	60
41184	60
41185	59
41186	59
41187	59
41188	59
41189	59
41190	59
41191	59
41192	59
41193	59
41194	59
41195	57
41196	55
41197	53
41198	52
41199	50
41200	48
41201	46
41202	45
41203	43
41204	41
41205	39
41206	37
41207	35
41208	34
41209	32
41210	31
41211	30
41212	28
41213	27
41214	26
41215	24
41216	23
41217	21
41218	20
41219	18
41220	17
41221	15
41222	13
41223	12
41224	10
41225	8
41226	7
41227	6
41228	6
41229	6
41230	5
41231	5
41232	5
41233	7
41234	9
41235	12
41236	14
41237	16
41238	19
41239	21
41240	28
41241	34
41242	41
41243	48
41244	55
41245	61
41246	64
41247	67
41248	70
41249	73
41250	76
41251	79
41252	77
41253	75
41254	73
41255	71
41256	70
41257	68
41258	66
41259	64
41260	61
41261	59
41262	56
41263	54
41264	51
41265	50
41266	50
41267	49
41268	49
41269	48
41270	47
41271	47
41272	47
41273	48
41274	48
41275	48
41276	49
41277	49
41278	48
41279	48
41280	47
41281	46
41282	46
41283	45
41284	44
41285	43
41286	42
41287	41
41288	39
41289	38
41290	37
41291	36
41292	36
41293	35
41294	34
41295	33
41296	33
41297	32
41298	32
41299	32
41300	31
41301	31
41302	31
41303	30
41304	30
41305	29
41306	29
41307	28
41308	28
41309	28
41310	28
41311	28
41312	29
41313	29
41314	30
41315	30
41316	34
41317	38
41318	43
41319	47
41320	51
41321	55
41322	60
41323	65
41324	71
41325	76
41326	82
41327	87
41328	93
41329	93
41330	92
41331	92
41332	92
41333	92
41334	92
41335	92
41336	90
41337	89
41338	87
41339	85
41340	83
41341	82
41342	80
41343	78
41344	76
41345	75
41346	73
41347	71
41348	71
41349	70
41350	70
41351	70
41352	70
41353	69
41354	69
41355	69
41356	69
41357	69
41358	69
41359	69
41360	70
41361	69
41362	68
41363	67
41364	66
41365	65
41366	64
41367	63
41368	61
41369	59
41370	58
41371	56
41372	54
41373	52
41374	51
41375	50
41376	49
41377	48
41378	47
41379	46
41380	46
41381	45
41382	45
41383	44
41384	44
41385	43
41386	43
41387	41
41388	40
41389	39
41390	38
41391	37
41392	36
41393	37
41394	37
41395	37
41396	37
41397	37
41398	38
41399	38
41400	43
41401	48
41402	53
41403	58
41404	63
41405	68
41406	72
41407	77
41408	81
41409	85
41410	89
41411	94
41412	93
41413	92
41414	92
41415	91
41416	91
41417	90
41418	90
41419	88
41420	86
41421	84
41422	82
41423	81
41424	79
41425	78
41426	76
41427	75
41428	74
41429	72
41430	71
41431	70
41432	69
41433	68
41434	68
41435	67
41436	66
41437	66
41438	66
41439	65
41440	65
41441	65
41442	65
41443	65
41444	64
41445	63
41446	63
41447	62
41448	61
41449	60
41450	59
41451	58
41452	56
41453	55
41454	53
41455	52
41456	50
41457	49
41458	48
41459	47
41460	47
41461	46
41462	45
41463	44
41464	44
41465	43
41466	42
41467	42
41468	41
41469	41
41470	40
41471	39
41472	38
41473	37
41474	36
41475	35
41476	35
41477	35
41478	34
41479	34
41480	34
41481	34
41482	33
41483	37
41484	40
41485	43
41486	46
41487	49
41488	53
41489	57
41490	62
41491	67
41492	72
41493	76
41494	81
41495	86
41496	87
41497	88
41498	89
41499	90
41500	91
41501	92
41502	91
41503	89
41504	87
41505	85
41506	84
41507	82
41508	80
41509	79
41510	77
41511	76
41512	74
41513	73
41514	72
41515	71
41516	70
41517	70
41518	69
41519	68
41520	68
41521	68
41522	68
41523	68
41524	68
41525	68
41526	68
41527	68
41528	67
41529	66
41530	66
41531	65
41532	64
41533	63
41534	61
41535	60
41536	58
41537	56
41538	55
41539	53
41540	52
41541	51
41542	50
41543	49
41544	48
41545	47
41546	46
41547	45
41548	44
41549	44
41550	43
41551	42
41552	41
41553	40
41554	39
41555	38
41556	38
41557	37
41558	36
41559	35
41560	34
41561	34
41562	33
41563	32
41564	32
41565	31
41566	33
41567	34
41568	36
41569	38
41570	39
41571	41
41572	46
41573	51
41574	56
41575	61
41576	66
41577	70
41578	75
41579	78
41580	82
41581	85
41582	88
41583	91
41584	94
41585	93
41586	92
41587	91
41588	90
41589	89
41590	88
41591	87
41592	85
41593	83
41594	81
41595	79
41596	77
41597	75
41598	74
41599	72
41600	71
41601	70
41602	68
41603	67
41604	66
41605	65
41606	64
41607	63
41608	62
41609	61
41610	60
41611	58
41612	56
41613	54
41614	52
41615	50
41616	48
41617	47
41618	45
41619	44
41620	43
41621	41
41622	40
41623	39
41624	40
41625	41
41626	42
41627	43
41628	44
41629	45
41630	46
41631	48
41632	49
41633	51
41634	52
41635	54
41636	53
41637	52
41638	51
41639	50
41640	49
41641	48
41642	47
41643	45
41644	44
41645	42
41646	40
41647	38
41648	36
41649	36
41650	35
41651	35
41652	34
41653	34
41654	33
41655	33
41656	34
41657	36
41658	38
41659	40
41660	42
41661	59
41662	64
41663	69
41664	74
41665	80
41666	85
41667	90
41668	90
41669	90
41670	90
41671	91
41672	91
41673	91
41674	91
41675	89
41676	86
41677	84
41678	81
41679	79
41680	77
41681	76
41682	74
41683	73
41684	71
41685	70
41686	68
41687	68
41688	67
41689	67
41690	66
41691	66
41692	66
41693	65
41694	64
41695	63
41696	62
41697	61
41698	60
41699	59
41700	57
41701	56
41702	55
41703	53
41704	52
41705	50
41706	49
41707	47
41708	46
41709	45
41710	43
41711	42
41712	41
41713	40
41714	39
41715	38
41716	37
41717	36
41718	35
41719	34
41720	32
41721	31
41722	30
41723	28
41724	27
41725	27
41726	26
41727	25
41728	25
41729	24
41730	23
41731	23
41732	23
41733	23
41734	23
41735	23
41736	23
41737	23
41738	25
41739	28
41740	31
41741	33
41742	36
41743	39
41744	43
41745	48
41746	53
41747	58
41748	62
41749	67
41750	72
41751	74
41752	76
41753	77
41754	79
41755	81
41756	83
41757	81
41758	79
41759	77
41760	75
41761	73
41762	71
41763	69
41764	68
41765	67
41766	66
41767	65
41768	64
41769	63
41770	64
41771	64
41772	65
41773	66
41774	66
41775	67
41776	67
41777	68
41778	68
41779	68
41780	68
41781	69
41782	69
41783	68
41784	67
41785	67
41786	66
41787	65
41788	64
41789	63
41790	62
41791	61
41792	60
41793	59
41794	58
41795	57
41796	56
41797	55
41798	54
41799	53
41800	52
41801	51
41802	50
41803	49
41804	48
41805	47
41806	46
41807	45
41808	45
41809	44
41810	44
41811	44
41812	43
41813	43
41814	43
41815	43
41816	44
41817	45
41818	46
41819	47
41820	48
41821	53
41822	58
41823	63
41824	68
41825	73
41826	78
41827	80
41828	83
41829	85
41830	87
41831	90
41832	92
41833	95
41834	94
41835	93
41836	93
41837	92
41838	91
41839	91
41840	89
41841	87
41842	86
41843	84
41844	83
41845	81
41846	80
41847	79
41848	78
41849	77
41850	76
41851	75
41852	74
41853	74
41854	74
41855	74
41856	74
41857	74
41858	74
41859	73
41860	73
41861	72
41862	71
41863	71
41864	70
41865	69
41866	68
41867	66
41868	65
41869	64
41870	62
41871	61
41872	60
41873	59
41874	58
41875	57
41876	56
41877	55
41878	54
41879	53
41880	52
41881	51
41882	50
41883	49
41884	48
41885	47
41886	47
41887	46
41888	45
41889	44
41890	43
41891	43
41892	42
41893	41
41894	41
41895	40
41896	40
41897	39
41898	40
41899	41
41900	41
41901	42
41902	43
41903	43
41904	47
41905	51
41906	54
41907	58
41908	62
41909	66
41910	69
41911	73
41912	76
41913	80
41914	83
41915	87
41916	90
41917	89
41918	88
41919	87
41920	86
41921	85
41922	84
41923	83
41924	81
41925	79
41926	78
41927	76
41928	74
41929	73
41930	72
41931	71
41932	70
41933	69
41934	69
41935	68
41936	68
41937	67
41938	67
41939	67
41940	67
41941	66
41942	66
41943	66
41944	65
41945	64
41946	63
41947	63
41948	62
41949	61
41950	60
41951	59
41952	58
41953	57
41954	56
41955	55
41956	54
41957	53
41958	53
41959	52
41960	51
41961	50
41962	49
41963	48
41964	47
41965	45
41966	44
41967	43
41968	42
41969	42
41970	41
41971	40
41972	40
41973	39
41974	38
41975	38
41976	37
41977	36
41978	35
41979	35
41980	34
41981	34
41982	34
41983	34
41984	35
41985	35
41986	35
41987	39
41988	43
41989	47
41990	51
41991	55
41992	59
41993	63
41994	67
41995	72
41996	76
41997	80
41998	85
41999	89
42000	89
42001	89
42002	89
42003	89
42004	88
42005	88
42006	88
42007	86
42008	84
42009	83
42010	81
42011	79
42012	77
42013	77
42014	76
42015	76
42016	76
42017	75
42018	75
42019	75
42020	75
42021	75
42022	75
42023	75
42024	75
42025	75
42026	74
42027	73
42028	72
42029	72
42030	71
42031	70
42032	69
42033	69
42034	68
42035	67
42036	66
42037	66
42038	65
42039	64
42040	63
42041	62
42042	61
42043	60
42044	60
42045	58
42046	56
42047	54
42048	52
42049	50
42050	48
42051	46
42052	44
42053	42
42054	40
42055	39
42056	37
42057	35
42058	33
42059	32
42060	30
42061	29
42062	27
42063	26
42064	25
42065	24
42066	24
42067	23
42068	22
42069	21
42070	21
42071	24
42072	28
42073	32
42074	36
42075	39
42076	43
42077	49
42078	56
42079	62
42080	68
42081	74
42082	80
42083	81
42084	82
42085	83
42086	84
42087	85
42088	86
42089	88
42090	86
42091	84
42092	82
42093	81
42094	79
42095	77
42096	76
42097	75
42098	74
42099	73
42100	72
42101	71
42102	70
42103	70
42104	69
42105	69
42106	68
42107	68
42108	67
42109	66
42110	65
42111	64
42112	63
42113	62
42114	62
42115	60
42116	59
42117	58
42118	56
42119	55
42120	54
42121	52
42122	50
42123	48
42124	46
42125	43
42126	41
42127	39
42128	37
42129	35
42130	33
42131	31
42132	30
42133	28
42134	26
42135	24
42136	23
42137	22
42138	21
42139	19
42140	18
42141	17
42142	16
42143	14
42144	13
42145	12
42146	11
42147	10
42148	9
42149	8
42150	7
42151	6
42152	6
42153	5
42154	7
42155	9
42156	12
42157	14
42158	17
42159	19
42160	25
42161	30
42162	36
42163	42
42164	47
42165	53
42166	59
42167	61
42168	64
42169	67
42170	69
42171	72
42172	75
42173	72
42174	70
42175	68
42176	66
42177	64
42178	62
42179	61
42180	60
42181	59
42182	58
42183	57
42184	56
42185	55
42186	56
42187	57
42188	57
42189	58
42190	59
42191	60
42192	61
42193	62
42194	62
42195	63
42196	64
42197	65
42198	65
42199	65
42200	65
42201	65
42202	65
42203	64
42204	64
42205	64
42206	64
42207	63
42208	63
42209	63
42210	63
42211	62
42212	61
42213	61
42214	60
42215	59
42216	59
42217	58
42218	55
42219	51
42220	48
42221	45
42222	42
42223	39
42224	35
42225	31
42226	28
42227	24
42228	20
42229	17
42230	13
42231	12
42232	11
42233	10
42234	9
42235	8
42236	7
42237	12
42238	18
42239	24
42240	29
42241	35
42242	40
42243	47
42244	54
42245	61
42246	68
42247	75
42248	81
42249	88
42250	89
42251	89
42252	90
42253	90
42254	91
42255	92
42256	89
42257	87
42258	84
42259	82
42260	80
42261	77
42262	75
42263	73
42264	72
42265	70
42266	68
42267	67
42268	65
42269	66
42270	66
42271	67
42272	67
42273	68
42274	68
42275	69
42276	69
42277	69
42278	70
42279	70
42280	70
42281	71
42282	69
42283	68
42284	66
42285	65
42286	64
42287	62
42288	61
42289	59
42290	57
42291	55
42292	54
42293	52
42294	50
42295	49
42296	47
42297	46
42298	45
42299	44
42300	42
42301	42
42302	41
42303	40
42304	39
42305	39
42306	38
42307	37
42308	36
42309	35
42310	34
42311	33
42312	32
42313	31
42314	31
42315	30
42316	30
42317	30
42318	29
42319	29
42320	33
42321	37
42322	41
42323	45
42324	48
42325	52
42326	56
42327	62
42328	67
42329	72
42330	78
42331	83
42332	89
42333	89
42334	90
42335	90
42336	91
42337	91
42338	92
42339	91
42340	90
42341	89
42342	87
42343	86
42344	85
42345	84
42346	83
42347	83
42348	82
42349	81
42350	80
42351	79
42352	79
42353	78
42354	78
42355	77
42356	77
42357	76
42358	76
42359	75
42360	74
42361	73
42362	72
42363	72
42364	71
42365	70
42366	68
42367	67
42368	66
42369	65
42370	64
